cycle_id,mode,actuator,total_latency_ns,processing_time_ns,lock_wait_ns,deadline_met,lateness_ns
0,benchmark,,1000,50,2100,false,500
1,benchmark,,1001,51,100,true,0
2,benchmark,,1002,52,200,true,0
3,benchmark,,1003,53,100,true,0
4,benchmark,,1004,54,0,true,0
5,benchmark,,1005,55,100,true,0
6,benchmark,,1006,56,100,true,0
7,benchmark,,1007,57,100,true,0
8,benchmark,,1008,58,100,true,0
9,benchmark,,1009,59,0,true,0
10,benchmark,,1010,60,100,true,0
11,benchmark,,1011,61,100,true,0
12,benchmark,,1012,62,100,true,0
13,benchmark,,1013,63,100,true,0
14,benchmark,,1014,64,100,true,0
15,benchmark,,1015,65,100,true,0
16,benchmark,,1016,66,100,true,0
17,benchmark,,1017,67,100,true,0
18,benchmark,,1018,68,100,true,0
19,benchmark,,1019,69,100,true,0
20,benchmark,,1020,70,100,true,0
21,benchmark,,1021,71,100,true,0
22,benchmark,,1022,72,0,true,0
23,benchmark,,1023,73,100,true,0
24,benchmark,,1024,74,100,true,0
25,benchmark,,1025,75,0,true,0
26,benchmark,,1026,76,100,true,0
27,benchmark,,1027,77,100,true,0
28,benchmark,,1028,78,100,true,0
29,benchmark,,1029,79,100,true,0
30,benchmark,,1030,80,100,true,0
31,benchmark,,1031,81,100,true,0
32,benchmark,,1032,82,100,true,0
33,benchmark,,1033,83,100,true,0
34,benchmark,,1034,84,100,true,0
35,benchmark,,1035,85,100,true,0
36,benchmark,,1036,86,100,true,0
37,benchmark,,1037,87,100,true,0
38,benchmark,,1038,88,0,true,0
39,benchmark,,1039,89,100,true,0
40,benchmark,,1040,90,100,true,0
41,benchmark,,1041,91,100,true,0
42,benchmark,,1042,92,100,true,0
43,benchmark,,1043,93,100,true,0
44,benchmark,,1044,94,100,true,0
45,benchmark,,1045,95,100,true,0
46,benchmark,,1046,96,100,true,0
47,benchmark,,1047,97,100,true,0
48,benchmark,,1048,98,100,true,0
49,benchmark,,1049,99,100,true,0
50,benchmark,,1050,100,100,true,0
51,benchmark,,1051,101,100,true,0
52,benchmark,,1052,102,0,true,0
53,benchmark,,1053,103,100,true,0
54,benchmark,,1054,104,100,true,0
55,benchmark,,1055,105,100,true,0
56,benchmark,,1056,106,0,true,0
57,benchmark,,1057,107,100,true,0
58,benchmark,,1058,108,0,true,0
59,benchmark,,1059,109,100,true,0
60,benchmark,,1060,110,100,true,0
61,benchmark,,1061,111,100,true,0
62,benchmark,,1062,112,200,true,0
63,benchmark,,1063,113,100,true,0
64,benchmark,,1064,114,0,true,0
65,benchmark,,1065,115,100,true,0
66,benchmark,,1066,116,100,true,0
67,benchmark,,1067,117,0,true,0
68,benchmark,,1068,118,100,true,0
69,benchmark,,1069,119,100,true,0
70,benchmark,,1070,120,100,true,0
71,benchmark,,1071,121,100,true,0
72,benchmark,,1072,122,100,true,0
73,benchmark,,1073,123,100,true,0
74,benchmark,,1074,124,100,true,0
75,benchmark,,1075,125,100,true,0
76,benchmark,,1076,126,100,true,0
77,benchmark,,1077,127,100,true,0
78,benchmark,,1078,128,100,true,0
79,benchmark,,1079,129,0,true,0
80,benchmark,,1080,130,100,true,0
81,benchmark,,1081,131,100,true,0
82,benchmark,,1082,132,100,true,0
83,benchmark,,1083,133,100,true,0
84,benchmark,,1084,134,100,true,0
85,benchmark,,1085,135,0,true,0
86,benchmark,,1086,136,100,true,0
87,benchmark,,1087,137,100,true,0
88,benchmark,,1088,138,100,true,0
89,benchmark,,1089,139,100,true,0
90,benchmark,,1090,140,100,true,0
91,benchmark,,1091,141,100,true,0
92,benchmark,,1092,142,100,true,0
93,benchmark,,1093,143,100,true,0
94,benchmark,,1094,144,100,true,0
95,benchmark,,1095,145,100,true,0
96,benchmark,,1096,146,100,true,0
97,benchmark,,1097,147,100,true,0
98,benchmark,,1098,148,100,true,0
3000,benchmark,Stabilizer,1000,50,1000,false,500
99,benchmark,,1099,149,500,true,0
3001,benchmark,Stabilizer,1001,51,200,true,0
100,benchmark,,1100,50,100,false,500
3002,benchmark,Stabilizer,1002,52,100,true,0
101,benchmark,,1101,51,100,true,0
3003,benchmark,Stabilizer,1003,53,400,true,0
102,benchmark,,1102,52,100,true,0
3004,benchmark,Stabilizer,1004,54,200,true,0
103,benchmark,,1103,53,200,true,0
3005,benchmark,Stabilizer,1005,55,300,true,0
104,benchmark,,1104,54,100,true,0
3006,benchmark,Stabilizer,1006,56,200,true,0
105,benchmark,,1105,55,100,true,0
3007,benchmark,Stabilizer,1007,57,2600,true,0
106,benchmark,,1106,56,200,true,0
3008,benchmark,Stabilizer,1008,58,400,true,0
107,benchmark,,1107,57,100,true,0
3009,benchmark,Stabilizer,1009,59,300,true,0
108,benchmark,,1108,58,200,true,0
3010,benchmark,Stabilizer,1010,60,400,true,0
109,benchmark,,1109,59,300,true,0
3011,benchmark,Stabilizer,1011,61,300,true,0
110,benchmark,,1110,60,200,true,0
3012,benchmark,Stabilizer,1012,62,500,true,0
111,benchmark,,1111,61,100,true,0
3013,benchmark,Stabilizer,1013,63,400,true,0
112,benchmark,,1112,62,200,true,0
3014,benchmark,Stabilizer,1014,64,500,true,0
113,benchmark,,1113,63,200,true,0
3015,benchmark,Stabilizer,1015,65,400,true,0
114,benchmark,,1114,64,200,true,0
3016,benchmark,Stabilizer,1016,66,300,true,0
115,benchmark,,1115,65,300,true,0
3017,benchmark,Stabilizer,1017,67,400,true,0
116,benchmark,,1116,66,300,true,0
3018,benchmark,Stabilizer,1018,68,400,true,0
117,benchmark,,1117,67,100,true,0
3019,benchmark,Stabilizer,1019,69,400,true,0
118,benchmark,,1118,68,100,true,0
3020,benchmark,Stabilizer,1020,70,300,true,0
119,benchmark,,1119,69,100,true,0
3021,benchmark,Stabilizer,1021,71,300,true,0
120,benchmark,,1120,70,100,true,0
3022,benchmark,Stabilizer,1022,72,400,true,0
121,benchmark,,1121,71,100,true,0
3023,benchmark,Stabilizer,1023,73,300,true,0
122,benchmark,,1122,72,100,true,0
3024,benchmark,Stabilizer,1024,74,300,true,0
123,benchmark,,1123,73,300,true,0
3025,benchmark,Stabilizer,1025,75,500,true,0
124,benchmark,,1124,74,100,true,0
3026,benchmark,Stabilizer,1026,76,300,true,0
125,benchmark,,1125,75,100,true,0
3027,benchmark,Stabilizer,1027,77,300,true,0
126,benchmark,,1126,76,100,true,0
3028,benchmark,Stabilizer,1028,78,300,true,0
127,benchmark,,1127,77,100,true,0
3029,benchmark,Stabilizer,1029,79,300,true,0
3030,benchmark,Stabilizer,1030,80,100,true,0
3031,benchmark,Stabilizer,1031,81,100,true,0
3032,benchmark,Stabilizer,1032,82,100,true,0
128,benchmark,,1128,78,400,true,0
3033,benchmark,Stabilizer,1033,83,300,true,0
129,benchmark,,1129,79,100,true,0
3034,benchmark,Stabilizer,1034,84,300,true,0
130,benchmark,,1130,80,100,true,0
3035,benchmark,Stabilizer,1035,85,200,true,0
131,benchmark,,1131,81,100,true,0
3036,benchmark,Stabilizer,1036,86,400,true,0
132,benchmark,,1132,82,2400,true,0
3037,benchmark,Stabilizer,1037,87,200,true,0
133,benchmark,,1133,83,100,true,0
3038,benchmark,Stabilizer,1038,88,400,true,0
134,benchmark,,1134,84,200,true,0
3039,benchmark,Stabilizer,1039,89,300,true,0
135,benchmark,,1135,85,100,true,0
3040,benchmark,Stabilizer,1040,90,300,true,0
136,benchmark,,1136,86,100,true,0
3041,benchmark,Stabilizer,1041,91,400,true,0
137,benchmark,,1137,87,200,true,0
3042,benchmark,Stabilizer,1042,92,300,true,0
138,benchmark,,1138,88,100,true,0
3043,benchmark,Stabilizer,1043,93,200,true,0
139,benchmark,,1139,89,100,true,0
3044,benchmark,Stabilizer,1044,94,400,true,0
140,benchmark,,1140,90,100,true,0
3045,benchmark,Stabilizer,1045,95,400,true,0
141,benchmark,,1141,91,100,true,0
3046,benchmark,Stabilizer,1046,96,200,true,0
142,benchmark,,1142,92,100,true,0
3047,benchmark,Stabilizer,1047,97,200,true,0
143,benchmark,,1143,93,100,true,0
3048,benchmark,Stabilizer,1048,98,300,true,0
144,benchmark,,1144,94,200,true,0
3049,benchmark,Stabilizer,1049,99,300,true,0
145,benchmark,,1145,95,100,true,0
3050,benchmark,Stabilizer,1050,100,200,true,0
146,benchmark,,1146,96,100,true,0
3051,benchmark,Stabilizer,1051,101,100,true,0
147,benchmark,,1147,97,100,true,0
3052,benchmark,Stabilizer,1052,102,400,true,0
148,benchmark,,1148,98,100,true,0
3053,benchmark,Stabilizer,1053,103,200,true,0
149,benchmark,,1149,99,100,true,0
3054,benchmark,Stabilizer,1054,104,200,true,0
150,benchmark,,1150,100,100,true,0
3055,benchmark,Stabilizer,1055,105,300,true,0
151,benchmark,,1151,101,100,true,0
3056,benchmark,Stabilizer,1056,106,200,true,0
152,benchmark,,1152,102,100,true,0
3057,benchmark,Stabilizer,1057,107,100,true,0
153,benchmark,,1153,103,400,true,0
3058,benchmark,Stabilizer,1058,108,100,true,0
154,benchmark,,1154,104,100,true,0
3059,benchmark,Stabilizer,1059,109,200,true,0
155,benchmark,,1155,105,200,true,0
3060,benchmark,Stabilizer,1060,110,100,true,0
156,benchmark,,1156,106,100,true,0
3061,benchmark,Stabilizer,1061,111,300,true,0
3062,benchmark,Stabilizer,1062,112,100,true,0
3063,benchmark,Stabilizer,1063,113,0,true,0
157,benchmark,,1157,107,100,true,0
3064,benchmark,Stabilizer,1064,114,200,true,0
158,benchmark,,1158,108,100,true,0
3065,benchmark,Stabilizer,1065,115,300,true,0
159,benchmark,,1159,109,100,true,0
3066,benchmark,Stabilizer,1066,116,2000,true,0
160,benchmark,,1160,110,100,true,0
3067,benchmark,Stabilizer,1067,117,200,true,0
161,benchmark,,1161,111,100,true,0
3068,benchmark,Stabilizer,1068,118,300,true,0
162,benchmark,,1162,112,200,true,0
3069,benchmark,Stabilizer,1069,119,400,true,0
163,benchmark,,1163,113,200,true,0
3070,benchmark,Stabilizer,1070,120,500,true,0
164,benchmark,,1164,114,100,true,0
3071,benchmark,Stabilizer,1071,121,400,true,0
3072,benchmark,Stabilizer,1072,122,100,true,0
165,benchmark,,1165,115,100,true,0
3073,benchmark,Stabilizer,1073,123,300,true,0
166,benchmark,,1166,116,200,true,0
3074,benchmark,Stabilizer,1074,124,400,true,0
3075,benchmark,Stabilizer,1075,125,200,true,0
167,benchmark,,1167,117,500,true,0
3076,benchmark,Stabilizer,1076,126,300,true,0
168,benchmark,,1168,118,200,true,0
3077,benchmark,Stabilizer,1077,127,400,true,0
169,benchmark,,1169,119,100,true,0
3078,benchmark,Stabilizer,1078,128,400,true,0
170,benchmark,,1170,120,200,true,0
3079,benchmark,Stabilizer,1079,129,500,true,0
171,benchmark,,1171,121,100,true,0
3080,benchmark,Stabilizer,1080,130,300,true,0
172,benchmark,,1172,122,200,true,0
3081,benchmark,Stabilizer,1081,131,400,true,0
173,benchmark,,1173,123,100,true,0
3082,benchmark,Stabilizer,1082,132,300,true,0
174,benchmark,,1174,124,100,true,0
3083,benchmark,Stabilizer,1083,133,300,true,0
175,benchmark,,1175,125,100,true,0
3084,benchmark,Stabilizer,1084,134,300,true,0
176,benchmark,,1176,126,200,true,0
3085,benchmark,Stabilizer,1085,135,300,true,0
177,benchmark,,1177,127,200,true,0
3086,benchmark,Stabilizer,1086,136,400,true,0
178,benchmark,,1178,128,200,true,0
3087,benchmark,Stabilizer,1087,137,500,true,0
179,benchmark,,1179,129,200,true,0
3088,benchmark,Stabilizer,1088,138,500,true,0
180,benchmark,,1180,130,200,true,0
3089,benchmark,Stabilizer,1089,139,400,true,0
181,benchmark,,1181,131,200,true,0
3090,benchmark,Stabilizer,1090,140,500,true,0
182,benchmark,,1182,132,100,true,0
3091,benchmark,Stabilizer,1091,141,400,true,0
183,benchmark,,1183,133,300,true,0
3092,benchmark,Stabilizer,1092,142,400,true,0
184,benchmark,,1184,134,100,true,0
3093,benchmark,Stabilizer,1093,143,300,true,0
185,benchmark,,1185,135,100,true,0
3094,benchmark,Stabilizer,1094,144,300,true,0
3095,benchmark,Stabilizer,1095,145,100,true,0
3096,benchmark,Stabilizer,1096,146,100,true,0
186,benchmark,,1186,136,2200,true,0
3097,benchmark,Stabilizer,1097,147,200,true,0
187,benchmark,,1187,137,100,true,0
3098,benchmark,Stabilizer,1098,148,100,true,0
188,benchmark,,1188,138,100,true,0
3099,benchmark,Stabilizer,1099,149,300,true,0
189,benchmark,,1189,139,100,true,0
3100,benchmark,Stabilizer,1100,50,100,false,500
190,benchmark,,1190,140,200,true,0
3101,benchmark,Stabilizer,1101,51,300,true,0
191,benchmark,,1191,141,100,true,0
3102,benchmark,Stabilizer,1102,52,100,true,0
192,benchmark,,1192,142,200,true,0
3103,benchmark,Stabilizer,1103,53,200,true,0
193,benchmark,,1193,143,100,true,0
3104,benchmark,Stabilizer,1104,54,300,true,0
194,benchmark,,1194,144,200,true,0
3105,benchmark,Stabilizer,1105,55,300,true,0
195,benchmark,,1195,145,200,true,0
3106,benchmark,Stabilizer,1106,56,400,true,0
196,benchmark,,1196,146,200,true,0
3107,benchmark,Stabilizer,1107,57,400,true,0
197,benchmark,,1197,147,100,true,0
3108,benchmark,Stabilizer,1108,58,400,true,0
198,benchmark,,1198,148,100,true,0
3109,benchmark,Stabilizer,1109,59,400,true,0
199,benchmark,,1199,149,200,true,0
3110,benchmark,Stabilizer,1110,60,300,true,0
200,benchmark,,1200,50,100,false,500
3111,benchmark,Stabilizer,1111,61,300,true,0
201,benchmark,,1201,51,100,true,0
3112,benchmark,Stabilizer,1112,62,300,true,0
202,benchmark,,1202,52,100,true,0
3113,benchmark,Stabilizer,1113,63,300,true,0
203,benchmark,,1203,53,100,true,0
3114,benchmark,Stabilizer,1114,64,300,true,0
204,benchmark,,1204,54,100,true,0
3115,benchmark,Stabilizer,1115,65,300,true,0
205,benchmark,,1205,55,200,true,0
3116,benchmark,Stabilizer,1116,66,300,true,0
206,benchmark,,1206,56,100,true,0
3117,benchmark,Stabilizer,1117,67,300,true,0
207,benchmark,,1207,57,100,true,0
3118,benchmark,Stabilizer,1118,68,300,true,0
208,benchmark,,1208,58,100,true,0
3119,benchmark,Stabilizer,1119,69,300,true,0
209,benchmark,,1209,59,100,true,0
3120,benchmark,Stabilizer,1120,70,300,true,0
210,benchmark,,1210,60,100,true,0
211,benchmark,,1211,61,100,true,0
212,benchmark,,1212,62,100,true,0
213,benchmark,,1213,63,100,true,0
3121,benchmark,Stabilizer,1121,71,100,true,0
214,benchmark,,1214,64,300,true,0
3122,benchmark,Stabilizer,1122,72,100,true,0
3123,benchmark,Stabilizer,1123,73,100,true,0
3124,benchmark,Stabilizer,1124,74,100,true,0
215,benchmark,,1215,65,2000,true,0
3125,benchmark,Stabilizer,1125,75,300,true,0
216,benchmark,,1216,66,100,true,0
3126,benchmark,Stabilizer,1126,76,300,true,0
217,benchmark,,1217,67,200,true,0
3127,benchmark,Stabilizer,1127,77,400,true,0
218,benchmark,,1218,68,100,true,0
3128,benchmark,Stabilizer,1128,78,400,true,0
219,benchmark,,1219,69,200,true,0
3129,benchmark,Stabilizer,1129,79,200,true,0
220,benchmark,,1220,70,100,true,0
3130,benchmark,Stabilizer,1130,80,300,true,0
221,benchmark,,1221,71,100,true,0
3131,benchmark,Stabilizer,1131,81,400,true,0
222,benchmark,,1222,72,100,true,0
3132,benchmark,Stabilizer,1132,82,200,true,0
223,benchmark,,1223,73,100,true,0
3133,benchmark,Stabilizer,1133,83,300,true,0
224,benchmark,,1224,74,200,true,0
3134,benchmark,Stabilizer,1134,84,400,true,0
225,benchmark,,1225,75,200,true,0
3135,benchmark,Stabilizer,1135,85,400,true,0
226,benchmark,,1226,76,200,true,0
3136,benchmark,Stabilizer,1136,86,300,true,0
227,benchmark,,1227,77,100,true,0
3137,benchmark,Stabilizer,1137,87,300,true,0
228,benchmark,,1228,78,100,true,0
3138,benchmark,Stabilizer,1138,88,300,true,0
229,benchmark,,1229,79,100,true,0
3139,benchmark,Stabilizer,1139,89,300,true,0
230,benchmark,,1230,80,200,true,0
3140,benchmark,Stabilizer,1140,90,500,true,0
231,benchmark,,1231,81,200,true,0
3141,benchmark,Stabilizer,1141,91,200,true,0
232,benchmark,,1232,82,100,true,0
3142,benchmark,Stabilizer,1142,92,400,true,0
233,benchmark,,1233,83,200,true,0
3143,benchmark,Stabilizer,1143,93,300,true,0
234,benchmark,,1234,84,100,true,0
3144,benchmark,Stabilizer,1144,94,400,true,0
235,benchmark,,1235,85,100,true,0
3145,benchmark,Stabilizer,1145,95,300,true,0
236,benchmark,,1236,86,200,true,0
3146,benchmark,Stabilizer,1146,96,400,true,0
237,benchmark,,1237,87,100,true,0
3147,benchmark,Stabilizer,1147,97,400,true,0
238,benchmark,,1238,88,100,true,0
3148,benchmark,Stabilizer,1148,98,400,true,0
239,benchmark,,1239,89,100,true,0
3149,benchmark,Stabilizer,1149,99,400,true,0
240,benchmark,,1240,90,100,true,0
241,benchmark,,1241,91,100,true,0
3150,benchmark,Stabilizer,1150,100,300,true,0
242,benchmark,,1242,92,100,true,0
3151,benchmark,Stabilizer,1151,101,200,true,0
243,benchmark,,1243,93,200,true,0
3152,benchmark,Stabilizer,1152,102,300,true,0
244,benchmark,,1244,94,1500,true,0
3153,benchmark,Stabilizer,1153,103,200,true,0
245,benchmark,,1245,95,200,true,0
3154,benchmark,Stabilizer,1154,104,200,true,0
246,benchmark,,1246,96,100,true,0
3155,benchmark,Stabilizer,1155,105,300,true,0
247,benchmark,,1247,97,100,true,0
3156,benchmark,Stabilizer,1156,106,200,true,0
248,benchmark,,1248,98,200,true,0
3157,benchmark,Stabilizer,1157,107,400,true,0
249,benchmark,,1249,99,100,true,0
3158,benchmark,Stabilizer,1158,108,300,true,0
250,benchmark,,1250,100,100,true,0
3159,benchmark,Stabilizer,1159,109,200,true,0
251,benchmark,,1251,101,100,true,0
3160,benchmark,Stabilizer,1160,110,300,true,0
252,benchmark,,1252,102,100,true,0
3161,benchmark,Stabilizer,1161,111,400,true,0
253,benchmark,,1253,103,200,true,0
3162,benchmark,Stabilizer,1162,112,500,true,0
254,benchmark,,1254,104,200,true,0
3163,benchmark,Stabilizer,1163,113,500,true,0
255,benchmark,,1255,105,100,true,0
3164,benchmark,Stabilizer,1164,114,300,true,0
256,benchmark,,1256,106,100,true,0
3165,benchmark,Stabilizer,1165,115,300,true,0
257,benchmark,,1257,107,100,true,0
3166,benchmark,Stabilizer,1166,116,300,true,0
258,benchmark,,1258,108,200,true,0
3167,benchmark,Stabilizer,1167,117,300,true,0
259,benchmark,,1259,109,100,true,0
3168,benchmark,Stabilizer,1168,118,400,true,0
260,benchmark,,1260,110,100,true,0
3169,benchmark,Stabilizer,1169,119,400,true,0
261,benchmark,,1261,111,100,true,0
3170,benchmark,Stabilizer,1170,120,400,true,0
262,benchmark,,1262,112,100,true,0
3171,benchmark,Stabilizer,1171,121,300,true,0
263,benchmark,,1263,113,200,true,0
3172,benchmark,Stabilizer,1172,122,300,true,0
264,benchmark,,1264,114,100,true,0
3173,benchmark,Stabilizer,1173,123,300,true,0
265,benchmark,,1265,115,100,true,0
3174,benchmark,Stabilizer,1174,124,300,true,0
266,benchmark,,1266,116,100,true,0
3175,benchmark,Stabilizer,1175,125,400,true,0
267,benchmark,,1267,117,100,true,0
3176,benchmark,Stabilizer,1176,126,300,true,0
268,benchmark,,1268,118,100,true,0
3177,benchmark,Stabilizer,1177,127,300,true,0
269,benchmark,,1269,119,100,true,0
3178,benchmark,Stabilizer,1178,128,400,true,0
270,benchmark,,1270,120,100,true,0
271,benchmark,,1271,121,0,true,0
3179,benchmark,Stabilizer,1179,129,100,true,0
272,benchmark,,1272,122,300,true,0
3180,benchmark,Stabilizer,1180,130,100,true,0
273,benchmark,,1273,123,1600,true,0
3181,benchmark,Stabilizer,1181,131,200,true,0
274,benchmark,,1274,124,100,true,0
3182,benchmark,Stabilizer,1182,132,200,true,0
275,benchmark,,1275,125,200,true,0
3183,benchmark,Stabilizer,1183,133,400,true,0
3184,benchmark,Stabilizer,1184,134,100,true,0
3185,benchmark,Stabilizer,1185,135,100,true,0
3186,benchmark,Stabilizer,1186,136,100,true,0
3187,benchmark,Stabilizer,1187,137,100,true,0
3188,benchmark,Stabilizer,1188,138,0,true,0
3189,benchmark,Stabilizer,1189,139,0,true,0
3190,benchmark,Stabilizer,1190,140,0,true,0
3191,benchmark,Stabilizer,1191,141,0,true,0
3192,benchmark,Stabilizer,1192,142,0,true,0
3193,benchmark,Stabilizer,1193,143,0,true,0
3194,benchmark,Stabilizer,1194,144,0,true,0
3195,benchmark,Stabilizer,1195,145,0,true,0
3196,benchmark,Stabilizer,1196,146,100,true,0
3197,benchmark,Stabilizer,1197,147,100,true,0
3198,benchmark,Stabilizer,1198,148,0,true,0
3199,benchmark,Stabilizer,1199,149,100,true,0
3200,benchmark,Stabilizer,1200,50,100,false,500
276,benchmark,,1276,126,100,true,0
3201,benchmark,Stabilizer,1201,51,300,true,0
277,benchmark,,1277,127,200,true,0
3202,benchmark,Stabilizer,1202,52,600,true,0
278,benchmark,,1278,128,200,true,0
3203,benchmark,Stabilizer,1203,53,400,true,0
279,benchmark,,1279,129,200,true,0
3204,benchmark,Stabilizer,1204,54,400,true,0
280,benchmark,,1280,130,300,true,0
3205,benchmark,Stabilizer,1205,55,400,true,0
281,benchmark,,1281,131,200,true,0
3206,benchmark,Stabilizer,1206,56,500,true,0
282,benchmark,,1282,132,100,true,0
3207,benchmark,Stabilizer,1207,57,300,true,0
283,benchmark,,1283,133,100,true,0
284,benchmark,,1284,134,0,true,0
3208,benchmark,Stabilizer,1208,58,100,true,0
285,benchmark,,1285,135,200,true,0
3209,benchmark,Stabilizer,1209,59,500,true,0
286,benchmark,,1286,136,100,true,0
3210,benchmark,Stabilizer,1210,60,200,true,0
287,benchmark,,1287,137,100,true,0
3211,benchmark,Stabilizer,1211,61,300,true,0
288,benchmark,,1288,138,100,true,0
3212,benchmark,Stabilizer,1212,62,400,true,0
289,benchmark,,1289,139,200,true,0
3213,benchmark,Stabilizer,1213,63,400,true,0
290,benchmark,,1290,140,100,true,0
3214,benchmark,Stabilizer,1214,64,300,true,0
291,benchmark,,1291,141,100,true,0
3215,benchmark,Stabilizer,1215,65,400,true,0
292,benchmark,,1292,142,200,true,0
3216,benchmark,Stabilizer,1216,66,400,true,0
293,benchmark,,1293,143,200,true,0
3217,benchmark,Stabilizer,1217,67,2400,true,0
294,benchmark,,1294,144,100,true,0
3218,benchmark,Stabilizer,1218,68,300,true,0
295,benchmark,,1295,145,100,true,0
3219,benchmark,Stabilizer,1219,69,400,true,0
296,benchmark,,1296,146,200,true,0
3220,benchmark,Stabilizer,1220,70,400,true,0
297,benchmark,,1297,147,100,true,0
3221,benchmark,Stabilizer,1221,71,300,true,0
298,benchmark,,1298,148,200,true,0
3222,benchmark,Stabilizer,1222,72,400,true,0
299,benchmark,,1299,149,100,true,0
3223,benchmark,Stabilizer,1223,73,300,true,0
300,benchmark,,1300,50,200,false,500
3224,benchmark,Stabilizer,1224,74,500,true,0
301,benchmark,,1301,51,100,true,0
3225,benchmark,Stabilizer,1225,75,400,true,0
302,benchmark,,1302,52,200,true,0
3226,benchmark,Stabilizer,1226,76,300,true,0
303,benchmark,,1303,53,200,true,0
3227,benchmark,Stabilizer,1227,77,300,true,0
304,benchmark,,1304,54,100,true,0
3228,benchmark,Stabilizer,1228,78,300,true,0
305,benchmark,,1305,55,100,true,0
3229,benchmark,Stabilizer,1229,79,300,true,0
306,benchmark,,1306,56,100,true,0
3230,benchmark,Stabilizer,1230,80,300,true,0
307,benchmark,,1307,57,100,true,0
3231,benchmark,Stabilizer,1231,81,400,true,0
308,benchmark,,1308,58,100,true,0
3232,benchmark,Stabilizer,1232,82,300,true,0
309,benchmark,,1309,59,100,true,0
3233,benchmark,Stabilizer,1233,83,300,true,0
310,benchmark,,1310,60,100,true,0
3234,benchmark,Stabilizer,1234,84,300,true,0
311,benchmark,,1311,61,100,true,0
3235,benchmark,Stabilizer,1235,85,300,true,0
312,benchmark,,1312,62,100,true,0
3236,benchmark,Stabilizer,1236,86,300,true,0
313,benchmark,,1313,63,200,true,0
314,benchmark,,1314,64,100,true,0
315,benchmark,,1315,65,100,true,0
316,benchmark,,1316,66,0,true,0
317,benchmark,,1317,67,100,true,0
318,benchmark,,1318,68,100,true,0
319,benchmark,,1319,69,100,true,0
3237,benchmark,Stabilizer,1237,87,100,true,0
320,benchmark,,1320,70,100,true,0
3238,benchmark,Stabilizer,1238,88,100,true,0
321,benchmark,,1321,71,200,true,0
3239,benchmark,Stabilizer,1239,89,200,true,0
322,benchmark,,1322,72,200,true,0
3240,benchmark,Stabilizer,1240,90,300,true,0
323,benchmark,,1323,73,100,true,0
3241,benchmark,Stabilizer,1241,91,300,true,0
324,benchmark,,1324,74,200,true,0
3242,benchmark,Stabilizer,1242,92,300,true,0
325,benchmark,,1325,75,1600,true,0
3243,benchmark,Stabilizer,1243,93,200,true,0
326,benchmark,,1326,76,100,true,0
3244,benchmark,Stabilizer,1244,94,400,true,0
327,benchmark,,1327,77,100,true,0
3245,benchmark,Stabilizer,1245,95,200,true,0
328,benchmark,,1328,78,100,true,0
3246,benchmark,Stabilizer,1246,96,200,true,0
329,benchmark,,1329,79,100,true,0
3247,benchmark,Stabilizer,1247,97,300,true,0
330,benchmark,,1330,80,100,true,0
3248,benchmark,Stabilizer,1248,98,400,true,0
331,benchmark,,1331,81,100,true,0
3249,benchmark,Stabilizer,1249,99,300,true,0
332,benchmark,,1332,82,100,true,0
3250,benchmark,Stabilizer,1250,100,400,true,0
333,benchmark,,1333,83,100,true,0
3251,benchmark,Stabilizer,1251,101,400,true,0
334,benchmark,,1334,84,100,true,0
3252,benchmark,Stabilizer,1252,102,300,true,0
335,benchmark,,1335,85,200,true,0
3253,benchmark,Stabilizer,1253,103,400,true,0
336,benchmark,,1336,86,100,true,0
3254,benchmark,Stabilizer,1254,104,400,true,0
3255,benchmark,Stabilizer,1255,105,100,true,0
3256,benchmark,Stabilizer,1256,106,100,true,0
3257,benchmark,Stabilizer,1257,107,100,true,0
3258,benchmark,Stabilizer,1258,108,100,true,0
337,benchmark,,1337,87,200,true,0
3259,benchmark,Stabilizer,1259,109,200,true,0
338,benchmark,,1338,88,100,true,0
3260,benchmark,Stabilizer,1260,110,400,true,0
339,benchmark,,1339,89,100,true,0
3261,benchmark,Stabilizer,1261,111,400,true,0
340,benchmark,,1340,90,100,true,0
3262,benchmark,Stabilizer,1262,112,300,true,0
341,benchmark,,1341,91,200,true,0
3263,benchmark,Stabilizer,1263,113,300,true,0
342,benchmark,,1342,92,200,true,0
3264,benchmark,Stabilizer,1264,114,400,true,0
343,benchmark,,1343,93,200,true,0
3265,benchmark,Stabilizer,1265,115,300,true,0
344,benchmark,,1344,94,200,true,0
3266,benchmark,Stabilizer,1266,116,200,true,0
345,benchmark,,1345,95,100,true,0
1000,benchmark,Gripper,1000,50,800,false,500
3267,benchmark,Stabilizer,1267,117,1000,true,0
346,benchmark,,1346,96,700,true,0
1001,benchmark,Gripper,1001,51,100,true,0
3268,benchmark,Stabilizer,1268,118,300,true,0
1002,benchmark,Gripper,1002,52,100,true,0
347,benchmark,,1347,97,400,true,0
1003,benchmark,Gripper,1003,53,300,true,0
3269,benchmark,Stabilizer,1269,119,700,true,0
348,benchmark,,1348,98,200,true,0
1004,benchmark,Gripper,1004,54,300,true,0
3270,benchmark,Stabilizer,1270,120,400,true,0
1005,benchmark,Gripper,1005,55,1900,true,0
349,benchmark,,1349,99,2400,true,0
1006,benchmark,Gripper,1006,56,400,true,0
3271,benchmark,Stabilizer,1271,121,900,true,0
350,benchmark,,1350,100,300,true,0
1007,benchmark,Gripper,1007,57,300,true,0
3272,benchmark,Stabilizer,1272,122,300,true,0
1008,benchmark,Gripper,1008,58,200,true,0
351,benchmark,,1351,101,500,true,0
1009,benchmark,Gripper,1009,59,200,true,0
3273,benchmark,Stabilizer,1273,123,600,true,0
1010,benchmark,Gripper,1010,60,100,true,0
352,benchmark,,1352,102,300,true,0
1011,benchmark,Gripper,1011,61,200,true,0
3274,benchmark,Stabilizer,1274,124,600,true,0
353,benchmark,,1353,103,200,true,0
1012,benchmark,Gripper,1012,62,500,true,0
3275,benchmark,Stabilizer,1275,125,600,true,0
1013,benchmark,Gripper,1013,63,100,true,0
354,benchmark,,1354,104,400,true,0
3276,benchmark,Stabilizer,1276,126,400,true,0
1014,benchmark,Gripper,1014,64,500,true,0
355,benchmark,,1355,105,100,true,0
3277,benchmark,Stabilizer,1277,127,400,true,0
1015,benchmark,Gripper,1015,65,600,true,0
356,benchmark,,1356,106,100,true,0
1016,benchmark,Gripper,1016,66,300,true,0
3278,benchmark,Stabilizer,1278,128,600,true,0
357,benchmark,,1357,107,200,true,0
3279,benchmark,Stabilizer,1279,129,100,true,0
1017,benchmark,Gripper,1017,67,900,true,0
358,benchmark,,1358,108,200,true,0
1018,benchmark,Gripper,1018,68,200,true,0
3280,benchmark,Stabilizer,1280,130,700,true,0
359,benchmark,,1359,109,400,true,0
1019,benchmark,Gripper,1019,69,500,true,0
3281,benchmark,Stabilizer,1281,131,300,true,0
1020,benchmark,Gripper,1020,70,200,true,0
360,benchmark,,1360,110,700,true,0
3282,benchmark,Stabilizer,1282,132,500,true,0
1021,benchmark,Gripper,1021,71,500,true,0
361,benchmark,,1361,111,200,true,0
1022,benchmark,Gripper,1022,72,300,true,0
3283,benchmark,Stabilizer,1283,133,600,true,0
362,benchmark,,1362,112,300,true,0
3284,benchmark,Stabilizer,1284,134,200,true,0
1023,benchmark,Gripper,1023,73,800,true,0
363,benchmark,,1363,113,300,true,0
1024,benchmark,Gripper,1024,74,200,true,0
3285,benchmark,Stabilizer,1285,135,600,true,0
1025,benchmark,Gripper,1025,75,300,true,0
364,benchmark,,1364,114,800,true,0
3286,benchmark,Stabilizer,1286,136,500,true,0
1026,benchmark,Gripper,1026,76,400,true,0
365,benchmark,,1365,115,200,true,0
3287,benchmark,Stabilizer,1287,137,400,true,0
366,benchmark,,1366,116,1400,true,0
1027,benchmark,Gripper,1027,77,2600,true,0
3288,benchmark,Stabilizer,1288,138,600,true,0
367,benchmark,,1367,117,600,true,0
3289,benchmark,Stabilizer,1289,139,200,true,0
3290,benchmark,Stabilizer,1290,140,100,true,0
1028,benchmark,Gripper,1028,78,1600,true,0
368,benchmark,,1368,118,100,true,0
3291,benchmark,Stabilizer,1291,141,1200,true,0
369,benchmark,,1369,119,900,true,0
3292,benchmark,Stabilizer,1292,142,700,true,0
370,benchmark,,1370,120,500,true,0
1029,benchmark,Gripper,1029,79,2800,true,0
1030,benchmark,Gripper,1030,80,100,true,0
1031,benchmark,Gripper,1031,81,100,true,0
3293,benchmark,Stabilizer,1293,143,200,true,0
3294,benchmark,Stabilizer,1294,144,100,true,0
1032,benchmark,Gripper,1032,82,100,true,0
3295,benchmark,Stabilizer,1295,145,200,true,0
1033,benchmark,Gripper,1033,83,100,true,0
3296,benchmark,Stabilizer,1296,146,200,true,0
371,benchmark,,1371,121,100,true,0
3297,benchmark,Stabilizer,1297,147,200,true,0
1034,benchmark,Gripper,1034,84,1200,true,0
3298,benchmark,Stabilizer,1298,148,200,true,0
1035,benchmark,Gripper,1035,85,300,true,0
372,benchmark,,1372,122,1300,true,0
3299,benchmark,Stabilizer,1299,149,300,true,0
1036,benchmark,Gripper,1036,86,800,true,0
373,benchmark,,1373,123,100,true,0
1037,benchmark,Gripper,1037,87,100,true,0
374,benchmark,,1374,124,100,true,0
1038,benchmark,Gripper,1038,88,300,true,0
375,benchmark,,1375,125,100,true,0
1039,benchmark,Gripper,1039,89,500,true,0
3300,benchmark,Stabilizer,1300,50,800,false,500
1040,benchmark,Gripper,1040,90,200,true,0
3301,benchmark,Stabilizer,1301,51,200,true,0
1041,benchmark,Gripper,1041,91,200,true,0
3302,benchmark,Stabilizer,1302,52,300,true,0
1042,benchmark,Gripper,1042,92,200,true,0
3303,benchmark,Stabilizer,1303,53,300,true,0
1043,benchmark,Gripper,1043,93,400,true,0
376,benchmark,,1376,126,2900,true,0
3304,benchmark,Stabilizer,1304,54,800,true,0
1044,benchmark,Gripper,1044,94,700,true,0
377,benchmark,,1377,127,200,true,0
1045,benchmark,Gripper,1045,95,300,true,0
3305,benchmark,Stabilizer,1305,55,900,true,0
1046,benchmark,Gripper,1046,96,200,true,0
378,benchmark,,1378,128,800,true,0
3306,benchmark,Stabilizer,1306,56,1300,true,0
379,benchmark,,1379,129,200,true,0
1047,benchmark,Gripper,1047,97,1600,true,0
3307,benchmark,Stabilizer,1307,57,200,true,0
380,benchmark,,1380,130,300,true,0
1048,benchmark,Gripper,1048,98,500,true,0
381,benchmark,,1381,131,2400,true,0
1049,benchmark,Gripper,1049,99,300,true,0
3308,benchmark,Stabilizer,1308,58,3500,true,0
382,benchmark,,1382,132,500,true,0
3309,benchmark,Stabilizer,1309,59,900,true,0
383,benchmark,,1383,133,100,true,0
1050,benchmark,Gripper,1050,100,1800,true,0
384,benchmark,,1384,134,200,true,0
3310,benchmark,Stabilizer,1310,60,700,true,0
1051,benchmark,Gripper,1051,101,100,true,0
3311,benchmark,Stabilizer,1311,61,100,true,0
1052,benchmark,Gripper,1052,102,200,true,0
385,benchmark,,1385,135,1000,true,0
1053,benchmark,Gripper,1053,103,600,true,0
386,benchmark,,1386,136,100,true,0
3312,benchmark,Stabilizer,1312,62,1700,true,0
387,benchmark,,1387,137,100,true,0
1054,benchmark,Gripper,1054,104,700,true,0
388,benchmark,,1388,138,100,true,0
3313,benchmark,Stabilizer,1313,63,200,true,0
389,benchmark,,1389,139,300,true,0
3314,benchmark,Stabilizer,1314,64,400,true,0
1055,benchmark,Gripper,1055,105,1400,true,0
3315,benchmark,Stabilizer,1315,65,300,true,0
3316,benchmark,Stabilizer,1316,66,100,true,0
390,benchmark,,1390,140,1500,true,0
1056,benchmark,Gripper,1056,106,1200,true,0
391,benchmark,,1391,141,200,true,0
3317,benchmark,Stabilizer,1317,67,1600,true,0
392,benchmark,,1392,142,100,true,0
1057,benchmark,Gripper,1057,107,600,true,0
393,benchmark,,1393,143,300,true,0
3318,benchmark,Stabilizer,1318,68,600,true,0
394,benchmark,,1394,144,100,true,0
1058,benchmark,Gripper,1058,108,600,true,0
395,benchmark,,1395,145,300,true,0
1059,benchmark,Gripper,1059,109,200,true,0
3319,benchmark,Stabilizer,1319,69,1100,true,0
1060,benchmark,Gripper,1060,110,200,true,0
1061,benchmark,Gripper,1061,111,100,true,0
396,benchmark,,1396,146,1100,true,0
1062,benchmark,Gripper,1062,112,500,true,0
397,benchmark,,1397,147,300,true,0
3320,benchmark,Stabilizer,1320,70,1400,true,0
398,benchmark,,1398,148,100,true,0
1063,benchmark,Gripper,1063,113,800,true,0
399,benchmark,,1399,149,200,true,0
3321,benchmark,Stabilizer,1321,71,700,true,0
400,benchmark,,1400,50,100,false,500
1064,benchmark,Gripper,1064,114,700,true,0
401,benchmark,,1401,51,100,true,0
1065,benchmark,Gripper,1065,115,400,true,0
402,benchmark,,1402,52,200,true,0
1066,benchmark,Gripper,1066,116,200,true,0
3322,benchmark,Stabilizer,1322,72,2100,true,0
1067,benchmark,Gripper,1067,117,600,true,0
1068,benchmark,Gripper,1068,118,200,true,0
403,benchmark,,1403,53,3500,true,0
3323,benchmark,Stabilizer,1323,73,3800,true,0
404,benchmark,,1404,54,200,true,0
1069,benchmark,Gripper,1069,119,1500,true,0
405,benchmark,,1405,55,200,true,0
1070,benchmark,Gripper,1070,120,300,true,0
406,benchmark,,1406,56,300,true,0
1071,benchmark,Gripper,1071,121,700,true,0
1072,benchmark,Gripper,1072,122,200,true,0
3324,benchmark,Stabilizer,1324,74,3500,true,0
1073,benchmark,Gripper,1073,123,800,true,0
3325,benchmark,Stabilizer,1325,75,300,true,0
407,benchmark,,1407,57,3300,true,0
3326,benchmark,Stabilizer,1326,76,1000,true,0
408,benchmark,,1408,58,100,true,0
1074,benchmark,Gripper,1074,124,1400,true,0
409,benchmark,,1409,59,100,true,0
3327,benchmark,Stabilizer,1327,77,600,true,0
410,benchmark,,1410,60,200,true,0
3328,benchmark,Stabilizer,1328,78,300,true,0
1075,benchmark,Gripper,1075,125,1100,true,0
3329,benchmark,Stabilizer,1329,79,400,true,0
3330,benchmark,Stabilizer,1330,80,200,true,0
411,benchmark,,1411,61,1500,true,0
3331,benchmark,Stabilizer,1331,81,300,true,0
1076,benchmark,Gripper,1076,126,1500,true,0
412,benchmark,,1412,62,300,true,0
3332,benchmark,Stabilizer,1332,82,600,true,0
1077,benchmark,Gripper,1077,127,100,true,0
3333,benchmark,Stabilizer,1333,83,300,true,0
1078,benchmark,Gripper,1078,128,300,true,0
413,benchmark,,1413,63,900,true,0
3334,benchmark,Stabilizer,1334,84,500,true,0
1079,benchmark,Gripper,1079,129,500,true,0
3335,benchmark,Stabilizer,1335,85,200,true,0
414,benchmark,,1414,64,700,true,0
3336,benchmark,Stabilizer,1336,86,400,true,0
415,benchmark,,1415,65,100,true,0
3337,benchmark,Stabilizer,1337,87,300,true,0
1080,benchmark,Gripper,1080,130,2400,true,0
416,benchmark,,1416,66,1700,true,0
1081,benchmark,Gripper,1081,131,200,true,0
3338,benchmark,Stabilizer,1338,88,1200,true,0
1082,benchmark,Gripper,1082,132,800,true,0
1083,benchmark,Gripper,1083,133,100,true,0
417,benchmark,,1417,67,1500,true,0
3339,benchmark,Stabilizer,1339,89,1800,true,0
418,benchmark,,1418,68,700,true,0
1084,benchmark,Gripper,1084,134,2100,true,0
3340,benchmark,Stabilizer,1340,90,800,true,0
419,benchmark,,1419,69,1000,true,0
3341,benchmark,Stabilizer,1341,91,500,true,0
1085,benchmark,Gripper,1085,135,2200,true,0
420,benchmark,,1420,70,1100,true,0
1086,benchmark,Gripper,1086,136,100,true,0
421,benchmark,,1421,71,200,true,0
1087,benchmark,Gripper,1087,137,400,true,0
3342,benchmark,Stabilizer,1342,92,1300,true,0
422,benchmark,,1422,72,2400,true,0
3343,benchmark,Stabilizer,1343,93,500,true,0
423,benchmark,,1423,73,200,true,0
1088,benchmark,Gripper,1088,138,1600,true,0
424,benchmark,,1424,74,1000,true,0
1089,benchmark,Gripper,1089,139,800,true,0
425,benchmark,,1425,75,100,true,0
3344,benchmark,Stabilizer,1344,94,2100,true,0
426,benchmark,,1426,76,500,true,0
1090,benchmark,Gripper,1090,140,900,true,0
427,benchmark,,1427,77,200,true,0
3345,benchmark,Stabilizer,1345,95,600,true,0
428,benchmark,,1428,78,200,true,0
3346,benchmark,Stabilizer,1346,96,300,true,0
1091,benchmark,Gripper,1091,141,1000,true,0
3347,benchmark,Stabilizer,1347,97,300,true,0
429,benchmark,,1429,79,700,true,0
3348,benchmark,Stabilizer,1348,98,300,true,0
1092,benchmark,Gripper,1092,142,400,true,0
430,benchmark,,1430,80,500,true,0
3349,benchmark,Stabilizer,1349,99,700,true,0
431,benchmark,,1431,81,200,true,0
3350,benchmark,Stabilizer,1350,100,500,true,0
432,benchmark,,1432,82,200,true,0
3351,benchmark,Stabilizer,1351,101,500,true,0
433,benchmark,,1433,83,100,true,0
3352,benchmark,Stabilizer,1352,102,400,true,0
434,benchmark,,1434,84,100,true,0
3353,benchmark,Stabilizer,1353,103,300,true,0
435,benchmark,,1435,85,100,true,0
1093,benchmark,Gripper,1093,143,1100,true,0
3354,benchmark,Stabilizer,1354,104,600,true,0
436,benchmark,,1436,86,400,true,0
3355,benchmark,Stabilizer,1355,105,300,true,0
1094,benchmark,Gripper,1094,144,700,true,0
3356,benchmark,Stabilizer,1356,106,300,true,0
437,benchmark,,1437,87,700,true,0
1095,benchmark,Gripper,1095,145,600,true,0
3357,benchmark,Stabilizer,1357,107,700,true,0
1096,benchmark,Gripper,1096,146,200,true,0
438,benchmark,,1438,88,800,true,0
3358,benchmark,Stabilizer,1358,108,600,true,0
1097,benchmark,Gripper,1097,147,500,true,0
439,benchmark,,1439,89,400,true,0
1098,benchmark,Gripper,1098,148,300,true,0
440,benchmark,,1440,90,500,true,0
1099,benchmark,Gripper,1099,149,500,true,0
3359,benchmark,Stabilizer,1359,109,2300,true,0
1100,benchmark,Gripper,1100,50,800,false,500
1101,benchmark,Gripper,1101,51,100,true,0
3360,benchmark,Stabilizer,1360,110,900,true,0
441,benchmark,,1441,91,2800,true,0
1102,benchmark,Gripper,1102,52,1200,true,0
442,benchmark,,1442,92,1100,true,0
1103,benchmark,Gripper,1103,53,500,true,0
443,benchmark,,1443,93,300,true,0
444,benchmark,,1444,94,200,true,0
445,benchmark,,1445,95,100,true,0
446,benchmark,,1446,96,200,true,0
447,benchmark,,1447,97,100,true,0
448,benchmark,,1448,98,100,true,0
449,benchmark,,1449,99,100,true,0
450,benchmark,,1450,100,100,true,0
451,benchmark,,1451,101,100,true,0
3361,benchmark,Stabilizer,1361,111,26000,true,0
3362,benchmark,Stabilizer,1362,112,200,true,0
3363,benchmark,Stabilizer,1363,113,100,true,0
3364,benchmark,Stabilizer,1364,114,100,true,0
3365,benchmark,Stabilizer,1365,115,100,true,0
3366,benchmark,Stabilizer,1366,116,100,true,0
3367,benchmark,Stabilizer,1367,117,100,true,0
3368,benchmark,Stabilizer,1368,118,100,true,0
3369,benchmark,Stabilizer,1369,119,100,true,0
3370,benchmark,Stabilizer,1370,120,100,true,0
1104,benchmark,Gripper,1104,54,32500,true,0
1105,benchmark,Gripper,1105,55,100,true,0
1106,benchmark,Gripper,1106,56,100,true,0
1107,benchmark,Gripper,1107,57,100,true,0
2000,benchmark,Motor,1000,50,600,false,500
1108,benchmark,Gripper,1108,58,400,true,0
1109,benchmark,Gripper,1109,59,100,true,0
2001,benchmark,Motor,1001,51,400,true,0
1110,benchmark,Gripper,1110,60,300,true,0
2002,benchmark,Motor,1002,52,200,true,0
1111,benchmark,Gripper,1111,61,100,true,0
2003,benchmark,Motor,1003,53,200,true,0
1112,benchmark,Gripper,1112,62,100,true,0
2004,benchmark,Motor,1004,54,200,true,0
1113,benchmark,Gripper,1113,63,200,true,0
2005,benchmark,Motor,1005,55,200,true,0
1114,benchmark,Gripper,1114,64,200,true,0
2006,benchmark,Motor,1006,56,100,true,0
1115,benchmark,Gripper,1115,65,100,true,0
2007,benchmark,Motor,1007,57,200,true,0
1116,benchmark,Gripper,1116,66,100,true,0
2008,benchmark,Motor,1008,58,100,true,0
1117,benchmark,Gripper,1117,67,200,true,0
2009,benchmark,Motor,1009,59,300,true,0
1118,benchmark,Gripper,1118,68,100,true,0
2010,benchmark,Motor,1010,60,100,true,0
1119,benchmark,Gripper,1119,69,100,true,0
2011,benchmark,Motor,1011,61,100,true,0
1120,benchmark,Gripper,1120,70,100,true,0
2012,benchmark,Motor,1012,62,200,true,0
2013,benchmark,Motor,1013,63,100,true,0
2014,benchmark,Motor,1014,64,100,true,0
1121,benchmark,Gripper,1121,71,200,true,0
2015,benchmark,Motor,1015,65,400,true,0
1122,benchmark,Gripper,1122,72,100,true,0
2016,benchmark,Motor,1016,66,200,true,0
1123,benchmark,Gripper,1123,73,100,true,0
2017,benchmark,Motor,1017,67,300,true,0
1124,benchmark,Gripper,1124,74,300,true,0
2018,benchmark,Motor,1018,68,800,true,0
1125,benchmark,Gripper,1125,75,300,true,0
2019,benchmark,Motor,1019,69,200,true,0
1126,benchmark,Gripper,1126,76,200,true,0
2020,benchmark,Motor,1020,70,200,true,0
1127,benchmark,Gripper,1127,77,100,true,0
2021,benchmark,Motor,1021,71,100,true,0
1128,benchmark,Gripper,1128,78,100,true,0
2022,benchmark,Motor,1022,72,100,true,0
1129,benchmark,Gripper,1129,79,200,true,0
2023,benchmark,Motor,1023,73,200,true,0
1130,benchmark,Gripper,1130,80,200,true,0
2024,benchmark,Motor,1024,74,100,true,0
1131,benchmark,Gripper,1131,81,200,true,0
2025,benchmark,Motor,1025,75,300,true,0
1132,benchmark,Gripper,1132,82,300,true,0
2026,benchmark,Motor,1026,76,300,true,0
1133,benchmark,Gripper,1133,83,300,true,0
2027,benchmark,Motor,1027,77,300,true,0
1134,benchmark,Gripper,1134,84,200,true,0
2028,benchmark,Motor,1028,78,200,true,0
1135,benchmark,Gripper,1135,85,200,true,0
2029,benchmark,Motor,1029,79,300,true,0
1136,benchmark,Gripper,1136,86,300,true,0
2030,benchmark,Motor,1030,80,300,true,0
1137,benchmark,Gripper,1137,87,300,true,0
2031,benchmark,Motor,1031,81,300,true,0
1138,benchmark,Gripper,1138,88,100,true,0
2032,benchmark,Motor,1032,82,200,true,0
1139,benchmark,Gripper,1139,89,200,true,0
2033,benchmark,Motor,1033,83,200,true,0
1140,benchmark,Gripper,1140,90,200,true,0
2034,benchmark,Motor,1034,84,200,true,0
1141,benchmark,Gripper,1141,91,200,true,0
2035,benchmark,Motor,1035,85,200,true,0
1142,benchmark,Gripper,1142,92,100,true,0
2036,benchmark,Motor,1036,86,200,true,0
1143,benchmark,Gripper,1143,93,200,true,0
2037,benchmark,Motor,1037,87,200,true,0
1144,benchmark,Gripper,1144,94,200,true,0
2038,benchmark,Motor,1038,88,200,true,0
1145,benchmark,Gripper,1145,95,100,true,0
2039,benchmark,Motor,1039,89,200,true,0
1146,benchmark,Gripper,1146,96,100,true,0
2040,benchmark,Motor,1040,90,200,true,0
1147,benchmark,Gripper,1147,97,100,true,0
2041,benchmark,Motor,1041,91,200,true,0
1148,benchmark,Gripper,1148,98,100,true,0
2042,benchmark,Motor,1042,92,200,true,0
1149,benchmark,Gripper,1149,99,100,true,0
2043,benchmark,Motor,1043,93,100,true,0
2044,benchmark,Motor,1044,94,100,true,0
1150,benchmark,Gripper,1150,100,200,true,0
2045,benchmark,Motor,1045,95,400,true,0
1151,benchmark,Gripper,1151,101,100,true,0
1152,benchmark,Gripper,1152,102,0,true,0
1153,benchmark,Gripper,1153,103,100,true,0
1154,benchmark,Gripper,1154,104,0,true,0
1155,benchmark,Gripper,1155,105,0,true,0
1156,benchmark,Gripper,1156,106,100,true,0
1157,benchmark,Gripper,1157,107,100,true,0
1158,benchmark,Gripper,1158,108,100,true,0
1159,benchmark,Gripper,1159,109,100,true,0
1160,benchmark,Gripper,1160,110,100,true,0
1161,benchmark,Gripper,1161,111,0,true,0
1162,benchmark,Gripper,1162,112,0,true,0
1163,benchmark,Gripper,1163,113,100,true,0
1164,benchmark,Gripper,1164,114,100,true,0
2046,benchmark,Motor,1046,96,100,true,0
1165,benchmark,Gripper,1165,115,400,true,0
2047,benchmark,Motor,1047,97,100,true,0
1166,benchmark,Gripper,1166,116,300,true,0
2048,benchmark,Motor,1048,98,200,true,0
1167,benchmark,Gripper,1167,117,200,true,0
2049,benchmark,Motor,1049,99,200,true,0
1168,benchmark,Gripper,1168,118,100,true,0
2050,benchmark,Motor,1050,100,100,true,0
1169,benchmark,Gripper,1169,119,200,true,0
2051,benchmark,Motor,1051,101,200,true,0
1170,benchmark,Gripper,1170,120,100,true,0
2052,benchmark,Motor,1052,102,100,true,0
1171,benchmark,Gripper,1171,121,200,true,0
2053,benchmark,Motor,1053,103,100,true,0
1172,benchmark,Gripper,1172,122,100,true,0
2054,benchmark,Motor,1054,104,200,true,0
1173,benchmark,Gripper,1173,123,100,true,0
2055,benchmark,Motor,1055,105,100,true,0
1174,benchmark,Gripper,1174,124,100,true,0
2056,benchmark,Motor,1056,106,100,true,0
1175,benchmark,Gripper,1175,125,200,true,0
2057,benchmark,Motor,1057,107,200,true,0
1176,benchmark,Gripper,1176,126,100,true,0
2058,benchmark,Motor,1058,108,200,true,0
1177,benchmark,Gripper,1177,127,100,true,0
2059,benchmark,Motor,1059,109,100,true,0
1178,benchmark,Gripper,1178,128,100,true,0
2060,benchmark,Motor,1060,110,200,true,0
2061,benchmark,Motor,1061,111,0,true,0
2062,benchmark,Motor,1062,112,0,true,0
2063,benchmark,Motor,1063,113,100,true,0
1179,benchmark,Gripper,1179,129,200,true,0
2064,benchmark,Motor,1064,114,500,true,0
1180,benchmark,Gripper,1180,130,200,true,0
2065,benchmark,Motor,1065,115,300,true,0
1181,benchmark,Gripper,1181,131,100,true,0
2066,benchmark,Motor,1066,116,200,true,0
1182,benchmark,Gripper,1182,132,100,true,0
2067,benchmark,Motor,1067,117,100,true,0
1183,benchmark,Gripper,1183,133,100,true,0
2068,benchmark,Motor,1068,118,100,true,0
1184,benchmark,Gripper,1184,134,100,true,0
2069,benchmark,Motor,1069,119,200,true,0
1185,benchmark,Gripper,1185,135,200,true,0
2070,benchmark,Motor,1070,120,100,true,0
1186,benchmark,Gripper,1186,136,500,true,0
2071,benchmark,Motor,1071,121,100,true,0
1187,benchmark,Gripper,1187,137,100,true,0
2072,benchmark,Motor,1072,122,200,true,0
1188,benchmark,Gripper,1188,138,100,true,0
2073,benchmark,Motor,1073,123,200,true,0
1189,benchmark,Gripper,1189,139,100,true,0
2074,benchmark,Motor,1074,124,100,true,0
1190,benchmark,Gripper,1190,140,100,true,0
2075,benchmark,Motor,1075,125,100,true,0
1191,benchmark,Gripper,1191,141,300,true,0
2076,benchmark,Motor,1076,126,200,true,0
1192,benchmark,Gripper,1192,142,100,true,0
2077,benchmark,Motor,1077,127,100,true,0
1193,benchmark,Gripper,1193,143,100,true,0
2078,benchmark,Motor,1078,128,200,true,0
1194,benchmark,Gripper,1194,144,100,true,0
2079,benchmark,Motor,1079,129,100,true,0
1195,benchmark,Gripper,1195,145,200,true,0
2080,benchmark,Motor,1080,130,200,true,0
1196,benchmark,Gripper,1196,146,100,true,0
2081,benchmark,Motor,1081,131,100,true,0
1197,benchmark,Gripper,1197,147,200,true,0
2082,benchmark,Motor,1082,132,200,true,0
1198,benchmark,Gripper,1198,148,100,true,0
2083,benchmark,Motor,1083,133,100,true,0
1199,benchmark,Gripper,1199,149,100,true,0
2084,benchmark,Motor,1084,134,200,true,0
1200,benchmark,Gripper,1200,50,100,false,500
2085,benchmark,Motor,1085,135,200,true,0
1201,benchmark,Gripper,1201,51,100,true,0
2086,benchmark,Motor,1086,136,400,true,0
1202,benchmark,Gripper,1202,52,100,true,0
2087,benchmark,Motor,1087,137,200,true,0
1203,benchmark,Gripper,1203,53,100,true,0
2088,benchmark,Motor,1088,138,300,true,0
1204,benchmark,Gripper,1204,54,200,true,0
2089,benchmark,Motor,1089,139,100,true,0
1205,benchmark,Gripper,1205,55,100,true,0
2090,benchmark,Motor,1090,140,200,true,0
1206,benchmark,Gripper,1206,56,100,true,0
2091,benchmark,Motor,1091,141,100,true,0
1207,benchmark,Gripper,1207,57,100,true,0
2092,benchmark,Motor,1092,142,200,true,0
2093,benchmark,Motor,1093,143,100,true,0
2094,benchmark,Motor,1094,144,100,true,0
2095,benchmark,Motor,1095,145,100,true,0
2096,benchmark,Motor,1096,146,0,true,0
2097,benchmark,Motor,1097,147,0,true,0
2098,benchmark,Motor,1098,148,0,true,0
2099,benchmark,Motor,1099,149,100,true,0
2100,benchmark,Motor,1100,50,0,false,500
1208,benchmark,Gripper,1208,58,200,true,0
2101,benchmark,Motor,1101,51,100,true,0
1209,benchmark,Gripper,1209,59,100,true,0
2102,benchmark,Motor,1102,52,200,true,0
1210,benchmark,Gripper,1210,60,200,true,0
2103,benchmark,Motor,1103,53,500,true,0
1211,benchmark,Gripper,1211,61,200,true,0
2104,benchmark,Motor,1104,54,100,true,0
1212,benchmark,Gripper,1212,62,100,true,0
2105,benchmark,Motor,1105,55,200,true,0
1213,benchmark,Gripper,1213,63,200,true,0
2106,benchmark,Motor,1106,56,100,true,0
1214,benchmark,Gripper,1214,64,100,true,0
1215,benchmark,Gripper,1215,65,100,true,0
1216,benchmark,Gripper,1216,66,0,true,0
1217,benchmark,Gripper,1217,67,0,true,0
2107,benchmark,Motor,1107,57,100,true,0
1218,benchmark,Gripper,1218,68,300,true,0
2108,benchmark,Motor,1108,58,100,true,0
1219,benchmark,Gripper,1219,69,100,true,0
2109,benchmark,Motor,1109,59,200,true,0
1220,benchmark,Gripper,1220,70,100,true,0
2110,benchmark,Motor,1110,60,300,true,0
1221,benchmark,Gripper,1221,71,100,true,0
2111,benchmark,Motor,1111,61,200,true,0
1222,benchmark,Gripper,1222,72,200,true,0
2112,benchmark,Motor,1112,62,200,true,0
1223,benchmark,Gripper,1223,73,100,true,0
2113,benchmark,Motor,1113,63,200,true,0
1224,benchmark,Gripper,1224,74,200,true,0
2114,benchmark,Motor,1114,64,100,true,0
1225,benchmark,Gripper,1225,75,100,true,0
2115,benchmark,Motor,1115,65,100,true,0
1226,benchmark,Gripper,1226,76,100,true,0
2116,benchmark,Motor,1116,66,300,true,0
1227,benchmark,Gripper,1227,77,200,true,0
2117,benchmark,Motor,1117,67,300,true,0
1228,benchmark,Gripper,1228,78,200,true,0
2118,benchmark,Motor,1118,68,200,true,0
1229,benchmark,Gripper,1229,79,200,true,0
2119,benchmark,Motor,1119,69,200,true,0
1230,benchmark,Gripper,1230,80,200,true,0
2120,benchmark,Motor,1120,70,100,true,0
1231,benchmark,Gripper,1231,81,100,true,0
2121,benchmark,Motor,1121,71,300,true,0
1232,benchmark,Gripper,1232,82,200,true,0
2122,benchmark,Motor,1122,72,200,true,0
1233,benchmark,Gripper,1233,83,100,true,0
2123,benchmark,Motor,1123,73,200,true,0
1234,benchmark,Gripper,1234,84,200,true,0
2124,benchmark,Motor,1124,74,100,true,0
1235,benchmark,Gripper,1235,85,100,true,0
2125,benchmark,Motor,1125,75,100,true,0
1236,benchmark,Gripper,1236,86,100,true,0
2126,benchmark,Motor,1126,76,100,true,0
2127,benchmark,Motor,1127,77,100,true,0
2128,benchmark,Motor,1128,78,100,true,0
2129,benchmark,Motor,1129,79,0,true,0
1237,benchmark,Gripper,1237,87,200,true,0
2130,benchmark,Motor,1130,80,100,true,0
1238,benchmark,Gripper,1238,88,100,true,0
2131,benchmark,Motor,1131,81,600,true,0
1239,benchmark,Gripper,1239,89,200,true,0
2132,benchmark,Motor,1132,82,200,true,0
1240,benchmark,Gripper,1240,90,200,true,0
2133,benchmark,Motor,1133,83,100,true,0
1241,benchmark,Gripper,1241,91,200,true,0
2134,benchmark,Motor,1134,84,100,true,0
1242,benchmark,Gripper,1242,92,100,true,0
2135,benchmark,Motor,1135,85,100,true,0
1243,benchmark,Gripper,1243,93,100,true,0
2136,benchmark,Motor,1136,86,200,true,0
1244,benchmark,Gripper,1244,94,100,true,0
2137,benchmark,Motor,1137,87,100,true,0
1245,benchmark,Gripper,1245,95,200,true,0
2138,benchmark,Motor,1138,88,100,true,0
1246,benchmark,Gripper,1246,96,200,true,0
2139,benchmark,Motor,1139,89,100,true,0
1247,benchmark,Gripper,1247,97,200,true,0
2140,benchmark,Motor,1140,90,100,true,0
1248,benchmark,Gripper,1248,98,200,true,0
2141,benchmark,Motor,1141,91,200,true,0
1249,benchmark,Gripper,1249,99,100,true,0
2142,benchmark,Motor,1142,92,100,true,0
1250,benchmark,Gripper,1250,100,200,true,0
2143,benchmark,Motor,1143,93,100,true,0
1251,benchmark,Gripper,1251,101,200,true,0
2144,benchmark,Motor,1144,94,100,true,0
1252,benchmark,Gripper,1252,102,200,true,0
2145,benchmark,Motor,1145,95,100,true,0
1253,benchmark,Gripper,1253,103,200,true,0
2146,benchmark,Motor,1146,96,200,true,0
1254,benchmark,Gripper,1254,104,100,true,0
2147,benchmark,Motor,1147,97,100,true,0
1255,benchmark,Gripper,1255,105,300,true,0
2148,benchmark,Motor,1148,98,200,true,0
1256,benchmark,Gripper,1256,106,100,true,0
2149,benchmark,Motor,1149,99,200,true,0
1257,benchmark,Gripper,1257,107,200,true,0
2150,benchmark,Motor,1150,100,100,true,0
1258,benchmark,Gripper,1258,108,200,true,0
2151,benchmark,Motor,1151,101,100,true,0
1259,benchmark,Gripper,1259,109,100,true,0
2152,benchmark,Motor,1152,102,200,true,0
1260,benchmark,Gripper,1260,110,100,true,0
2153,benchmark,Motor,1153,103,200,true,0
1261,benchmark,Gripper,1261,111,100,true,0
2154,benchmark,Motor,1154,104,200,true,0
1262,benchmark,Gripper,1262,112,100,true,0
2155,benchmark,Motor,1155,105,100,true,0
1263,benchmark,Gripper,1263,113,200,true,0
2156,benchmark,Motor,1156,106,200,true,0
1264,benchmark,Gripper,1264,114,100,true,0
2157,benchmark,Motor,1157,107,200,true,0
1265,benchmark,Gripper,1265,115,100,true,0
2158,benchmark,Motor,1158,108,100,true,0
2159,benchmark,Motor,1159,109,0,true,0
2160,benchmark,Motor,1160,110,100,true,0
2161,benchmark,Motor,1161,111,100,true,0
2162,benchmark,Motor,1162,112,100,true,0
2163,benchmark,Motor,1163,113,100,true,0
1266,benchmark,Gripper,1266,116,100,true,0
2164,benchmark,Motor,1164,114,200,true,0
1267,benchmark,Gripper,1267,117,100,true,0
2165,benchmark,Motor,1165,115,300,true,0
1268,benchmark,Gripper,1268,118,100,true,0
2166,benchmark,Motor,1166,116,200,true,0
1269,benchmark,Gripper,1269,119,100,true,0
2167,benchmark,Motor,1167,117,200,true,0
1270,benchmark,Gripper,1270,120,100,true,0
1271,benchmark,Gripper,1271,121,0,true,0
1272,benchmark,Gripper,1272,122,100,true,0
2168,benchmark,Motor,1168,118,100,true,0
1273,benchmark,Gripper,1273,123,300,true,0
2169,benchmark,Motor,1169,119,100,true,0
1274,benchmark,Gripper,1274,124,100,true,0
2170,benchmark,Motor,1170,120,100,true,0
1275,benchmark,Gripper,1275,125,100,true,0
2171,benchmark,Motor,1171,121,200,true,0
1276,benchmark,Gripper,1276,126,100,true,0
2172,benchmark,Motor,1172,122,100,true,0
1277,benchmark,Gripper,1277,127,200,true,0
2173,benchmark,Motor,1173,123,100,true,0
1278,benchmark,Gripper,1278,128,200,true,0
2174,benchmark,Motor,1174,124,200,true,0
1279,benchmark,Gripper,1279,129,100,true,0
2175,benchmark,Motor,1175,125,200,true,0
1280,benchmark,Gripper,1280,130,100,true,0
2176,benchmark,Motor,1176,126,100,true,0
1281,benchmark,Gripper,1281,131,100,true,0
2177,benchmark,Motor,1177,127,100,true,0
1282,benchmark,Gripper,1282,132,100,true,0
2178,benchmark,Motor,1178,128,200,true,0
1283,benchmark,Gripper,1283,133,100,true,0
2179,benchmark,Motor,1179,129,100,true,0
1284,benchmark,Gripper,1284,134,100,true,0
2180,benchmark,Motor,1180,130,100,true,0
1285,benchmark,Gripper,1285,135,100,true,0
2181,benchmark,Motor,1181,131,200,true,0
1286,benchmark,Gripper,1286,136,100,true,0
2182,benchmark,Motor,1182,132,300,true,0
1287,benchmark,Gripper,1287,137,200,true,0
2183,benchmark,Motor,1183,133,100,true,0
1288,benchmark,Gripper,1288,138,100,true,0
2184,benchmark,Motor,1184,134,200,true,0
1289,benchmark,Gripper,1289,139,200,true,0
2185,benchmark,Motor,1185,135,100,true,0
1290,benchmark,Gripper,1290,140,100,true,0
2186,benchmark,Motor,1186,136,200,true,0
1291,benchmark,Gripper,1291,141,200,true,0
2187,benchmark,Motor,1187,137,100,true,0
1292,benchmark,Gripper,1292,142,200,true,0
2188,benchmark,Motor,1188,138,100,true,0
1293,benchmark,Gripper,1293,143,100,true,0
2189,benchmark,Motor,1189,139,100,true,0
1294,benchmark,Gripper,1294,144,600,true,0
2190,benchmark,Motor,1190,140,200,true,0
2191,benchmark,Motor,1191,141,100,true,0
2192,benchmark,Motor,1192,142,100,true,0
1295,benchmark,Gripper,1295,145,100,true,0
2193,benchmark,Motor,1193,143,100,true,0
1296,benchmark,Gripper,1296,146,100,true,0
2194,benchmark,Motor,1194,144,200,true,0
1297,benchmark,Gripper,1297,147,200,true,0
2195,benchmark,Motor,1195,145,100,true,0
1298,benchmark,Gripper,1298,148,100,true,0
2196,benchmark,Motor,1196,146,300,true,0
1299,benchmark,Gripper,1299,149,100,true,0
2197,benchmark,Motor,1197,147,100,true,0
1300,benchmark,Gripper,1300,50,100,false,500
2198,benchmark,Motor,1198,148,200,true,0
1301,benchmark,Gripper,1301,51,100,true,0
2199,benchmark,Motor,1199,149,200,true,0
1302,benchmark,Gripper,1302,52,200,true,0
2200,benchmark,Motor,1200,50,100,false,500
1303,benchmark,Gripper,1303,53,200,true,0
2201,benchmark,Motor,1201,51,100,true,0
1304,benchmark,Gripper,1304,54,100,true,0
2202,benchmark,Motor,1202,52,100,true,0
1305,benchmark,Gripper,1305,55,100,true,0
2203,benchmark,Motor,1203,53,100,true,0
1306,benchmark,Gripper,1306,56,100,true,0
2204,benchmark,Motor,1204,54,100,true,0
1307,benchmark,Gripper,1307,57,100,true,0
2205,benchmark,Motor,1205,55,200,true,0
1308,benchmark,Gripper,1308,58,100,true,0
2206,benchmark,Motor,1206,56,100,true,0
1309,benchmark,Gripper,1309,59,100,true,0
2207,benchmark,Motor,1207,57,200,true,0
1310,benchmark,Gripper,1310,60,100,true,0
2208,benchmark,Motor,1208,58,100,true,0
1311,benchmark,Gripper,1311,61,100,true,0
2209,benchmark,Motor,1209,59,100,true,0
1312,benchmark,Gripper,1312,62,200,true,0
2210,benchmark,Motor,1210,60,100,true,0
1313,benchmark,Gripper,1313,63,100,true,0
2211,benchmark,Motor,1211,61,100,true,0
1314,benchmark,Gripper,1314,64,100,true,0
2212,benchmark,Motor,1212,62,200,true,0
1315,benchmark,Gripper,1315,65,100,true,0
2213,benchmark,Motor,1213,63,200,true,0
1316,benchmark,Gripper,1316,66,200,true,0
2214,benchmark,Motor,1214,64,100,true,0
1317,benchmark,Gripper,1317,67,200,true,0
2215,benchmark,Motor,1215,65,200,true,0
1318,benchmark,Gripper,1318,68,100,true,0
2216,benchmark,Motor,1216,66,200,true,0
1319,benchmark,Gripper,1319,69,100,true,0
2217,benchmark,Motor,1217,67,200,true,0
1320,benchmark,Gripper,1320,70,100,true,0
2218,benchmark,Motor,1218,68,200,true,0
1321,benchmark,Gripper,1321,71,100,true,0
2219,benchmark,Motor,1219,69,600,true,0
1322,benchmark,Gripper,1322,72,300,true,0
2220,benchmark,Motor,1220,70,300,true,0
1323,benchmark,Gripper,1323,73,200,true,0
2221,benchmark,Motor,1221,71,200,true,0
2222,benchmark,Motor,1222,72,100,true,0
1324,benchmark,Gripper,1324,74,100,true,0
2223,benchmark,Motor,1223,73,300,true,0
1325,benchmark,Gripper,1325,75,100,true,0
2224,benchmark,Motor,1224,74,200,true,0
1326,benchmark,Gripper,1326,76,100,true,0
2225,benchmark,Motor,1225,75,200,true,0
1327,benchmark,Gripper,1327,77,200,true,0
2226,benchmark,Motor,1226,76,100,true,0
1328,benchmark,Gripper,1328,78,100,true,0
2227,benchmark,Motor,1227,77,200,true,0
1329,benchmark,Gripper,1329,79,200,true,0
2228,benchmark,Motor,1228,78,200,true,0
1330,benchmark,Gripper,1330,80,200,true,0
2229,benchmark,Motor,1229,79,100,true,0
1331,benchmark,Gripper,1331,81,200,true,0
2230,benchmark,Motor,1230,80,100,true,0
1332,benchmark,Gripper,1332,82,200,true,0
2231,benchmark,Motor,1231,81,200,true,0
1333,benchmark,Gripper,1333,83,100,true,0
2232,benchmark,Motor,1232,82,200,true,0
1334,benchmark,Gripper,1334,84,200,true,0
2233,benchmark,Motor,1233,83,100,true,0
1335,benchmark,Gripper,1335,85,200,true,0
2234,benchmark,Motor,1234,84,100,true,0
1336,benchmark,Gripper,1336,86,200,true,0
2235,benchmark,Motor,1235,85,200,true,0
1337,benchmark,Gripper,1337,87,100,true,0
2236,benchmark,Motor,1236,86,100,true,0
1338,benchmark,Gripper,1338,88,300,true,0
2237,benchmark,Motor,1237,87,100,true,0
1339,benchmark,Gripper,1339,89,200,true,0
2238,benchmark,Motor,1238,88,100,true,0
1340,benchmark,Gripper,1340,90,200,true,0
2239,benchmark,Motor,1239,89,200,true,0
1341,benchmark,Gripper,1341,91,100,true,0
2240,benchmark,Motor,1240,90,200,true,0
1342,benchmark,Gripper,1342,92,100,true,0
2241,benchmark,Motor,1241,91,200,true,0
1343,benchmark,Gripper,1343,93,100,true,0
2242,benchmark,Motor,1242,92,300,true,0
1344,benchmark,Gripper,1344,94,200,true,0
2243,benchmark,Motor,1243,93,200,true,0
1345,benchmark,Gripper,1345,95,300,true,0
2244,benchmark,Motor,1244,94,300,true,0
1346,benchmark,Gripper,1346,96,200,true,0
2245,benchmark,Motor,1245,95,300,true,0
1347,benchmark,Gripper,1347,97,100,true,0
2246,benchmark,Motor,1246,96,200,true,0
1348,benchmark,Gripper,1348,98,100,true,0
2247,benchmark,Motor,1247,97,100,true,0
1349,benchmark,Gripper,1349,99,200,true,0
2248,benchmark,Motor,1248,98,400,true,0
1350,benchmark,Gripper,1350,100,200,true,0
2249,benchmark,Motor,1249,99,200,true,0
1351,benchmark,Gripper,1351,101,200,true,0
2250,benchmark,Motor,1250,100,300,true,0
1352,benchmark,Gripper,1352,102,200,true,0
2251,benchmark,Motor,1251,101,200,true,0
2252,benchmark,Motor,1252,102,100,true,0
2253,benchmark,Motor,1253,103,100,true,0
2254,benchmark,Motor,1254,104,100,true,0
2255,benchmark,Motor,1255,105,100,true,0
2256,benchmark,Motor,1256,106,100,true,0
2257,benchmark,Motor,1257,107,0,true,0
1353,benchmark,Gripper,1353,103,100,true,0
2258,benchmark,Motor,1258,108,400,true,0
1354,benchmark,Gripper,1354,104,200,true,0
2259,benchmark,Motor,1259,109,300,true,0
1355,benchmark,Gripper,1355,105,200,true,0
2260,benchmark,Motor,1260,110,200,true,0
1356,benchmark,Gripper,1356,106,100,true,0
2261,benchmark,Motor,1261,111,300,true,0
1357,benchmark,Gripper,1357,107,100,true,0
2262,benchmark,Motor,1262,112,200,true,0
1358,benchmark,Gripper,1358,108,100,true,0
2263,benchmark,Motor,1263,113,200,true,0
1359,benchmark,Gripper,1359,109,100,true,0
2264,benchmark,Motor,1264,114,200,true,0
1360,benchmark,Gripper,1360,110,100,true,0
2265,benchmark,Motor,1265,115,200,true,0
1361,benchmark,Gripper,1361,111,200,true,0
2266,benchmark,Motor,1266,116,200,true,0
1362,benchmark,Gripper,1362,112,200,true,0
2267,benchmark,Motor,1267,117,200,true,0
1363,benchmark,Gripper,1363,113,100,true,0
2268,benchmark,Motor,1268,118,100,true,0
1364,benchmark,Gripper,1364,114,100,true,0
2269,benchmark,Motor,1269,119,100,true,0
1365,benchmark,Gripper,1365,115,300,true,0
2270,benchmark,Motor,1270,120,200,true,0
1366,benchmark,Gripper,1366,116,100,true,0
2271,benchmark,Motor,1271,121,200,true,0
1367,benchmark,Gripper,1367,117,100,true,0
2272,benchmark,Motor,1272,122,100,true,0
1368,benchmark,Gripper,1368,118,100,true,0
2273,benchmark,Motor,1273,123,100,true,0
1369,benchmark,Gripper,1369,119,100,true,0
2274,benchmark,Motor,1274,124,100,true,0
1370,benchmark,Gripper,1370,120,100,true,0
2275,benchmark,Motor,1275,125,100,true,0
1371,benchmark,Gripper,1371,121,100,true,0
2276,benchmark,Motor,1276,126,200,true,0
1372,benchmark,Gripper,1372,122,100,true,0
2277,benchmark,Motor,1277,127,100,true,0
1373,benchmark,Gripper,1373,123,200,true,0
2278,benchmark,Motor,1278,128,200,true,0
1374,benchmark,Gripper,1374,124,100,true,0
2279,benchmark,Motor,1279,129,200,true,0
1375,benchmark,Gripper,1375,125,600,true,0
2280,benchmark,Motor,1280,130,200,true,0
1376,benchmark,Gripper,1376,126,100,true,0
2281,benchmark,Motor,1281,131,200,true,0
1377,benchmark,Gripper,1377,127,100,true,0
2282,benchmark,Motor,1282,132,100,true,0
1378,benchmark,Gripper,1378,128,100,true,0
2283,benchmark,Motor,1283,133,100,true,0
1379,benchmark,Gripper,1379,129,100,true,0
2284,benchmark,Motor,1284,134,100,true,0
1380,benchmark,Gripper,1380,130,200,true,0
2285,benchmark,Motor,1285,135,200,true,0
1381,benchmark,Gripper,1381,131,300,true,0
2286,benchmark,Motor,1286,136,100,true,0
1382,benchmark,Gripper,1382,132,100,true,0
2287,benchmark,Motor,1287,137,200,true,0
1383,benchmark,Gripper,1383,133,100,true,0
2288,benchmark,Motor,1288,138,100,true,0
1384,benchmark,Gripper,1384,134,100,true,0
2289,benchmark,Motor,1289,139,100,true,0
1385,benchmark,Gripper,1385,135,100,true,0
2290,benchmark,Motor,1290,140,100,true,0
1386,benchmark,Gripper,1386,136,100,true,0
2291,benchmark,Motor,1291,141,100,true,0
1387,benchmark,Gripper,1387,137,100,true,0
2292,benchmark,Motor,1292,142,200,true,0
1388,benchmark,Gripper,1388,138,100,true,0
1389,benchmark,Gripper,1389,139,0,true,0
1390,benchmark,Gripper,1390,140,100,true,0
1391,benchmark,Gripper,1391,141,100,true,0
452,benchmark,,1452,102,170600,true,0
2293,benchmark,Motor,1293,143,100,true,0
2294,benchmark,Motor,1294,144,100,true,0
2295,benchmark,Motor,1295,145,100,true,0
2296,benchmark,Motor,1296,146,100,true,0
2297,benchmark,Motor,1297,147,100,true,0
2298,benchmark,Motor,1298,148,100,true,0
2299,benchmark,Motor,1299,149,0,true,0
2300,benchmark,Motor,1300,50,0,false,500
2301,benchmark,Motor,1301,51,0,true,0
2302,benchmark,Motor,1302,52,100,true,0
2303,benchmark,Motor,1303,53,0,true,0
2304,benchmark,Motor,1304,54,0,true,0
2305,benchmark,Motor,1305,55,100,true,0
2306,benchmark,Motor,1306,56,0,true,0
2307,benchmark,Motor,1307,57,0,true,0
2308,benchmark,Motor,1308,58,100,true,0
2309,benchmark,Motor,1309,59,100,true,0
2310,benchmark,Motor,1310,60,200,true,0
453,benchmark,,1453,103,500,true,0
2311,benchmark,Motor,1311,61,200,true,0
454,benchmark,,1454,104,100,true,0
2312,benchmark,Motor,1312,62,200,true,0
455,benchmark,,1455,105,100,true,0
2313,benchmark,Motor,1313,63,200,true,0
456,benchmark,,1456,106,100,true,0
3371,benchmark,Stabilizer,1371,121,173000,true,0
3372,benchmark,Stabilizer,1372,122,100,true,0
3373,benchmark,Stabilizer,1373,123,100,true,0
3374,benchmark,Stabilizer,1374,124,0,true,0
3375,benchmark,Stabilizer,1375,125,100,true,0
3376,benchmark,Stabilizer,1376,126,100,true,0
3377,benchmark,Stabilizer,1377,127,0,true,0
3378,benchmark,Stabilizer,1378,128,100,true,0
3379,benchmark,Stabilizer,1379,129,100,true,0
3380,benchmark,Stabilizer,1380,130,100,true,0
3381,benchmark,Stabilizer,1381,131,0,true,0
3382,benchmark,Stabilizer,1382,132,0,true,0
3383,benchmark,Stabilizer,1383,133,0,true,0
3384,benchmark,Stabilizer,1384,134,0,true,0
3385,benchmark,Stabilizer,1385,135,0,true,0
3386,benchmark,Stabilizer,1386,136,100,true,0
3387,benchmark,Stabilizer,1387,137,100,true,0
3388,benchmark,Stabilizer,1388,138,100,true,0
3389,benchmark,Stabilizer,1389,139,100,true,0
3390,benchmark,Stabilizer,1390,140,100,true,0
3391,benchmark,Stabilizer,1391,141,100,true,0
3392,benchmark,Stabilizer,1392,142,100,true,0
1392,benchmark,Gripper,1392,142,23100,true,0
3393,benchmark,Stabilizer,1393,143,500,true,0
3394,benchmark,Stabilizer,1394,144,100,true,0
3395,benchmark,Stabilizer,1395,145,100,true,0
3396,benchmark,Stabilizer,1396,146,0,true,0
3397,benchmark,Stabilizer,1397,147,100,true,0
3398,benchmark,Stabilizer,1398,148,100,true,0
3399,benchmark,Stabilizer,1399,149,100,true,0
3400,benchmark,Stabilizer,1400,50,100,false,500
3401,benchmark,Stabilizer,1401,51,100,true,0
3402,benchmark,Stabilizer,1402,52,100,true,0
3403,benchmark,Stabilizer,1403,53,100,true,0
3404,benchmark,Stabilizer,1404,54,100,true,0
3405,benchmark,Stabilizer,1405,55,100,true,0
3406,benchmark,Stabilizer,1406,56,0,true,0
3407,benchmark,Stabilizer,1407,57,0,true,0
3408,benchmark,Stabilizer,1408,58,0,true,0
3409,benchmark,Stabilizer,1409,59,100,true,0
3410,benchmark,Stabilizer,1410,60,100,true,0
3411,benchmark,Stabilizer,1411,61,100,true,0
3412,benchmark,Stabilizer,1412,62,0,true,0
3413,benchmark,Stabilizer,1413,63,0,true,0
3414,benchmark,Stabilizer,1414,64,100,true,0
3415,benchmark,Stabilizer,1415,65,100,true,0
3416,benchmark,Stabilizer,1416,66,100,true,0
3417,benchmark,Stabilizer,1417,67,100,true,0
3418,benchmark,Stabilizer,1418,68,100,true,0
3419,benchmark,Stabilizer,1419,69,0,true,0
3420,benchmark,Stabilizer,1420,70,0,true,0
3421,benchmark,Stabilizer,1421,71,100,true,0
3422,benchmark,Stabilizer,1422,72,100,true,0
3423,benchmark,Stabilizer,1423,73,100,true,0
3424,benchmark,Stabilizer,1424,74,100,true,0
3425,benchmark,Stabilizer,1425,75,100,true,0
3426,benchmark,Stabilizer,1426,76,100,true,0
3427,benchmark,Stabilizer,1427,77,100,true,0
1393,benchmark,Gripper,1393,143,600,true,0
3428,benchmark,Stabilizer,1428,78,300,true,0
1394,benchmark,Gripper,1394,144,100,true,0
1395,benchmark,Gripper,1395,145,0,true,0
3429,benchmark,Stabilizer,1429,79,100,true,0
1396,benchmark,Gripper,1396,146,200,true,0
3430,benchmark,Stabilizer,1430,80,200,true,0
1397,benchmark,Gripper,1397,147,100,true,0
3431,benchmark,Stabilizer,1431,81,200,true,0
1398,benchmark,Gripper,1398,148,200,true,0
3432,benchmark,Stabilizer,1432,82,100,true,0
1399,benchmark,Gripper,1399,149,300,true,0
3433,benchmark,Stabilizer,1433,83,400,true,0
2314,benchmark,Motor,1314,64,27400,true,0
1400,benchmark,Gripper,1400,50,1500,false,500
3434,benchmark,Stabilizer,1434,84,1900,true,0
2315,benchmark,Motor,1315,65,200,true,0
1401,benchmark,Gripper,1401,51,700,true,0
3435,benchmark,Stabilizer,1435,85,400,true,0
3436,benchmark,Stabilizer,1436,86,100,true,0
1402,benchmark,Gripper,1402,52,300,true,0
2316,benchmark,Motor,1316,66,1500,true,0
3437,benchmark,Stabilizer,1437,87,1000,true,0
2317,benchmark,Motor,1317,67,200,true,0
1403,benchmark,Gripper,1403,53,1500,true,0
3438,benchmark,Stabilizer,1438,88,500,true,0
3439,benchmark,Stabilizer,1439,89,100,true,0
1404,benchmark,Gripper,1404,54,1100,true,0
2318,benchmark,Motor,1318,68,2300,true,0
3440,benchmark,Stabilizer,1440,90,1500,true,0
2319,benchmark,Motor,1319,69,100,true,0
1405,benchmark,Gripper,1405,55,1300,true,0
2320,benchmark,Motor,1320,70,300,true,0
3441,benchmark,Stabilizer,1441,91,500,true,0
2321,benchmark,Motor,1321,71,200,true,0
3442,benchmark,Stabilizer,1442,92,200,true,0
2322,benchmark,Motor,1322,72,300,true,0
1406,benchmark,Gripper,1406,56,1400,true,0
2323,benchmark,Motor,1323,73,500,true,0
3443,benchmark,Stabilizer,1443,93,1500,true,0
1407,benchmark,Gripper,1407,57,1300,true,0
3444,benchmark,Stabilizer,1444,94,600,true,0
3445,benchmark,Stabilizer,1445,95,100,true,0
2324,benchmark,Motor,1324,74,2200,true,0
1408,benchmark,Gripper,1408,58,1700,true,0
2325,benchmark,Motor,1325,75,100,true,0
1409,benchmark,Gripper,1409,59,200,true,0
2326,benchmark,Motor,1326,76,200,true,0
3446,benchmark,Stabilizer,1446,96,2000,true,0
3447,benchmark,Stabilizer,1447,97,100,true,0
2327,benchmark,Motor,1327,77,900,true,0
1410,benchmark,Gripper,1410,60,1900,true,0
2328,benchmark,Motor,1328,78,100,true,0
3448,benchmark,Stabilizer,1448,98,1200,true,0
3449,benchmark,Stabilizer,1449,99,100,true,0
2329,benchmark,Motor,1329,79,800,true,0
1411,benchmark,Gripper,1411,61,1800,true,0
3450,benchmark,Stabilizer,1450,100,1700,true,0
1412,benchmark,Gripper,1412,62,400,true,0
1413,benchmark,Gripper,1413,63,300,true,0
2330,benchmark,Motor,1330,80,2900,true,0
3451,benchmark,Stabilizer,1451,101,2100,true,0
2331,benchmark,Motor,1331,81,200,true,0
3452,benchmark,Stabilizer,1452,102,400,true,0
2332,benchmark,Motor,1332,82,100,true,0
3453,benchmark,Stabilizer,1453,103,200,true,0
2333,benchmark,Motor,1333,83,200,true,0
3454,benchmark,Stabilizer,1454,104,200,true,0
2334,benchmark,Motor,1334,84,300,true,0
3455,benchmark,Stabilizer,1455,105,300,true,0
2335,benchmark,Motor,1335,85,300,true,0
3456,benchmark,Stabilizer,1456,106,200,true,0
2336,benchmark,Motor,1336,86,400,true,0
1414,benchmark,Gripper,1414,64,900,true,0
3457,benchmark,Stabilizer,1457,107,500,true,0
1415,benchmark,Gripper,1415,65,200,true,0
2337,benchmark,Motor,1337,87,1000,true,0
1416,benchmark,Gripper,1416,66,200,true,0
2338,benchmark,Motor,1338,88,300,true,0
3458,benchmark,Stabilizer,1458,108,300,true,0
2339,benchmark,Motor,1339,89,200,true,0
1417,benchmark,Gripper,1417,67,900,true,0
2340,benchmark,Motor,1340,90,300,true,0
1418,benchmark,Gripper,1418,68,200,true,0
3459,benchmark,Stabilizer,1459,109,1400,true,0
1419,benchmark,Gripper,1419,69,400,true,0
2341,benchmark,Motor,1341,91,1300,true,0
1420,benchmark,Gripper,1420,70,600,true,0
2342,benchmark,Motor,1342,92,300,true,0
3460,benchmark,Stabilizer,1460,110,1400,true,0
1421,benchmark,Gripper,1421,71,700,true,0
2343,benchmark,Motor,1343,93,1800,true,0
1422,benchmark,Gripper,1422,72,700,true,0
3461,benchmark,Stabilizer,1461,111,2200,true,0
2344,benchmark,Motor,1344,94,1300,true,0
1423,benchmark,Gripper,1423,73,1500,true,0
2345,benchmark,Motor,1345,95,200,true,0
1424,benchmark,Gripper,1424,74,200,true,0
3462,benchmark,Stabilizer,1462,112,1500,true,0
1425,benchmark,Gripper,1425,75,300,true,0
2346,benchmark,Motor,1346,96,900,true,0
2347,benchmark,Motor,1347,97,200,true,0
1426,benchmark,Gripper,1426,76,1100,true,0
3463,benchmark,Stabilizer,1463,113,1900,true,0
1427,benchmark,Gripper,1427,77,100,true,0
2348,benchmark,Motor,1348,98,1500,true,0
3464,benchmark,Stabilizer,1464,114,700,true,0
2349,benchmark,Motor,1349,99,300,true,0
1428,benchmark,Gripper,1428,78,1400,true,0
3465,benchmark,Stabilizer,1465,115,200,true,0
1429,benchmark,Gripper,1429,79,200,true,0
3466,benchmark,Stabilizer,1466,116,100,true,0
2350,benchmark,Motor,1350,100,1200,true,0
1430,benchmark,Gripper,1430,80,900,true,0
2351,benchmark,Motor,1351,101,300,true,0
2352,benchmark,Motor,1352,102,200,true,0
1431,benchmark,Gripper,1431,81,1100,true,0
1432,benchmark,Gripper,1432,82,200,true,0
3467,benchmark,Stabilizer,1467,117,3300,true,0
3468,benchmark,Stabilizer,1468,118,100,true,0
1433,benchmark,Gripper,1433,83,900,true,0
3469,benchmark,Stabilizer,1469,119,600,true,0
2353,benchmark,Motor,1353,103,3100,true,0
2354,benchmark,Motor,1354,104,200,true,0
1434,benchmark,Gripper,1434,84,1600,true,0
3470,benchmark,Stabilizer,1470,120,1800,true,0
2355,benchmark,Motor,1355,105,1600,true,0
3471,benchmark,Stabilizer,1471,121,600,true,0
1435,benchmark,Gripper,1435,85,2000,true,0
3472,benchmark,Stabilizer,1472,122,800,true,0
2356,benchmark,Motor,1356,106,2300,true,0
2357,benchmark,Motor,1357,107,100,true,0
1436,benchmark,Gripper,1436,86,1800,true,0
2358,benchmark,Motor,1358,108,200,true,0
3473,benchmark,Stabilizer,1473,123,1600,true,0
1437,benchmark,Gripper,1437,87,700,true,0
3474,benchmark,Stabilizer,1474,124,200,true,0
2359,benchmark,Motor,1359,109,1600,true,0
3475,benchmark,Stabilizer,1475,125,100,true,0
1438,benchmark,Gripper,1438,88,1100,true,0
1439,benchmark,Gripper,1439,89,200,true,0
2360,benchmark,Motor,1360,110,900,true,0
3476,benchmark,Stabilizer,1476,126,1600,true,0
1440,benchmark,Gripper,1440,90,1400,true,0
2361,benchmark,Motor,1361,111,1600,true,0
3477,benchmark,Stabilizer,1477,127,1100,true,0
1441,benchmark,Gripper,1441,91,1500,true,0
2362,benchmark,Motor,1362,112,1600,true,0
1442,benchmark,Gripper,1442,92,100,true,0
3478,benchmark,Stabilizer,1478,128,1400,true,0
3479,benchmark,Stabilizer,1479,129,200,true,0
2363,benchmark,Motor,1363,113,1300,true,0
1443,benchmark,Gripper,1443,93,1800,true,0
3480,benchmark,Stabilizer,1480,130,800,true,0
1444,benchmark,Gripper,1444,94,200,true,0
2364,benchmark,Motor,1364,114,600,true,0
1445,benchmark,Gripper,1445,95,500,true,0
1446,benchmark,Gripper,1446,96,100,true,0
3481,benchmark,Stabilizer,1481,131,1500,true,0
2365,benchmark,Motor,1365,115,1700,true,0
2366,benchmark,Motor,1366,116,100,true,0
1447,benchmark,Gripper,1447,97,1700,true,0
2367,benchmark,Motor,1367,117,400,true,0
3482,benchmark,Stabilizer,1482,132,2100,true,0
1448,benchmark,Gripper,1448,98,1300,true,0
3483,benchmark,Stabilizer,1483,133,200,true,0
2368,benchmark,Motor,1368,118,1300,true,0
1449,benchmark,Gripper,1449,99,800,true,0
2369,benchmark,Motor,1369,119,100,true,0
1450,benchmark,Gripper,1450,100,400,true,0
3484,benchmark,Stabilizer,1484,134,2400,true,0
2370,benchmark,Motor,1370,120,1700,true,0
3485,benchmark,Stabilizer,1485,135,100,true,0
2371,benchmark,Motor,1371,121,400,true,0
3486,benchmark,Stabilizer,1486,136,500,true,0
1451,benchmark,Gripper,1451,101,2800,true,0
2372,benchmark,Motor,1372,122,1100,true,0
3487,benchmark,Stabilizer,1487,137,200,true,0
1452,benchmark,Gripper,1452,102,700,true,0
2373,benchmark,Motor,1373,123,100,true,0
3488,benchmark,Stabilizer,1488,138,500,true,0
457,benchmark,,1457,107,109700,true,0
2374,benchmark,Motor,1374,124,16600,true,0
2375,benchmark,Motor,1375,125,200,true,0
1453,benchmark,Gripper,1453,103,28500,true,0
2376,benchmark,Motor,1376,126,1200,true,0
1454,benchmark,Gripper,1454,104,200,true,0
2377,benchmark,Motor,1377,127,400,true,0
1455,benchmark,Gripper,1455,105,200,true,0
2378,benchmark,Motor,1378,128,100,true,0
1456,benchmark,Gripper,1456,106,300,true,0
2379,benchmark,Motor,1379,129,300,true,0
1457,benchmark,Gripper,1457,107,100,true,0
2380,benchmark,Motor,1380,130,200,true,0
1458,benchmark,Gripper,1458,108,300,true,0
2381,benchmark,Motor,1381,131,100,true,0
1459,benchmark,Gripper,1459,109,200,true,0
2382,benchmark,Motor,1382,132,200,true,0
1460,benchmark,Gripper,1460,110,100,true,0
2383,benchmark,Motor,1383,133,300,true,0
1461,benchmark,Gripper,1461,111,300,true,0
2384,benchmark,Motor,1384,134,300,true,0
1462,benchmark,Gripper,1462,112,300,true,0
2385,benchmark,Motor,1385,135,200,true,0
458,benchmark,,1458,108,18700,true,0
1463,benchmark,Gripper,1463,113,1800,true,0
2386,benchmark,Motor,1386,136,2100,true,0
1464,benchmark,Gripper,1464,114,600,true,0
2387,benchmark,Motor,1387,137,600,true,0
459,benchmark,,1459,109,1400,true,0
1465,benchmark,Gripper,1465,115,1300,true,0
1466,benchmark,Gripper,1466,116,300,true,0
460,benchmark,,1460,110,1300,true,0
1467,benchmark,Gripper,1467,117,500,true,0
1468,benchmark,Gripper,1468,118,200,true,0
2388,benchmark,Motor,1388,138,3500,true,0
1469,benchmark,Gripper,1469,119,500,true,0
1470,benchmark,Gripper,1470,120,100,true,0
2389,benchmark,Motor,1389,139,900,true,0
1471,benchmark,Gripper,1471,121,500,true,0
1472,benchmark,Gripper,1472,122,100,true,0
461,benchmark,,1461,111,4300,true,0
2390,benchmark,Motor,1390,140,1700,true,0
462,benchmark,,1462,112,500,true,0
1473,benchmark,Gripper,1473,123,1800,true,0
463,benchmark,,1463,113,600,true,0
1474,benchmark,Gripper,1474,124,400,true,0
3489,benchmark,Stabilizer,1489,139,58900,true,0
1475,benchmark,Gripper,1475,125,200,true,0
1476,benchmark,Gripper,1476,126,100,true,0
1477,benchmark,Gripper,1477,127,100,true,0
1478,benchmark,Gripper,1478,128,100,true,0
1479,benchmark,Gripper,1479,129,100,true,0
1480,benchmark,Gripper,1480,130,100,true,0
1481,benchmark,Gripper,1481,131,100,true,0
1482,benchmark,Gripper,1482,132,100,true,0
1483,benchmark,Gripper,1483,133,100,true,0
1484,benchmark,Gripper,1484,134,100,true,0
3490,benchmark,Stabilizer,1490,140,200,true,0
1485,benchmark,Gripper,1485,135,300,true,0
3491,benchmark,Stabilizer,1491,141,100,true,0
1486,benchmark,Gripper,1486,136,300,true,0
3492,benchmark,Stabilizer,1492,142,100,true,0
1487,benchmark,Gripper,1487,137,200,true,0
3493,benchmark,Stabilizer,1493,143,100,true,0
1488,benchmark,Gripper,1488,138,300,true,0
3494,benchmark,Stabilizer,1494,144,100,true,0
1489,benchmark,Gripper,1489,139,200,true,0
2391,benchmark,Motor,1391,141,21000,true,0
2392,benchmark,Motor,1392,142,200,true,0
2393,benchmark,Motor,1393,143,200,true,0
2394,benchmark,Motor,1394,144,100,true,0
2395,benchmark,Motor,1395,145,100,true,0
2396,benchmark,Motor,1396,146,0,true,0
2397,benchmark,Motor,1397,147,100,true,0
2398,benchmark,Motor,1398,148,100,true,0
2399,benchmark,Motor,1399,149,100,true,0
2400,benchmark,Motor,1400,50,100,false,500
2401,benchmark,Motor,1401,51,100,true,0
2402,benchmark,Motor,1402,52,100,true,0
2403,benchmark,Motor,1403,53,100,true,0
2404,benchmark,Motor,1404,54,0,true,0
2405,benchmark,Motor,1405,55,100,true,0
2406,benchmark,Motor,1406,56,100,true,0
2407,benchmark,Motor,1407,57,100,true,0
2408,benchmark,Motor,1408,58,100,true,0
2409,benchmark,Motor,1409,59,100,true,0
2410,benchmark,Motor,1410,60,100,true,0
2411,benchmark,Motor,1411,61,100,true,0
2412,benchmark,Motor,1412,62,100,true,0
2413,benchmark,Motor,1413,63,100,true,0
2414,benchmark,Motor,1414,64,100,true,0
2415,benchmark,Motor,1415,65,100,true,0
2416,benchmark,Motor,1416,66,100,true,0
2417,benchmark,Motor,1417,67,100,true,0
2418,benchmark,Motor,1418,68,100,true,0
2419,benchmark,Motor,1419,69,100,true,0
2420,benchmark,Motor,1420,70,100,true,0
2421,benchmark,Motor,1421,71,100,true,0
2422,benchmark,Motor,1422,72,100,true,0
2423,benchmark,Motor,1423,73,0,true,0
2424,benchmark,Motor,1424,74,0,true,0
2425,benchmark,Motor,1425,75,0,true,0
2426,benchmark,Motor,1426,76,100,true,0
2427,benchmark,Motor,1427,77,100,true,0
2428,benchmark,Motor,1428,78,100,true,0
2429,benchmark,Motor,1429,79,100,true,0
2430,benchmark,Motor,1430,80,100,true,0
2431,benchmark,Motor,1431,81,0,true,0
2432,benchmark,Motor,1432,82,0,true,0
2433,benchmark,Motor,1433,83,0,true,0
2434,benchmark,Motor,1434,84,100,true,0
2435,benchmark,Motor,1435,85,100,true,0
2436,benchmark,Motor,1436,86,0,true,0
2437,benchmark,Motor,1437,87,0,true,0
2438,benchmark,Motor,1438,88,100,true,0
2439,benchmark,Motor,1439,89,100,true,0
2440,benchmark,Motor,1440,90,100,true,0
2441,benchmark,Motor,1441,91,100,true,0
2442,benchmark,Motor,1442,92,100,true,0
2443,benchmark,Motor,1443,93,100,true,0
2444,benchmark,Motor,1444,94,100,true,0
2445,benchmark,Motor,1445,95,100,true,0
2446,benchmark,Motor,1446,96,100,true,0
2447,benchmark,Motor,1447,97,100,true,0
2448,benchmark,Motor,1448,98,0,true,0
2449,benchmark,Motor,1449,99,0,true,0
2450,benchmark,Motor,1450,100,0,true,0
2451,benchmark,Motor,1451,101,100,true,0
2452,benchmark,Motor,1452,102,100,true,0
2453,benchmark,Motor,1453,103,100,true,0
2454,benchmark,Motor,1454,104,100,true,0
2455,benchmark,Motor,1455,105,100,true,0
2456,benchmark,Motor,1456,106,100,true,0
2457,benchmark,Motor,1457,107,0,true,0
2458,benchmark,Motor,1458,108,0,true,0
2459,benchmark,Motor,1459,109,0,true,0
2460,benchmark,Motor,1460,110,100,true,0
2461,benchmark,Motor,1461,111,100,true,0
2462,benchmark,Motor,1462,112,100,true,0
2463,benchmark,Motor,1463,113,100,true,0
2464,benchmark,Motor,1464,114,100,true,0
2465,benchmark,Motor,1465,115,100,true,0
2466,benchmark,Motor,1466,116,0,true,0
2467,benchmark,Motor,1467,117,0,true,0
2468,benchmark,Motor,1468,118,0,true,0
2469,benchmark,Motor,1469,119,100,true,0
2470,benchmark,Motor,1470,120,100,true,0
2471,benchmark,Motor,1471,121,100,true,0
2472,benchmark,Motor,1472,122,100,true,0
2473,benchmark,Motor,1473,123,100,true,0
2474,benchmark,Motor,1474,124,0,true,0
2475,benchmark,Motor,1475,125,100,true,0
2476,benchmark,Motor,1476,126,100,true,0
2477,benchmark,Motor,1477,127,100,true,0
2478,benchmark,Motor,1478,128,100,true,0
2479,benchmark,Motor,1479,129,0,true,0
2480,benchmark,Motor,1480,130,0,true,0
2481,benchmark,Motor,1481,131,0,true,0
2482,benchmark,Motor,1482,132,100,true,0
2483,benchmark,Motor,1483,133,100,true,0
2484,benchmark,Motor,1484,134,100,true,0
2485,benchmark,Motor,1485,135,100,true,0
2486,benchmark,Motor,1486,136,100,true,0
2487,benchmark,Motor,1487,137,100,true,0
2488,benchmark,Motor,1488,138,100,true,0
2489,benchmark,Motor,1489,139,0,true,0
2490,benchmark,Motor,1490,140,0,true,0
2491,benchmark,Motor,1491,141,0,true,0
2492,benchmark,Motor,1492,142,0,true,0
2493,benchmark,Motor,1493,143,0,true,0
2494,benchmark,Motor,1494,144,0,true,0
2495,benchmark,Motor,1495,145,100,true,0
2496,benchmark,Motor,1496,146,100,true,0
2497,benchmark,Motor,1497,147,100,true,0
2498,benchmark,Motor,1498,148,100,true,0
2499,benchmark,Motor,1499,149,100,true,0
2500,benchmark,Motor,1500,50,100,false,500
2501,benchmark,Motor,1501,51,100,true,0
2502,benchmark,Motor,1502,52,100,true,0
2503,benchmark,Motor,1503,53,100,true,0
2504,benchmark,Motor,1504,54,0,true,0
2505,benchmark,Motor,1505,55,0,true,0
2506,benchmark,Motor,1506,56,100,true,0
2507,benchmark,Motor,1507,57,100,true,0
2508,benchmark,Motor,1508,58,100,true,0
2509,benchmark,Motor,1509,59,100,true,0
2510,benchmark,Motor,1510,60,0,true,0
2511,benchmark,Motor,1511,61,100,true,0
2512,benchmark,Motor,1512,62,100,true,0
2513,benchmark,Motor,1513,63,100,true,0
2514,benchmark,Motor,1514,64,100,true,0
2515,benchmark,Motor,1515,65,100,true,0
2516,benchmark,Motor,1516,66,100,true,0
2517,benchmark,Motor,1517,67,100,true,0
2518,benchmark,Motor,1518,68,100,true,0
2519,benchmark,Motor,1519,69,0,true,0
2520,benchmark,Motor,1520,70,0,true,0
2521,benchmark,Motor,1521,71,0,true,0
2522,benchmark,Motor,1522,72,100,true,0
2523,benchmark,Motor,1523,73,100,true,0
2524,benchmark,Motor,1524,74,100,true,0
2525,benchmark,Motor,1525,75,100,true,0
2526,benchmark,Motor,1526,76,100,true,0
2527,benchmark,Motor,1527,77,100,true,0
2528,benchmark,Motor,1528,78,100,true,0
2529,benchmark,Motor,1529,79,0,true,0
2530,benchmark,Motor,1530,80,0,true,0
2531,benchmark,Motor,1531,81,0,true,0
2532,benchmark,Motor,1532,82,100,true,0
2533,benchmark,Motor,1533,83,0,true,0
2534,benchmark,Motor,1534,84,100,true,0
2535,benchmark,Motor,1535,85,100,true,0
2536,benchmark,Motor,1536,86,100,true,0
2537,benchmark,Motor,1537,87,0,true,0
2538,benchmark,Motor,1538,88,100,true,0
2539,benchmark,Motor,1539,89,100,true,0
2540,benchmark,Motor,1540,90,100,true,0
2541,benchmark,Motor,1541,91,0,true,0
2542,benchmark,Motor,1542,92,100,true,0
2543,benchmark,Motor,1543,93,100,true,0
2544,benchmark,Motor,1544,94,100,true,0
2545,benchmark,Motor,1545,95,100,true,0
2546,benchmark,Motor,1546,96,0,true,0
2547,benchmark,Motor,1547,97,100,true,0
2548,benchmark,Motor,1548,98,100,true,0
2549,benchmark,Motor,1549,99,100,true,0
2550,benchmark,Motor,1550,100,0,true,0
2551,benchmark,Motor,1551,101,0,true,0
2552,benchmark,Motor,1552,102,100,true,0
2553,benchmark,Motor,1553,103,100,true,0
2554,benchmark,Motor,1554,104,100,true,0
2555,benchmark,Motor,1555,105,100,true,0
2556,benchmark,Motor,1556,106,100,true,0
2557,benchmark,Motor,1557,107,0,true,0
2558,benchmark,Motor,1558,108,0,true,0
2559,benchmark,Motor,1559,109,100,true,0
2560,benchmark,Motor,1560,110,100,true,0
2561,benchmark,Motor,1561,111,100,true,0
2562,benchmark,Motor,1562,112,100,true,0
2563,benchmark,Motor,1563,113,100,true,0
2564,benchmark,Motor,1564,114,100,true,0
2565,benchmark,Motor,1565,115,0,true,0
2566,benchmark,Motor,1566,116,0,true,0
2567,benchmark,Motor,1567,117,0,true,0
2568,benchmark,Motor,1568,118,100,true,0
2569,benchmark,Motor,1569,119,100,true,0
2570,benchmark,Motor,1570,120,100,true,0
2571,benchmark,Motor,1571,121,100,true,0
2572,benchmark,Motor,1572,122,100,true,0
2573,benchmark,Motor,1573,123,0,true,0
2574,benchmark,Motor,1574,124,0,true,0
2575,benchmark,Motor,1575,125,0,true,0
2576,benchmark,Motor,1576,126,100,true,0
2577,benchmark,Motor,1577,127,100,true,0
2578,benchmark,Motor,1578,128,100,true,0
2579,benchmark,Motor,1579,129,100,true,0
2580,benchmark,Motor,1580,130,100,true,0
2581,benchmark,Motor,1581,131,100,true,0
2582,benchmark,Motor,1582,132,0,true,0
2583,benchmark,Motor,1583,133,0,true,0
2584,benchmark,Motor,1584,134,0,true,0
2585,benchmark,Motor,1585,135,100,true,0
2586,benchmark,Motor,1586,136,100,true,0
2587,benchmark,Motor,1587,137,100,true,0
2588,benchmark,Motor,1588,138,100,true,0
2589,benchmark,Motor,1589,139,100,true,0
2590,benchmark,Motor,1590,140,100,true,0
464,benchmark,,1464,114,91700,true,0
465,benchmark,,1465,115,200,true,0
466,benchmark,,1466,116,200,true,0
467,benchmark,,1467,117,200,true,0
468,benchmark,,1468,118,100,true,0
469,benchmark,,1469,119,200,true,0
470,benchmark,,1470,120,100,true,0
471,benchmark,,1471,121,200,true,0
472,benchmark,,1472,122,100,true,0
473,benchmark,,1473,123,100,true,0
474,benchmark,,1474,124,100,true,0
475,benchmark,,1475,125,100,true,0
476,benchmark,,1476,126,100,true,0
477,benchmark,,1477,127,100,true,0
478,benchmark,,1478,128,100,true,0
479,benchmark,,1479,129,100,true,0
480,benchmark,,1480,130,100,true,0
481,benchmark,,1481,131,200,true,0
482,benchmark,,1482,132,100,true,0
483,benchmark,,1483,133,200,true,0
484,benchmark,,1484,134,100,true,0
485,benchmark,,1485,135,100,true,0
486,benchmark,,1486,136,100,true,0
487,benchmark,,1487,137,100,true,0
488,benchmark,,1488,138,100,true,0
489,benchmark,,1489,139,100,true,0
490,benchmark,,1490,140,100,true,0
491,benchmark,,1491,141,100,true,0
492,benchmark,,1492,142,200,true,0
493,benchmark,,1493,143,100,true,0
494,benchmark,,1494,144,100,true,0
495,benchmark,,1495,145,100,true,0
496,benchmark,,1496,146,100,true,0
497,benchmark,,1497,147,100,true,0
498,benchmark,,1498,148,100,true,0
499,benchmark,,1499,149,100,true,0
500,benchmark,,1500,50,100,false,500
501,benchmark,,1501,51,100,true,0
502,benchmark,,1502,52,100,true,0
503,benchmark,,1503,53,100,true,0
504,benchmark,,1504,54,100,true,0
505,benchmark,,1505,55,100,true,0
506,benchmark,,1506,56,100,true,0
507,benchmark,,1507,57,100,true,0
508,benchmark,,1508,58,100,true,0
509,benchmark,,1509,59,100,true,0
510,benchmark,,1510,60,100,true,0
511,benchmark,,1511,61,100,true,0
512,benchmark,,1512,62,100,true,0
513,benchmark,,1513,63,100,true,0
514,benchmark,,1514,64,100,true,0
515,benchmark,,1515,65,100,true,0
516,benchmark,,1516,66,200,true,0
517,benchmark,,1517,67,100,true,0
518,benchmark,,1518,68,100,true,0
519,benchmark,,1519,69,100,true,0
520,benchmark,,1520,70,100,true,0
521,benchmark,,1521,71,100,true,0
522,benchmark,,1522,72,100,true,0
523,benchmark,,1523,73,100,true,0
524,benchmark,,1524,74,100,true,0
525,benchmark,,1525,75,100,true,0
526,benchmark,,1526,76,100,true,0
527,benchmark,,1527,77,100,true,0
528,benchmark,,1528,78,100,true,0
529,benchmark,,1529,79,100,true,0
530,benchmark,,1530,80,100,true,0
531,benchmark,,1531,81,100,true,0
532,benchmark,,1532,82,200,true,0
533,benchmark,,1533,83,100,true,0
534,benchmark,,1534,84,100,true,0
535,benchmark,,1535,85,200,true,0
536,benchmark,,1536,86,100,true,0
537,benchmark,,1537,87,100,true,0
538,benchmark,,1538,88,100,true,0
539,benchmark,,1539,89,100,true,0
540,benchmark,,1540,90,100,true,0
541,benchmark,,1541,91,100,true,0
542,benchmark,,1542,92,100,true,0
543,benchmark,,1543,93,100,true,0
544,benchmark,,1544,94,100,true,0
545,benchmark,,1545,95,200,true,0
546,benchmark,,1546,96,100,true,0
547,benchmark,,1547,97,100,true,0
548,benchmark,,1548,98,100,true,0
549,benchmark,,1549,99,100,true,0
550,benchmark,,1550,100,100,true,0
551,benchmark,,1551,101,100,true,0
552,benchmark,,1552,102,100,true,0
553,benchmark,,1553,103,100,true,0
554,benchmark,,1554,104,100,true,0
3495,benchmark,Stabilizer,1495,145,136200,true,0
3496,benchmark,Stabilizer,1496,146,200,true,0
3497,benchmark,Stabilizer,1497,147,100,true,0
3498,benchmark,Stabilizer,1498,148,100,true,0
3499,benchmark,Stabilizer,1499,149,100,true,0
3500,benchmark,Stabilizer,1500,50,100,false,500
3501,benchmark,Stabilizer,1501,51,100,true,0
3502,benchmark,Stabilizer,1502,52,100,true,0
3503,benchmark,Stabilizer,1503,53,100,true,0
3504,benchmark,Stabilizer,1504,54,100,true,0
3505,benchmark,Stabilizer,1505,55,100,true,0
3506,benchmark,Stabilizer,1506,56,100,true,0
3507,benchmark,Stabilizer,1507,57,100,true,0
3508,benchmark,Stabilizer,1508,58,100,true,0
3509,benchmark,Stabilizer,1509,59,100,true,0
3510,benchmark,Stabilizer,1510,60,100,true,0
3511,benchmark,Stabilizer,1511,61,100,true,0
3512,benchmark,Stabilizer,1512,62,0,true,0
3513,benchmark,Stabilizer,1513,63,0,true,0
3514,benchmark,Stabilizer,1514,64,100,true,0
3515,benchmark,Stabilizer,1515,65,100,true,0
3516,benchmark,Stabilizer,1516,66,100,true,0
3517,benchmark,Stabilizer,1517,67,0,true,0
3518,benchmark,Stabilizer,1518,68,0,true,0
3519,benchmark,Stabilizer,1519,69,0,true,0
3520,benchmark,Stabilizer,1520,70,0,true,0
3521,benchmark,Stabilizer,1521,71,100,true,0
3522,benchmark,Stabilizer,1522,72,100,true,0
1490,benchmark,Gripper,1490,140,159700,true,0
1491,benchmark,Gripper,1491,141,200,true,0
1492,benchmark,Gripper,1492,142,100,true,0
1493,benchmark,Gripper,1493,143,100,true,0
1494,benchmark,Gripper,1494,144,0,true,0
1495,benchmark,Gripper,1495,145,100,true,0
1496,benchmark,Gripper,1496,146,100,true,0
1497,benchmark,Gripper,1497,147,0,true,0
2591,benchmark,Motor,1591,141,97900,true,0
2592,benchmark,Motor,1592,142,200,true,0
2593,benchmark,Motor,1593,143,100,true,0
2594,benchmark,Motor,1594,144,0,true,0
2595,benchmark,Motor,1595,145,100,true,0
2596,benchmark,Motor,1596,146,100,true,0
2597,benchmark,Motor,1597,147,0,true,0
2598,benchmark,Motor,1598,148,100,true,0
2599,benchmark,Motor,1599,149,100,true,0
2600,benchmark,Motor,1600,50,100,false,500
2601,benchmark,Motor,1601,51,0,true,0
2602,benchmark,Motor,1602,52,0,true,0
2603,benchmark,Motor,1603,53,100,true,0
2604,benchmark,Motor,1604,54,100,true,0
2605,benchmark,Motor,1605,55,100,true,0
2606,benchmark,Motor,1606,56,100,true,0
2607,benchmark,Motor,1607,57,100,true,0
2608,benchmark,Motor,1608,58,100,true,0
2609,benchmark,Motor,1609,59,100,true,0
2610,benchmark,Motor,1610,60,100,true,0
2611,benchmark,Motor,1611,61,100,true,0
2612,benchmark,Motor,1612,62,100,true,0
2613,benchmark,Motor,1613,63,100,true,0
2614,benchmark,Motor,1614,64,100,true,0
2615,benchmark,Motor,1615,65,100,true,0
2616,benchmark,Motor,1616,66,100,true,0
2617,benchmark,Motor,1617,67,100,true,0
2618,benchmark,Motor,1618,68,100,true,0
2619,benchmark,Motor,1619,69,0,true,0
2620,benchmark,Motor,1620,70,0,true,0
2621,benchmark,Motor,1621,71,0,true,0
2622,benchmark,Motor,1622,72,100,true,0
2623,benchmark,Motor,1623,73,100,true,0
2624,benchmark,Motor,1624,74,100,true,0
2625,benchmark,Motor,1625,75,100,true,0
2626,benchmark,Motor,1626,76,100,true,0
2627,benchmark,Motor,1627,77,0,true,0
2628,benchmark,Motor,1628,78,0,true,0
2629,benchmark,Motor,1629,79,100,true,0
2630,benchmark,Motor,1630,80,100,true,0
2631,benchmark,Motor,1631,81,0,true,0
2632,benchmark,Motor,1632,82,0,true,0
2633,benchmark,Motor,1633,83,0,true,0
2634,benchmark,Motor,1634,84,100,true,0
2635,benchmark,Motor,1635,85,100,true,0
2636,benchmark,Motor,1636,86,100,true,0
2637,benchmark,Motor,1637,87,100,true,0
2638,benchmark,Motor,1638,88,0,true,0
2639,benchmark,Motor,1639,89,100,true,0
2640,benchmark,Motor,1640,90,0,true,0
2641,benchmark,Motor,1641,91,0,true,0
2642,benchmark,Motor,1642,92,100,true,0
2643,benchmark,Motor,1643,93,100,true,0
2644,benchmark,Motor,1644,94,100,true,0
2645,benchmark,Motor,1645,95,100,true,0
2646,benchmark,Motor,1646,96,100,true,0
2647,benchmark,Motor,1647,97,0,true,0
2648,benchmark,Motor,1648,98,0,true,0
2649,benchmark,Motor,1649,99,0,true,0
2650,benchmark,Motor,1650,100,100,true,0
2651,benchmark,Motor,1651,101,100,true,0
2652,benchmark,Motor,1652,102,100,true,0
2653,benchmark,Motor,1653,103,0,true,0
2654,benchmark,Motor,1654,104,100,true,0
2655,benchmark,Motor,1655,105,100,true,0
2656,benchmark,Motor,1656,106,100,true,0
2657,benchmark,Motor,1657,107,100,true,0
2658,benchmark,Motor,1658,108,100,true,0
2659,benchmark,Motor,1659,109,100,true,0
2660,benchmark,Motor,1660,110,100,true,0
2661,benchmark,Motor,1661,111,0,true,0
2662,benchmark,Motor,1662,112,0,true,0
2663,benchmark,Motor,1663,113,0,true,0
2664,benchmark,Motor,1664,114,0,true,0
2665,benchmark,Motor,1665,115,100,true,0
2666,benchmark,Motor,1666,116,100,true,0
2667,benchmark,Motor,1667,117,100,true,0
2668,benchmark,Motor,1668,118,0,true,0
2669,benchmark,Motor,1669,119,0,true,0
2670,benchmark,Motor,1670,120,100,true,0
2671,benchmark,Motor,1671,121,100,true,0
2672,benchmark,Motor,1672,122,100,true,0
2673,benchmark,Motor,1673,123,100,true,0
2674,benchmark,Motor,1674,124,100,true,0
2675,benchmark,Motor,1675,125,100,true,0
2676,benchmark,Motor,1676,126,100,true,0
2677,benchmark,Motor,1677,127,100,true,0
2678,benchmark,Motor,1678,128,0,true,0
2679,benchmark,Motor,1679,129,0,true,0
2680,benchmark,Motor,1680,130,0,true,0
2681,benchmark,Motor,1681,131,100,true,0
2682,benchmark,Motor,1682,132,100,true,0
2683,benchmark,Motor,1683,133,100,true,0
2684,benchmark,Motor,1684,134,100,true,0
2685,benchmark,Motor,1685,135,100,true,0
2686,benchmark,Motor,1686,136,100,true,0
2687,benchmark,Motor,1687,137,0,true,0
2688,benchmark,Motor,1688,138,0,true,0
2689,benchmark,Motor,1689,139,100,true,0
2690,benchmark,Motor,1690,140,100,true,0
2691,benchmark,Motor,1691,141,100,true,0
2692,benchmark,Motor,1692,142,100,true,0
2693,benchmark,Motor,1693,143,100,true,0
2694,benchmark,Motor,1694,144,100,true,0
2695,benchmark,Motor,1695,145,0,true,0
2696,benchmark,Motor,1696,146,0,true,0
2697,benchmark,Motor,1697,147,100,true,0
2698,benchmark,Motor,1698,148,0,true,0
2699,benchmark,Motor,1699,149,100,true,0
2700,benchmark,Motor,1700,50,0,false,500
2701,benchmark,Motor,1701,51,0,true,0
2702,benchmark,Motor,1702,52,0,true,0
2703,benchmark,Motor,1703,53,0,true,0
2704,benchmark,Motor,1704,54,100,true,0
2705,benchmark,Motor,1705,55,100,true,0
2706,benchmark,Motor,1706,56,100,true,0
2707,benchmark,Motor,1707,57,100,true,0
2708,benchmark,Motor,1708,58,100,true,0
2709,benchmark,Motor,1709,59,100,true,0
2710,benchmark,Motor,1710,60,0,true,0
2711,benchmark,Motor,1711,61,0,true,0
2712,benchmark,Motor,1712,62,100,true,0
2713,benchmark,Motor,1713,63,100,true,0
2714,benchmark,Motor,1714,64,100,true,0
2715,benchmark,Motor,1715,65,100,true,0
2716,benchmark,Motor,1716,66,100,true,0
2717,benchmark,Motor,1717,67,100,true,0
2718,benchmark,Motor,1718,68,0,true,0
2719,benchmark,Motor,1719,69,0,true,0
2720,benchmark,Motor,1720,70,100,true,0
2721,benchmark,Motor,1721,71,100,true,0
2722,benchmark,Motor,1722,72,100,true,0
2723,benchmark,Motor,1723,73,100,true,0
2724,benchmark,Motor,1724,74,100,true,0
2725,benchmark,Motor,1725,75,100,true,0
2726,benchmark,Motor,1726,76,0,true,0
2727,benchmark,Motor,1727,77,0,true,0
2728,benchmark,Motor,1728,78,100,true,0
2729,benchmark,Motor,1729,79,100,true,0
2730,benchmark,Motor,1730,80,100,true,0
2731,benchmark,Motor,1731,81,100,true,0
2732,benchmark,Motor,1732,82,100,true,0
2733,benchmark,Motor,1733,83,100,true,0
2734,benchmark,Motor,1734,84,100,true,0
2735,benchmark,Motor,1735,85,100,true,0
2736,benchmark,Motor,1736,86,100,true,0
2737,benchmark,Motor,1737,87,0,true,0
2738,benchmark,Motor,1738,88,0,true,0
2739,benchmark,Motor,1739,89,0,true,0
2740,benchmark,Motor,1740,90,0,true,0
2741,benchmark,Motor,1741,91,100,true,0
2742,benchmark,Motor,1742,92,100,true,0
2743,benchmark,Motor,1743,93,100,true,0
2744,benchmark,Motor,1744,94,100,true,0
2745,benchmark,Motor,1745,95,0,true,0
2746,benchmark,Motor,1746,96,0,true,0
2747,benchmark,Motor,1747,97,0,true,0
2748,benchmark,Motor,1748,98,0,true,0
2749,benchmark,Motor,1749,99,100,true,0
2750,benchmark,Motor,1750,100,100,true,0
2751,benchmark,Motor,1751,101,100,true,0
2752,benchmark,Motor,1752,102,100,true,0
2753,benchmark,Motor,1753,103,100,true,0
2754,benchmark,Motor,1754,104,0,true,0
2755,benchmark,Motor,1755,105,100,true,0
2756,benchmark,Motor,1756,106,100,true,0
2757,benchmark,Motor,1757,107,100,true,0
2758,benchmark,Motor,1758,108,100,true,0
2759,benchmark,Motor,1759,109,100,true,0
2760,benchmark,Motor,1760,110,0,true,0
2761,benchmark,Motor,1761,111,0,true,0
2762,benchmark,Motor,1762,112,0,true,0
555,benchmark,,1555,105,94100,true,0
556,benchmark,,1556,106,300,true,0
557,benchmark,,1557,107,0,true,0
558,benchmark,,1558,108,0,true,0
559,benchmark,,1559,109,100,true,0
560,benchmark,,1560,110,100,true,0
561,benchmark,,1561,111,100,true,0
3523,benchmark,Stabilizer,1523,73,84300,true,0
3524,benchmark,Stabilizer,1524,74,100,true,0
3525,benchmark,Stabilizer,1525,75,0,true,0
3526,benchmark,Stabilizer,1526,76,100,true,0
3527,benchmark,Stabilizer,1527,77,100,true,0
3528,benchmark,Stabilizer,1528,78,100,true,0
3529,benchmark,Stabilizer,1529,79,100,true,0
3530,benchmark,Stabilizer,1530,80,100,true,0
3531,benchmark,Stabilizer,1531,81,100,true,0
3532,benchmark,Stabilizer,1532,82,100,true,0
3533,benchmark,Stabilizer,1533,83,100,true,0
3534,benchmark,Stabilizer,1534,84,100,true,0
3535,benchmark,Stabilizer,1535,85,100,true,0
1498,benchmark,Gripper,1498,148,82500,true,0
1499,benchmark,Gripper,1499,149,100,true,0
1500,benchmark,Gripper,1500,50,100,false,500
1501,benchmark,Gripper,1501,51,0,true,0
1502,benchmark,Gripper,1502,52,100,true,0
1503,benchmark,Gripper,1503,53,0,true,0
1504,benchmark,Gripper,1504,54,100,true,0
1505,benchmark,Gripper,1505,55,100,true,0
1506,benchmark,Gripper,1506,56,100,true,0
1507,benchmark,Gripper,1507,57,100,true,0
1508,benchmark,Gripper,1508,58,0,true,0
1509,benchmark,Gripper,1509,59,0,true,0
1510,benchmark,Gripper,1510,60,0,true,0
1511,benchmark,Gripper,1511,61,0,true,0
1512,benchmark,Gripper,1512,62,100,true,0
1513,benchmark,Gripper,1513,63,0,true,0
1514,benchmark,Gripper,1514,64,0,true,0
1515,benchmark,Gripper,1515,65,0,true,0
1516,benchmark,Gripper,1516,66,100,true,0
1517,benchmark,Gripper,1517,67,100,true,0
1518,benchmark,Gripper,1518,68,100,true,0
1519,benchmark,Gripper,1519,69,100,true,0
1520,benchmark,Gripper,1520,70,100,true,0
1521,benchmark,Gripper,1521,71,0,true,0
1522,benchmark,Gripper,1522,72,0,true,0
1523,benchmark,Gripper,1523,73,100,true,0
1524,benchmark,Gripper,1524,74,0,true,0
1525,benchmark,Gripper,1525,75,0,true,0
1526,benchmark,Gripper,1526,76,0,true,0
2763,benchmark,Motor,1763,113,38600,true,0
2764,benchmark,Motor,1764,114,200,true,0
2765,benchmark,Motor,1765,115,100,true,0
2766,benchmark,Motor,1766,116,100,true,0
2767,benchmark,Motor,1767,117,0,true,0
2768,benchmark,Motor,1768,118,100,true,0
2769,benchmark,Motor,1769,119,100,true,0
2770,benchmark,Motor,1770,120,100,true,0
2771,benchmark,Motor,1771,121,100,true,0
2772,benchmark,Motor,1772,122,100,true,0
2773,benchmark,Motor,1773,123,100,true,0
2774,benchmark,Motor,1774,124,0,true,0
2775,benchmark,Motor,1775,125,0,true,0
2776,benchmark,Motor,1776,126,100,true,0
562,benchmark,,1562,112,32300,true,0
563,benchmark,,1563,113,200,true,0
564,benchmark,,1564,114,100,true,0
565,benchmark,,1565,115,100,true,0
566,benchmark,,1566,116,0,true,0
567,benchmark,,1567,117,100,true,0
568,benchmark,,1568,118,100,true,0
569,benchmark,,1569,119,0,true,0
570,benchmark,,1570,120,100,true,0
571,benchmark,,1571,121,0,true,0
572,benchmark,,1572,122,100,true,0
573,benchmark,,1573,123,100,true,0
574,benchmark,,1574,124,100,true,0
575,benchmark,,1575,125,100,true,0
576,benchmark,,1576,126,100,true,0
577,benchmark,,1577,127,100,true,0
578,benchmark,,1578,128,100,true,0
579,benchmark,,1579,129,100,true,0
580,benchmark,,1580,130,100,true,0
581,benchmark,,1581,131,100,true,0
582,benchmark,,1582,132,100,true,0
583,benchmark,,1583,133,100,true,0
584,benchmark,,1584,134,100,true,0
585,benchmark,,1585,135,0,true,0
586,benchmark,,1586,136,0,true,0
587,benchmark,,1587,137,0,true,0
588,benchmark,,1588,138,0,true,0
589,benchmark,,1589,139,0,true,0
590,benchmark,,1590,140,100,true,0
591,benchmark,,1591,141,100,true,0
592,benchmark,,1592,142,100,true,0
593,benchmark,,1593,143,100,true,0
594,benchmark,,1594,144,0,true,0
595,benchmark,,1595,145,100,true,0
596,benchmark,,1596,146,100,true,0
597,benchmark,,1597,147,0,true,0
598,benchmark,,1598,148,0,true,0
599,benchmark,,1599,149,100,true,0
600,benchmark,,1600,50,100,false,500
601,benchmark,,1601,51,100,true,0
602,benchmark,,1602,52,100,true,0
603,benchmark,,1603,53,100,true,0
604,benchmark,,1604,54,100,true,0
605,benchmark,,1605,55,100,true,0
606,benchmark,,1606,56,100,true,0
607,benchmark,,1607,57,100,true,0
608,benchmark,,1608,58,100,true,0
609,benchmark,,1609,59,100,true,0
610,benchmark,,1610,60,100,true,0
611,benchmark,,1611,61,100,true,0
612,benchmark,,1612,62,100,true,0
613,benchmark,,1613,63,100,true,0
614,benchmark,,1614,64,0,true,0
615,benchmark,,1615,65,100,true,0
616,benchmark,,1616,66,0,true,0
617,benchmark,,1617,67,0,true,0
618,benchmark,,1618,68,100,true,0
619,benchmark,,1619,69,100,true,0
620,benchmark,,1620,70,100,true,0
621,benchmark,,1621,71,100,true,0
622,benchmark,,1622,72,100,true,0
623,benchmark,,1623,73,0,true,0
624,benchmark,,1624,74,100,true,0
625,benchmark,,1625,75,100,true,0
626,benchmark,,1626,76,100,true,0
627,benchmark,,1627,77,100,true,0
628,benchmark,,1628,78,100,true,0
629,benchmark,,1629,79,100,true,0
630,benchmark,,1630,80,100,true,0
631,benchmark,,1631,81,100,true,0
632,benchmark,,1632,82,100,true,0
633,benchmark,,1633,83,100,true,0
634,benchmark,,1634,84,100,true,0
635,benchmark,,1635,85,100,true,0
636,benchmark,,1636,86,0,true,0
637,benchmark,,1637,87,0,true,0
638,benchmark,,1638,88,0,true,0
639,benchmark,,1639,89,100,true,0
640,benchmark,,1640,90,100,true,0
641,benchmark,,1641,91,100,true,0
642,benchmark,,1642,92,100,true,0
643,benchmark,,1643,93,100,true,0
644,benchmark,,1644,94,100,true,0
645,benchmark,,1645,95,100,true,0
646,benchmark,,1646,96,100,true,0
647,benchmark,,1647,97,0,true,0
648,benchmark,,1648,98,0,true,0
649,benchmark,,1649,99,0,true,0
650,benchmark,,1650,100,100,true,0
651,benchmark,,1651,101,100,true,0
652,benchmark,,1652,102,100,true,0
653,benchmark,,1653,103,100,true,0
654,benchmark,,1654,104,100,true,0
655,benchmark,,1655,105,100,true,0
656,benchmark,,1656,106,100,true,0
657,benchmark,,1657,107,100,true,0
658,benchmark,,1658,108,0,true,0
659,benchmark,,1659,109,0,true,0
660,benchmark,,1660,110,0,true,0
661,benchmark,,1661,111,0,true,0
662,benchmark,,1662,112,100,true,0
663,benchmark,,1663,113,100,true,0
664,benchmark,,1664,114,100,true,0
665,benchmark,,1665,115,100,true,0
666,benchmark,,1666,116,100,true,0
667,benchmark,,1667,117,0,true,0
668,benchmark,,1668,118,0,true,0
669,benchmark,,1669,119,0,true,0
670,benchmark,,1670,120,0,true,0
671,benchmark,,1671,121,100,true,0
672,benchmark,,1672,122,100,true,0
673,benchmark,,1673,123,100,true,0
674,benchmark,,1674,124,100,true,0
675,benchmark,,1675,125,100,true,0
676,benchmark,,1676,126,100,true,0
677,benchmark,,1677,127,100,true,0
678,benchmark,,1678,128,100,true,0
679,benchmark,,1679,129,100,true,0
680,benchmark,,1680,130,100,true,0
681,benchmark,,1681,131,100,true,0
682,benchmark,,1682,132,100,true,0
683,benchmark,,1683,133,0,true,0
684,benchmark,,1684,134,0,true,0
685,benchmark,,1685,135,0,true,0
686,benchmark,,1686,136,0,true,0
687,benchmark,,1687,137,0,true,0
688,benchmark,,1688,138,0,true,0
689,benchmark,,1689,139,0,true,0
690,benchmark,,1690,140,100,true,0
691,benchmark,,1691,141,100,true,0
692,benchmark,,1692,142,100,true,0
693,benchmark,,1693,143,100,true,0
694,benchmark,,1694,144,100,true,0
695,benchmark,,1695,145,100,true,0
696,benchmark,,1696,146,100,true,0
697,benchmark,,1697,147,100,true,0
698,benchmark,,1698,148,100,true,0
699,benchmark,,1699,149,100,true,0
700,benchmark,,1700,50,0,false,500
701,benchmark,,1701,51,0,true,0
702,benchmark,,1702,52,0,true,0
703,benchmark,,1703,53,0,true,0
704,benchmark,,1704,54,0,true,0
705,benchmark,,1705,55,0,true,0
706,benchmark,,1706,56,0,true,0
707,benchmark,,1707,57,0,true,0
708,benchmark,,1708,58,100,true,0
709,benchmark,,1709,59,100,true,0
710,benchmark,,1710,60,100,true,0
711,benchmark,,1711,61,100,true,0
3536,benchmark,Stabilizer,1536,86,81100,true,0
3537,benchmark,Stabilizer,1537,87,200,true,0
3538,benchmark,Stabilizer,1538,88,0,true,0
3539,benchmark,Stabilizer,1539,89,100,true,0
3540,benchmark,Stabilizer,1540,90,100,true,0
3541,benchmark,Stabilizer,1541,91,200,true,0
1527,benchmark,Gripper,1527,77,81200,true,0
1528,benchmark,Gripper,1528,78,200,true,0
1529,benchmark,Gripper,1529,79,100,true,0
1530,benchmark,Gripper,1530,80,100,true,0
1531,benchmark,Gripper,1531,81,0,true,0
1532,benchmark,Gripper,1532,82,100,true,0
1533,benchmark,Gripper,1533,83,0,true,0
1534,benchmark,Gripper,1534,84,100,true,0
1535,benchmark,Gripper,1535,85,100,true,0
2777,benchmark,Motor,1777,127,80600,true,0
1536,benchmark,Gripper,1536,86,300,true,0
1537,benchmark,Gripper,1537,87,0,true,0
1538,benchmark,Gripper,1538,88,100,true,0
1539,benchmark,Gripper,1539,89,0,true,0
1540,benchmark,Gripper,1540,90,0,true,0
1541,benchmark,Gripper,1541,91,0,true,0
1542,benchmark,Gripper,1542,92,0,true,0
1543,benchmark,Gripper,1543,93,0,true,0
1544,benchmark,Gripper,1544,94,100,true,0
1545,benchmark,Gripper,1545,95,100,true,0
1546,benchmark,Gripper,1546,96,100,true,0
2778,benchmark,Motor,1778,128,200,true,0
1547,benchmark,Gripper,1547,97,500,true,0
2779,benchmark,Motor,1779,129,100,true,0
1548,benchmark,Gripper,1548,98,300,true,0
2780,benchmark,Motor,1780,130,100,true,0
1549,benchmark,Gripper,1549,99,200,true,0
2781,benchmark,Motor,1781,131,200,true,0
1550,benchmark,Gripper,1550,100,200,true,0
2782,benchmark,Motor,1782,132,100,true,0
1551,benchmark,Gripper,1551,101,300,true,0
2783,benchmark,Motor,1783,133,100,true,0
1552,benchmark,Gripper,1552,102,100,true,0
2784,benchmark,Motor,1784,134,100,true,0
1553,benchmark,Gripper,1553,103,200,true,0
2785,benchmark,Motor,1785,135,200,true,0
1554,benchmark,Gripper,1554,104,200,true,0
2786,benchmark,Motor,1786,136,100,true,0
1555,benchmark,Gripper,1555,105,200,true,0
2787,benchmark,Motor,1787,137,100,true,0
1556,benchmark,Gripper,1556,106,200,true,0
2788,benchmark,Motor,1788,138,200,true,0
1557,benchmark,Gripper,1557,107,200,true,0
2789,benchmark,Motor,1789,139,200,true,0
1558,benchmark,Gripper,1558,108,200,true,0
2790,benchmark,Motor,1790,140,200,true,0
1559,benchmark,Gripper,1559,109,100,true,0
2791,benchmark,Motor,1791,141,100,true,0
1560,benchmark,Gripper,1560,110,300,true,0
2792,benchmark,Motor,1792,142,100,true,0
1561,benchmark,Gripper,1561,111,200,true,0
2793,benchmark,Motor,1793,143,100,true,0
1562,benchmark,Gripper,1562,112,100,true,0
2794,benchmark,Motor,1794,144,100,true,0
1563,benchmark,Gripper,1563,113,100,true,0
2795,benchmark,Motor,1795,145,100,true,0
1564,benchmark,Gripper,1564,114,300,true,0
2796,benchmark,Motor,1796,146,100,true,0
1565,benchmark,Gripper,1565,115,400,true,0
2797,benchmark,Motor,1797,147,200,true,0
1566,benchmark,Gripper,1566,116,100,true,0
2798,benchmark,Motor,1798,148,200,true,0
1567,benchmark,Gripper,1567,117,100,true,0
2799,benchmark,Motor,1799,149,200,true,0
1568,benchmark,Gripper,1568,118,100,true,0
2800,benchmark,Motor,1800,50,100,false,500
1569,benchmark,Gripper,1569,119,200,true,0
2801,benchmark,Motor,1801,51,100,true,0
1570,benchmark,Gripper,1570,120,200,true,0
2802,benchmark,Motor,1802,52,100,true,0
1571,benchmark,Gripper,1571,121,100,true,0
2803,benchmark,Motor,1803,53,200,true,0
1572,benchmark,Gripper,1572,122,100,true,0
2804,benchmark,Motor,1804,54,200,true,0
1573,benchmark,Gripper,1573,123,100,true,0
2805,benchmark,Motor,1805,55,100,true,0
1574,benchmark,Gripper,1574,124,200,true,0
2806,benchmark,Motor,1806,56,100,true,0
1575,benchmark,Gripper,1575,125,200,true,0
2807,benchmark,Motor,1807,57,200,true,0
1576,benchmark,Gripper,1576,126,100,true,0
2808,benchmark,Motor,1808,58,100,true,0
1577,benchmark,Gripper,1577,127,200,true,0
2809,benchmark,Motor,1809,59,100,true,0
1578,benchmark,Gripper,1578,128,200,true,0
2810,benchmark,Motor,1810,60,200,true,0
1579,benchmark,Gripper,1579,129,200,true,0
2811,benchmark,Motor,1811,61,100,true,0
1580,benchmark,Gripper,1580,130,100,true,0
2812,benchmark,Motor,1812,62,200,true,0
1581,benchmark,Gripper,1581,131,100,true,0
2813,benchmark,Motor,1813,63,100,true,0
1582,benchmark,Gripper,1582,132,300,true,0
2814,benchmark,Motor,1814,64,100,true,0
1583,benchmark,Gripper,1583,133,100,true,0
2815,benchmark,Motor,1815,65,100,true,0
1584,benchmark,Gripper,1584,134,100,true,0
2816,benchmark,Motor,1816,66,200,true,0
1585,benchmark,Gripper,1585,135,100,true,0
2817,benchmark,Motor,1817,67,200,true,0
1586,benchmark,Gripper,1586,136,200,true,0
2818,benchmark,Motor,1818,68,200,true,0
1587,benchmark,Gripper,1587,137,100,true,0
2819,benchmark,Motor,1819,69,100,true,0
1588,benchmark,Gripper,1588,138,100,true,0
2820,benchmark,Motor,1820,70,100,true,0
1589,benchmark,Gripper,1589,139,200,true,0
2821,benchmark,Motor,1821,71,200,true,0
1590,benchmark,Gripper,1590,140,100,true,0
2822,benchmark,Motor,1822,72,200,true,0
1591,benchmark,Gripper,1591,141,100,true,0
2823,benchmark,Motor,1823,73,100,true,0
1592,benchmark,Gripper,1592,142,200,true,0
2824,benchmark,Motor,1824,74,100,true,0
1593,benchmark,Gripper,1593,143,200,true,0
2825,benchmark,Motor,1825,75,500,true,0
1594,benchmark,Gripper,1594,144,300,true,0
2826,benchmark,Motor,1826,76,200,true,0
1595,benchmark,Gripper,1595,145,100,true,0
2827,benchmark,Motor,1827,77,200,true,0
1596,benchmark,Gripper,1596,146,100,true,0
2828,benchmark,Motor,1828,78,200,true,0
2829,benchmark,Motor,1829,79,0,true,0
2830,benchmark,Motor,1830,80,100,true,0
1597,benchmark,Gripper,1597,147,100,true,0
2831,benchmark,Motor,1831,81,200,true,0
1598,benchmark,Gripper,1598,148,100,true,0
2832,benchmark,Motor,1832,82,200,true,0
1599,benchmark,Gripper,1599,149,100,true,0
2833,benchmark,Motor,1833,83,100,true,0
1600,benchmark,Gripper,1600,50,100,false,500
2834,benchmark,Motor,1834,84,200,true,0
1601,benchmark,Gripper,1601,51,100,true,0
2835,benchmark,Motor,1835,85,300,true,0
1602,benchmark,Gripper,1602,52,200,true,0
2836,benchmark,Motor,1836,86,100,true,0
1603,benchmark,Gripper,1603,53,200,true,0
2837,benchmark,Motor,1837,87,100,true,0
1604,benchmark,Gripper,1604,54,200,true,0
2838,benchmark,Motor,1838,88,100,true,0
1605,benchmark,Gripper,1605,55,200,true,0
2839,benchmark,Motor,1839,89,100,true,0
1606,benchmark,Gripper,1606,56,200,true,0
2840,benchmark,Motor,1840,90,100,true,0
1607,benchmark,Gripper,1607,57,100,true,0
2841,benchmark,Motor,1841,91,100,true,0
1608,benchmark,Gripper,1608,58,100,true,0
2842,benchmark,Motor,1842,92,100,true,0
1609,benchmark,Gripper,1609,59,200,true,0
2843,benchmark,Motor,1843,93,100,true,0
1610,benchmark,Gripper,1610,60,200,true,0
2844,benchmark,Motor,1844,94,200,true,0
1611,benchmark,Gripper,1611,61,100,true,0
2845,benchmark,Motor,1845,95,100,true,0
1612,benchmark,Gripper,1612,62,100,true,0
2846,benchmark,Motor,1846,96,100,true,0
1613,benchmark,Gripper,1613,63,100,true,0
2847,benchmark,Motor,1847,97,100,true,0
1614,benchmark,Gripper,1614,64,100,true,0
2848,benchmark,Motor,1848,98,100,true,0
1615,benchmark,Gripper,1615,65,200,true,0
2849,benchmark,Motor,1849,99,100,true,0
1616,benchmark,Gripper,1616,66,100,true,0
2850,benchmark,Motor,1850,100,100,true,0
1617,benchmark,Gripper,1617,67,100,true,0
2851,benchmark,Motor,1851,101,200,true,0
1618,benchmark,Gripper,1618,68,100,true,0
2852,benchmark,Motor,1852,102,100,true,0
1619,benchmark,Gripper,1619,69,200,true,0
2853,benchmark,Motor,1853,103,100,true,0
1620,benchmark,Gripper,1620,70,200,true,0
1621,benchmark,Gripper,1621,71,100,true,0
1622,benchmark,Gripper,1622,72,100,true,0
1623,benchmark,Gripper,1623,73,0,true,0
1624,benchmark,Gripper,1624,74,100,true,0
1625,benchmark,Gripper,1625,75,0,true,0
1626,benchmark,Gripper,1626,76,100,true,0
1627,benchmark,Gripper,1627,77,100,true,0
1628,benchmark,Gripper,1628,78,0,true,0
1629,benchmark,Gripper,1629,79,0,true,0
1630,benchmark,Gripper,1630,80,0,true,0
1631,benchmark,Gripper,1631,81,0,true,0
1632,benchmark,Gripper,1632,82,100,true,0
1633,benchmark,Gripper,1633,83,0,true,0
1634,benchmark,Gripper,1634,84,100,true,0
1635,benchmark,Gripper,1635,85,100,true,0
1636,benchmark,Gripper,1636,86,100,true,0
1637,benchmark,Gripper,1637,87,0,true,0
712,benchmark,,1712,62,81600,true,0
713,benchmark,,1713,63,200,true,0
714,benchmark,,1714,64,100,true,0
715,benchmark,,1715,65,100,true,0
716,benchmark,,1716,66,100,true,0
717,benchmark,,1717,67,100,true,0
2854,benchmark,Motor,1854,104,30900,true,0
2855,benchmark,Motor,1855,105,200,true,0
2856,benchmark,Motor,1856,106,100,true,0
2857,benchmark,Motor,1857,107,100,true,0
2858,benchmark,Motor,1858,108,100,true,0
2859,benchmark,Motor,1859,109,0,true,0
2860,benchmark,Motor,1860,110,100,true,0
2861,benchmark,Motor,1861,111,0,true,0
2862,benchmark,Motor,1862,112,100,true,0
2863,benchmark,Motor,1863,113,100,true,0
2864,benchmark,Motor,1864,114,0,true,0
1638,benchmark,Gripper,1638,88,23200,true,0
1639,benchmark,Gripper,1639,89,200,true,0
1640,benchmark,Gripper,1640,90,100,true,0
1641,benchmark,Gripper,1641,91,100,true,0
1642,benchmark,Gripper,1642,92,100,true,0
1643,benchmark,Gripper,1643,93,100,true,0
1644,benchmark,Gripper,1644,94,100,true,0
1645,benchmark,Gripper,1645,95,100,true,0
1646,benchmark,Gripper,1646,96,100,true,0
1647,benchmark,Gripper,1647,97,0,true,0
1648,benchmark,Gripper,1648,98,0,true,0
1649,benchmark,Gripper,1649,99,0,true,0
1650,benchmark,Gripper,1650,100,0,true,0
1651,benchmark,Gripper,1651,101,0,true,0
1652,benchmark,Gripper,1652,102,0,true,0
1653,benchmark,Gripper,1653,103,0,true,0
1654,benchmark,Gripper,1654,104,100,true,0
1655,benchmark,Gripper,1655,105,100,true,0
1656,benchmark,Gripper,1656,106,100,true,0
1657,benchmark,Gripper,1657,107,100,true,0
1658,benchmark,Gripper,1658,108,100,true,0
718,benchmark,,1718,68,22600,true,0
719,benchmark,,1719,69,200,true,0
720,benchmark,,1720,70,100,true,0
721,benchmark,,1721,71,100,true,0
722,benchmark,,1722,72,100,true,0
723,benchmark,,1723,73,100,true,0
724,benchmark,,1724,74,100,true,0
725,benchmark,,1725,75,100,true,0
726,benchmark,,1726,76,100,true,0
727,benchmark,,1727,77,0,true,0
728,benchmark,,1728,78,100,true,0
729,benchmark,,1729,79,100,true,0
730,benchmark,,1730,80,100,true,0
2865,benchmark,Motor,1865,115,23800,true,0
3542,benchmark,Stabilizer,1542,92,114800,true,0
2866,benchmark,Motor,1866,116,200,true,0
2867,benchmark,Motor,1867,117,100,true,0
2868,benchmark,Motor,1868,118,100,true,0
2869,benchmark,Motor,1869,119,100,true,0
2870,benchmark,Motor,1870,120,100,true,0
2871,benchmark,Motor,1871,121,0,true,0
2872,benchmark,Motor,1872,122,100,true,0
2873,benchmark,Motor,1873,123,100,true,0
2874,benchmark,Motor,1874,124,100,true,0
2875,benchmark,Motor,1875,125,100,true,0
1659,benchmark,Gripper,1659,109,17300,true,0
2876,benchmark,Motor,1876,126,1200,true,0
1660,benchmark,Gripper,1660,110,100,true,0
2877,benchmark,Motor,1877,127,300,true,0
1661,benchmark,Gripper,1661,111,200,true,0
2878,benchmark,Motor,1878,128,300,true,0
1662,benchmark,Gripper,1662,112,100,true,0
2879,benchmark,Motor,1879,129,200,true,0
1663,benchmark,Gripper,1663,113,100,true,0
2880,benchmark,Motor,1880,130,200,true,0
1664,benchmark,Gripper,1664,114,100,true,0
2881,benchmark,Motor,1881,131,200,true,0
1665,benchmark,Gripper,1665,115,100,true,0
2882,benchmark,Motor,1882,132,200,true,0
1666,benchmark,Gripper,1666,116,100,true,0
2883,benchmark,Motor,1883,133,300,true,0
1667,benchmark,Gripper,1667,117,200,true,0
2884,benchmark,Motor,1884,134,200,true,0
1668,benchmark,Gripper,1668,118,100,true,0
2885,benchmark,Motor,1885,135,100,true,0
1669,benchmark,Gripper,1669,119,100,true,0
2886,benchmark,Motor,1886,136,100,true,0
1670,benchmark,Gripper,1670,120,100,true,0
2887,benchmark,Motor,1887,137,100,true,0
1671,benchmark,Gripper,1671,121,100,true,0
3543,benchmark,Stabilizer,1543,93,600,true,0
2888,benchmark,Motor,1888,138,700,true,0
3544,benchmark,Stabilizer,1544,94,300,true,0
1672,benchmark,Gripper,1672,122,1100,true,0
2889,benchmark,Motor,1889,139,1000,true,0
1673,benchmark,Gripper,1673,123,100,true,0
731,benchmark,,1731,81,17900,true,0
2890,benchmark,Motor,1890,140,1200,true,0
732,benchmark,,1732,82,100,true,0
1674,benchmark,Gripper,1674,124,2700,true,0
733,benchmark,,1733,83,400,true,0
2891,benchmark,Motor,1891,141,1400,true,0
1675,benchmark,Gripper,1675,125,300,true,0
3545,benchmark,Stabilizer,1545,95,3500,true,0
3546,benchmark,Stabilizer,1546,96,200,true,0
734,benchmark,,1734,84,2200,true,0
735,benchmark,,1735,85,200,true,0
2892,benchmark,Motor,1892,142,3200,true,0
3547,benchmark,Stabilizer,1547,97,2400,true,0
1676,benchmark,Gripper,1676,126,4300,true,0
2893,benchmark,Motor,1893,143,1100,true,0
1677,benchmark,Gripper,1677,127,100,true,0
3548,benchmark,Stabilizer,1548,98,1100,true,0
736,benchmark,,1736,86,300,true,0
2894,benchmark,Motor,1894,144,800,true,0
737,benchmark,,1737,87,100,true,0
2895,benchmark,Motor,1895,145,200,true,0
1678,benchmark,Gripper,1678,128,1900,true,0
2896,benchmark,Motor,1896,146,100,true,0
1679,benchmark,Gripper,1679,129,100,true,0
2897,benchmark,Motor,1897,147,500,true,0
3549,benchmark,Stabilizer,1549,99,2700,true,0
738,benchmark,,1738,88,2500,true,0
3550,benchmark,Stabilizer,1550,100,200,true,0
739,benchmark,,1739,89,400,true,0
2898,benchmark,Motor,1898,148,1900,true,0
740,benchmark,,1740,90,300,true,0
741,benchmark,,1741,91,100,true,0
1680,benchmark,Gripper,1680,130,3100,true,0
742,benchmark,,1742,92,300,true,0
743,benchmark,,1743,93,200,true,0
3551,benchmark,Stabilizer,1551,101,2500,true,0
744,benchmark,,1744,94,300,true,0
2899,benchmark,Motor,1899,149,2000,true,0
2900,benchmark,Motor,1900,50,100,false,500
2901,benchmark,Motor,1901,51,200,true,0
2902,benchmark,Motor,1902,52,200,true,0
1681,benchmark,Gripper,1681,131,3200,true,0
745,benchmark,,1745,95,2800,true,0
1682,benchmark,Gripper,1682,132,100,true,0
746,benchmark,,1746,96,200,true,0
747,benchmark,,1747,97,300,true,0
1683,benchmark,Gripper,1683,133,1200,true,0
1684,benchmark,Gripper,1684,134,100,true,0
2903,benchmark,Motor,1903,53,3600,true,0
2904,benchmark,Motor,1904,54,0,true,0
3552,benchmark,Stabilizer,1552,102,7000,true,0
2905,benchmark,Motor,1905,55,700,true,0
2906,benchmark,Motor,1906,56,200,true,0
2907,benchmark,Motor,1907,57,100,true,0
3553,benchmark,Stabilizer,1553,103,1700,true,0
2908,benchmark,Motor,1908,58,700,true,0
2909,benchmark,Motor,1909,59,100,true,0
1685,benchmark,Gripper,1685,135,5200,true,0
748,benchmark,,1748,98,7200,true,0
1686,benchmark,Gripper,1686,136,900,true,0
3554,benchmark,Stabilizer,1554,104,4000,true,0
1687,benchmark,Gripper,1687,137,200,true,0
749,benchmark,,1749,99,1900,true,0
750,benchmark,,1750,100,200,true,0
1688,benchmark,Gripper,1688,138,1300,true,0
1689,benchmark,Gripper,1689,139,100,true,0
2910,benchmark,Motor,1910,60,5900,true,0
2911,benchmark,Motor,1911,61,100,true,0
751,benchmark,,1751,101,2200,true,0
1690,benchmark,Gripper,1690,140,1700,true,0
3555,benchmark,Stabilizer,1555,105,4400,true,0
2912,benchmark,Motor,1912,62,1600,true,0
1691,benchmark,Gripper,1691,141,400,true,0
2913,benchmark,Motor,1913,63,200,true,0
752,benchmark,,1752,102,2000,true,0
753,benchmark,,1753,103,200,true,0
2914,benchmark,Motor,1914,64,1000,true,0
1692,benchmark,Gripper,1692,142,2100,true,0
1693,benchmark,Gripper,1693,143,100,true,0
754,benchmark,,1754,104,1700,true,0
1694,benchmark,Gripper,1694,144,200,true,0
1695,benchmark,Gripper,1695,145,200,true,0
3556,benchmark,Stabilizer,1556,106,5200,true,0
755,benchmark,,1755,105,100,true,0
2915,benchmark,Motor,1915,65,2900,true,0
2916,benchmark,Motor,1916,66,100,true,0
2917,benchmark,Motor,1917,67,100,true,0
756,benchmark,,1756,106,1700,true,0
757,benchmark,,1757,107,100,true,0
1696,benchmark,Gripper,1696,146,3300,true,0
1697,benchmark,Gripper,1697,147,200,true,0
758,benchmark,,1758,108,1200,true,0
1698,benchmark,Gripper,1698,148,300,true,0
3557,benchmark,Stabilizer,1557,107,4800,true,0
1699,benchmark,Gripper,1699,149,700,true,0
3558,benchmark,Stabilizer,1558,108,800,true,0
759,benchmark,,1759,109,1900,true,0
760,benchmark,,1760,110,100,true,0
2918,benchmark,Motor,1918,68,5500,true,0
2919,benchmark,Motor,1919,69,100,true,0
1700,benchmark,Gripper,1700,50,1800,false,500
3559,benchmark,Stabilizer,1559,109,1300,true,0
1701,benchmark,Gripper,1701,51,500,true,0
761,benchmark,,1761,111,2700,true,0
1702,benchmark,Gripper,1702,52,700,true,0
762,benchmark,,1762,112,700,true,0
763,benchmark,,1763,113,100,true,0
1703,benchmark,Gripper,1703,53,1000,true,0
764,benchmark,,1764,114,700,true,0
1704,benchmark,Gripper,1704,54,500,true,0
765,benchmark,,1765,115,400,true,0
766,benchmark,,1766,116,100,true,0
3560,benchmark,Stabilizer,1560,110,5200,true,0
2920,benchmark,Motor,1920,70,1600,true,0
2921,benchmark,Motor,1921,71,200,true,0
767,benchmark,,1767,117,1900,true,0
768,benchmark,,1768,118,100,true,0
1705,benchmark,Gripper,1705,55,3100,true,0
769,benchmark,,1769,119,700,true,0
3561,benchmark,Stabilizer,1561,111,3900,true,0
1706,benchmark,Gripper,1706,56,1300,true,0
2922,benchmark,Motor,1922,72,3900,true,0
1707,benchmark,Gripper,1707,57,100,true,0
2923,benchmark,Motor,1923,73,100,true,0
3562,benchmark,Stabilizer,1562,112,1600,true,0
770,benchmark,,1770,120,2300,true,0
1708,benchmark,Gripper,1708,58,1900,true,0
771,benchmark,,1771,121,700,true,0
2924,benchmark,Motor,1924,74,1700,true,0
772,benchmark,,1772,122,100,true,0
1709,benchmark,Gripper,1709,59,1200,true,0
773,benchmark,,1773,123,900,true,0
774,benchmark,,1774,124,100,true,0
3563,benchmark,Stabilizer,1563,113,4400,true,0
2925,benchmark,Motor,1925,75,2300,true,0
3564,benchmark,Stabilizer,1564,114,800,true,0
3565,benchmark,Stabilizer,1565,115,100,true,0
1710,benchmark,Gripper,1710,60,3200,true,0
3566,benchmark,Stabilizer,1566,116,600,true,0
2926,benchmark,Motor,1926,76,2300,true,0
3567,benchmark,Stabilizer,1567,117,300,true,0
3568,benchmark,Stabilizer,1568,118,0,true,0
2927,benchmark,Motor,1927,77,300,true,0
2928,benchmark,Motor,1928,78,100,true,0
775,benchmark,,1775,125,5700,true,0
2929,benchmark,Motor,1929,79,700,true,0
1711,benchmark,Gripper,1711,61,4400,true,0
1712,benchmark,Gripper,1712,62,200,true,0
3569,benchmark,Stabilizer,1569,119,3700,true,0
776,benchmark,,1776,126,2600,true,0
3570,benchmark,Stabilizer,1570,120,100,true,0
2930,benchmark,Motor,1930,80,2600,true,0
777,benchmark,,1777,127,100,true,0
3571,benchmark,Stabilizer,1571,121,800,true,0
3572,benchmark,Stabilizer,1572,122,300,true,0
778,benchmark,,1778,128,1700,true,0
3573,benchmark,Stabilizer,1573,123,200,true,0
3574,benchmark,Stabilizer,1574,124,100,true,0
1713,benchmark,Gripper,1713,63,5000,true,0
1714,benchmark,Gripper,1714,64,300,true,0
779,benchmark,,1779,129,1400,true,0
3575,benchmark,Stabilizer,1575,125,1800,true,0
3576,benchmark,Stabilizer,1576,126,200,true,0
1715,benchmark,Gripper,1715,65,1600,true,0
1716,benchmark,Gripper,1716,66,200,true,0
3577,benchmark,Stabilizer,1577,127,1000,true,0
2931,benchmark,Motor,1931,81,7100,true,0
2932,benchmark,Motor,1932,82,100,true,0
3578,benchmark,Stabilizer,1578,128,1200,true,0
1717,benchmark,Gripper,1717,67,2400,true,0
3579,benchmark,Stabilizer,1579,129,300,true,0
3580,benchmark,Stabilizer,1580,130,0,true,0
2933,benchmark,Motor,1933,83,1900,true,0
1718,benchmark,Gripper,1718,68,900,true,0
3581,benchmark,Stabilizer,1581,131,2100,true,0
1719,benchmark,Gripper,1719,69,600,true,0
1720,benchmark,Gripper,1720,70,300,true,0
780,benchmark,,1780,130,9400,true,0
781,benchmark,,1781,131,100,true,0
2934,benchmark,Motor,1934,84,4400,true,0
1721,benchmark,Gripper,1721,71,1900,true,0
1722,benchmark,Gripper,1722,72,100,true,0
2935,benchmark,Motor,1935,85,1000,true,0
1723,benchmark,Gripper,1723,73,100,true,0
782,benchmark,,1782,132,2600,true,0
1724,benchmark,Gripper,1724,74,200,true,0
783,benchmark,,1783,133,100,true,0
1725,benchmark,Gripper,1725,75,500,true,0
3582,benchmark,Stabilizer,1582,132,6100,true,0
784,benchmark,,1784,134,100,true,0
785,benchmark,,1785,135,200,true,0
3583,benchmark,Stabilizer,1583,133,300,true,0
2936,benchmark,Motor,1936,86,3200,true,0
786,benchmark,,1786,136,100,true,0
1726,benchmark,Gripper,1726,76,2300,true,0
1727,benchmark,Gripper,1727,77,200,true,0
1728,benchmark,Gripper,1728,78,100,true,0
3584,benchmark,Stabilizer,1584,134,2400,true,0
3585,benchmark,Stabilizer,1585,135,200,true,0
2937,benchmark,Motor,1937,87,2700,true,0
2938,benchmark,Motor,1938,88,100,true,0
3586,benchmark,Stabilizer,1586,136,1000,true,0
2939,benchmark,Motor,1939,89,300,true,0
787,benchmark,,1787,137,4400,true,0
2940,benchmark,Motor,1940,90,400,true,0
1729,benchmark,Gripper,1729,79,3400,true,0
788,benchmark,,1788,138,200,true,0
1730,benchmark,Gripper,1730,80,100,true,0
2941,benchmark,Motor,1941,91,1100,true,0
1731,benchmark,Gripper,1731,81,200,true,0
3587,benchmark,Stabilizer,1587,137,2700,true,0
3588,benchmark,Stabilizer,1588,138,300,true,0
1732,benchmark,Gripper,1732,82,1400,true,0
2942,benchmark,Motor,1942,92,2100,true,0
2943,benchmark,Motor,1943,93,100,true,0
3589,benchmark,Stabilizer,1589,139,1700,true,0
3590,benchmark,Stabilizer,1590,140,100,true,0
2944,benchmark,Motor,1944,94,1000,true,0
2945,benchmark,Motor,1945,95,100,true,0
1733,benchmark,Gripper,1733,83,3300,true,0
1734,benchmark,Gripper,1734,84,100,true,0
789,benchmark,,1789,139,7200,true,0
3591,benchmark,Stabilizer,1591,141,3100,true,0
790,benchmark,,1790,140,300,true,0
1735,benchmark,Gripper,1735,85,1900,true,0
3592,benchmark,Stabilizer,1592,142,200,true,0
2946,benchmark,Motor,1946,96,3400,true,0
1736,benchmark,Gripper,1736,86,300,true,0
1737,benchmark,Gripper,1737,87,100,true,0
3593,benchmark,Stabilizer,1593,143,1100,true,0
1738,benchmark,Gripper,1738,88,100,true,0
3594,benchmark,Stabilizer,1594,144,800,true,0
3595,benchmark,Stabilizer,1595,145,200,true,0
2947,benchmark,Motor,1947,97,2500,true,0
2948,benchmark,Motor,1948,98,300,true,0
1739,benchmark,Gripper,1739,89,3000,true,0
1740,benchmark,Gripper,1740,90,100,true,0
791,benchmark,,1791,141,6900,true,0
2949,benchmark,Motor,1949,99,1600,true,0
1741,benchmark,Gripper,1741,91,1700,true,0
2950,benchmark,Motor,1950,100,100,true,0
3596,benchmark,Stabilizer,1596,146,5100,true,0
2951,benchmark,Motor,1951,101,600,true,0
2952,benchmark,Motor,1952,102,100,true,0
1742,benchmark,Gripper,1742,92,1900,true,0
2953,benchmark,Motor,1953,103,700,true,0
2954,benchmark,Motor,1954,104,100,true,0
1743,benchmark,Gripper,1743,93,1400,true,0
1744,benchmark,Gripper,1744,94,200,true,0
2955,benchmark,Motor,1955,105,900,true,0
1745,benchmark,Gripper,1745,95,400,true,0
792,benchmark,,1792,142,7200,true,0
793,benchmark,,1793,143,100,true,0
1746,benchmark,Gripper,1746,96,900,true,0
3597,benchmark,Stabilizer,1597,147,6300,true,0
3598,benchmark,Stabilizer,1598,148,200,true,0
1747,benchmark,Gripper,1747,97,900,true,0
1748,benchmark,Gripper,1748,98,300,true,0
794,benchmark,,1794,144,2700,true,0
795,benchmark,,1795,145,100,true,0
1749,benchmark,Gripper,1749,99,900,true,0
2956,benchmark,Motor,1956,106,4900,true,0
796,benchmark,,1796,146,1700,true,0
1750,benchmark,Gripper,1750,100,1600,true,0
2957,benchmark,Motor,1957,107,1100,true,0
797,benchmark,,1797,147,200,true,0
1751,benchmark,Gripper,1751,101,500,true,0
1752,benchmark,Gripper,1752,102,100,true,0
3599,benchmark,Stabilizer,1599,149,6600,true,0
798,benchmark,,1798,148,1900,true,0
3600,benchmark,Stabilizer,1600,50,200,false,500
799,benchmark,,1799,149,100,true,0
3601,benchmark,Stabilizer,1601,51,200,true,0
800,benchmark,,1800,50,100,false,500
3602,benchmark,Stabilizer,1602,52,200,true,0
801,benchmark,,1801,51,100,true,0
1753,benchmark,Gripper,1753,103,3000,true,0
802,benchmark,,1802,52,300,true,0
1754,benchmark,Gripper,1754,104,100,true,0
2958,benchmark,Motor,1958,108,5600,true,0
2959,benchmark,Motor,1959,109,100,true,0
3603,benchmark,Stabilizer,1603,53,2200,true,0
3604,benchmark,Stabilizer,1604,54,200,true,0
803,benchmark,,1803,53,2400,true,0
804,benchmark,,1804,54,100,true,0
1755,benchmark,Gripper,1755,105,3100,true,0
1756,benchmark,Gripper,1756,106,200,true,0
3605,benchmark,Stabilizer,1605,55,2000,true,0
805,benchmark,,1805,55,2100,true,0
2960,benchmark,Motor,1960,110,5000,true,0
1757,benchmark,Gripper,1757,107,2500,true,0
2961,benchmark,Motor,1961,111,500,true,0
806,benchmark,,1806,56,2000,true,0
1758,benchmark,Gripper,1758,108,1600,true,0
807,benchmark,,1807,57,900,true,0
1759,benchmark,Gripper,1759,109,400,true,0
2962,benchmark,Motor,1962,112,2500,true,0
1760,benchmark,Gripper,1760,110,700,true,0
3606,benchmark,Stabilizer,1606,56,200,true,0
2963,benchmark,Motor,1963,113,1000,true,0
1761,benchmark,Gripper,1761,111,100,true,0
3607,benchmark,Stabilizer,1607,57,400,true,0
2964,benchmark,Motor,1964,114,300,true,0
2965,benchmark,Motor,1965,115,200,true,0
808,benchmark,,1808,58,4400,true,0
3608,benchmark,Stabilizer,1608,58,2100,true,0
809,benchmark,,1809,59,100,true,0
3609,benchmark,Stabilizer,1609,59,300,true,0
810,benchmark,,1810,60,400,true,0
3610,benchmark,Stabilizer,1610,60,300,true,0
2966,benchmark,Motor,1966,116,3300,true,0
2967,benchmark,Motor,1967,117,100,true,0
811,benchmark,,1811,61,1800,true,0
2968,benchmark,Motor,1968,118,800,true,0
3611,benchmark,Stabilizer,1611,61,2300,true,0
812,benchmark,,1812,62,1500,true,0
2969,benchmark,Motor,1969,119,1200,true,0
1762,benchmark,Gripper,1762,112,9000,true,0
813,benchmark,,1813,63,400,true,0
3612,benchmark,Stabilizer,1612,62,1700,true,0
814,benchmark,,1814,64,200,true,0
2970,benchmark,Motor,1970,120,1600,true,0
815,benchmark,,1815,65,900,true,0
2971,benchmark,Motor,1971,121,1100,true,0
3613,benchmark,Stabilizer,1613,63,2500,true,0
3614,benchmark,Stabilizer,1614,64,300,true,0
1763,benchmark,Gripper,1763,113,4300,true,0
1764,benchmark,Gripper,1764,114,100,true,0
2972,benchmark,Motor,1972,122,2400,true,0
1765,benchmark,Gripper,1765,115,900,true,0
1766,benchmark,Gripper,1766,116,100,true,0
2973,benchmark,Motor,1973,123,900,true,0
2974,benchmark,Motor,1974,124,100,true,0
1767,benchmark,Gripper,1767,117,900,true,0
1768,benchmark,Gripper,1768,118,100,true,0
3615,benchmark,Stabilizer,1615,65,4900,true,0
816,benchmark,,1816,66,7600,true,0
817,benchmark,,1817,67,200,true,0
3616,benchmark,Stabilizer,1616,66,1200,true,0
3617,benchmark,Stabilizer,1617,67,200,true,0
818,benchmark,,1818,68,1100,true,0
819,benchmark,,1819,69,200,true,0
3618,benchmark,Stabilizer,1618,68,1000,true,0
3619,benchmark,Stabilizer,1619,69,100,true,0
820,benchmark,,1820,70,1000,true,0
1769,benchmark,Gripper,1769,119,6100,true,0
1770,benchmark,Gripper,1770,120,100,true,0
2975,benchmark,Motor,1975,125,8000,true,0
2976,benchmark,Motor,1976,126,100,true,0
821,benchmark,,1821,71,2000,true,0
2977,benchmark,Motor,1977,127,100,true,0
1771,benchmark,Gripper,1771,121,1600,true,0
1772,benchmark,Gripper,1772,122,300,true,0
3620,benchmark,Stabilizer,1620,70,5700,true,0
3621,benchmark,Stabilizer,1621,71,100,true,0
1773,benchmark,Gripper,1773,123,900,true,0
1774,benchmark,Gripper,1774,124,100,true,0
822,benchmark,,1822,72,4000,true,0
2978,benchmark,Motor,1978,128,4700,true,0
823,benchmark,,1823,73,600,true,0
1775,benchmark,Gripper,1775,125,2500,true,0
1776,benchmark,Gripper,1776,126,100,true,0
824,benchmark,,1824,74,1200,true,0
3622,benchmark,Stabilizer,1622,72,5200,true,0
3623,benchmark,Stabilizer,1623,73,100,true,0
825,benchmark,,1825,75,900,true,0
826,benchmark,,1826,76,200,true,0
1777,benchmark,Gripper,1777,127,2600,true,0
827,benchmark,,1827,77,500,true,0
828,benchmark,,1828,78,100,true,0
2979,benchmark,Motor,1979,129,6200,true,0
2980,benchmark,Motor,1980,130,100,true,0
3624,benchmark,Stabilizer,1624,74,3600,true,0
3625,benchmark,Stabilizer,1625,75,100,true,0
829,benchmark,,1829,79,2000,true,0
2981,benchmark,Motor,1981,131,1800,true,0
3626,benchmark,Stabilizer,1626,76,1700,true,0
2982,benchmark,Motor,1982,132,200,true,0
3627,benchmark,Stabilizer,1627,77,100,true,0
2983,benchmark,Motor,1983,133,300,true,0
3628,benchmark,Stabilizer,1628,78,300,true,0
3629,benchmark,Stabilizer,1629,79,200,true,0
1778,benchmark,Gripper,1778,128,7000,true,0
2984,benchmark,Motor,1984,134,1500,true,0
2985,benchmark,Motor,1985,135,100,true,0
1779,benchmark,Gripper,1779,129,1100,true,0
1780,benchmark,Gripper,1780,130,100,true,0
1781,benchmark,Gripper,1781,131,100,true,0
830,benchmark,,1830,80,6300,true,0
831,benchmark,,1831,81,100,true,0
832,benchmark,,1832,82,300,true,0
3630,benchmark,Stabilizer,1630,80,5100,true,0
3631,benchmark,Stabilizer,1631,81,100,true,0
2986,benchmark,Motor,1986,136,4400,true,0
3632,benchmark,Stabilizer,1632,82,700,true,0
3633,benchmark,Stabilizer,1633,83,100,true,0
2987,benchmark,Motor,1987,137,1200,true,0
2988,benchmark,Motor,1988,138,100,true,0
1782,benchmark,Gripper,1782,132,5600,true,0
833,benchmark,,1833,83,4600,true,0
2989,benchmark,Motor,1989,139,1200,true,0
834,benchmark,,1834,84,1000,true,0
2990,benchmark,Motor,1990,140,400,true,0
835,benchmark,,1835,85,100,true,0
3634,benchmark,Stabilizer,1634,84,4200,true,0
2991,benchmark,Motor,1991,141,700,true,0
1783,benchmark,Gripper,1783,133,100,true,0
836,benchmark,,1836,86,1500,true,0
1784,benchmark,Gripper,1784,134,200,true,0
837,benchmark,,1837,87,300,true,0
3635,benchmark,Stabilizer,1635,85,2300,true,0
838,benchmark,,1838,88,700,true,0
839,benchmark,,1839,89,100,true,0
1785,benchmark,Gripper,1785,135,2000,true,0
1786,benchmark,Gripper,1786,136,400,true,0
1787,benchmark,Gripper,1787,137,200,true,0
3636,benchmark,Stabilizer,1636,86,2700,true,0
1788,benchmark,Gripper,1788,138,800,true,0
840,benchmark,,1840,90,2900,true,0
841,benchmark,,1841,91,100,true,0
3637,benchmark,Stabilizer,1637,87,1000,true,0
3638,benchmark,Stabilizer,1638,88,100,true,0
3639,benchmark,Stabilizer,1639,89,100,true,0
842,benchmark,,1842,92,1700,true,0
3640,benchmark,Stabilizer,1640,90,800,true,0
843,benchmark,,1843,93,400,true,0
1789,benchmark,Gripper,1789,139,3100,true,0
844,benchmark,,1844,94,200,true,0
3641,benchmark,Stabilizer,1641,91,700,true,0
3642,benchmark,Stabilizer,1642,92,100,true,0
845,benchmark,,1845,95,1000,true,0
2992,benchmark,Motor,1992,142,12400,true,0
1790,benchmark,Gripper,1790,140,3000,true,0
2993,benchmark,Motor,1993,143,100,true,0
2994,benchmark,Motor,1994,144,100,true,0
846,benchmark,,1846,96,1900,true,0
847,benchmark,,1847,97,100,true,0
1791,benchmark,Gripper,1791,141,1200,true,0
2995,benchmark,Motor,1995,145,1900,true,0
1792,benchmark,Gripper,1792,142,200,true,0
848,benchmark,,1848,98,1700,true,0
2996,benchmark,Motor,1996,146,300,true,0
3643,benchmark,Stabilizer,1643,93,6200,true,0
3644,benchmark,Stabilizer,1644,94,100,true,0
849,benchmark,,1849,99,1100,true,0
3645,benchmark,Stabilizer,1645,95,200,true,0
1793,benchmark,Gripper,1793,143,2400,true,0
850,benchmark,,1850,100,800,true,0
1794,benchmark,Gripper,1794,144,400,true,0
3646,benchmark,Stabilizer,1646,96,1300,true,0
3647,benchmark,Stabilizer,1647,97,200,true,0
1795,benchmark,Gripper,1795,145,1000,true,0
2997,benchmark,Motor,1997,147,5000,true,0
1796,benchmark,Gripper,1796,146,100,true,0
2998,benchmark,Motor,1998,148,100,true,0
3648,benchmark,Stabilizer,1648,98,1800,true,0
3649,benchmark,Stabilizer,1649,99,100,true,0
851,benchmark,,1851,101,4200,true,0
1797,benchmark,Gripper,1797,147,2900,true,0
2999,benchmark,Motor,1999,149,3100,true,0
1798,benchmark,Gripper,1798,148,300,true,0
3650,benchmark,Stabilizer,1650,100,2500,true,0
1799,benchmark,Gripper,1799,149,400,true,0
3651,benchmark,Stabilizer,1651,101,400,true,0
852,benchmark,,1852,102,2600,true,0
1800,benchmark,Gripper,1800,50,600,false,500
3652,benchmark,Stabilizer,1652,102,1300,true,0
853,benchmark,,1853,103,1300,true,0
1801,benchmark,Gripper,1801,51,1200,true,0
854,benchmark,,1854,104,200,true,0
3653,benchmark,Stabilizer,1653,103,1100,true,0
1802,benchmark,Gripper,1802,52,300,true,0
1803,benchmark,Gripper,1803,53,100,true,0
3654,benchmark,Stabilizer,1654,104,200,true,0
855,benchmark,,1855,105,1800,true,0
3655,benchmark,Stabilizer,1655,105,300,true,0
1804,benchmark,Gripper,1804,54,1400,true,0
1805,benchmark,Gripper,1805,55,100,true,0
856,benchmark,,1856,106,1000,true,0
3656,benchmark,Stabilizer,1656,106,1600,true,0
3657,benchmark,Stabilizer,1657,107,100,true,0
857,benchmark,,1857,107,1000,true,0
1806,benchmark,Gripper,1806,56,2500,true,0
858,benchmark,,1858,108,500,true,0
1807,benchmark,Gripper,1807,57,700,true,0
859,benchmark,,1859,109,700,true,0
3658,benchmark,Stabilizer,1658,108,3000,true,0
1808,benchmark,Gripper,1808,58,1100,true,0
1809,benchmark,Gripper,1809,59,200,true,0
3659,benchmark,Stabilizer,1659,109,1100,true,0
3660,benchmark,Stabilizer,1660,110,100,true,0
860,benchmark,,1860,110,2400,true,0
3661,benchmark,Stabilizer,1661,111,500,true,0
861,benchmark,,1861,111,100,true,0
1810,benchmark,Gripper,1810,60,2500,true,0
3662,benchmark,Stabilizer,1662,112,700,true,0
1811,benchmark,Gripper,1811,61,200,true,0
3663,benchmark,Stabilizer,1663,113,100,true,0
1812,benchmark,Gripper,1812,62,100,true,0
3664,benchmark,Stabilizer,1664,114,200,true,0
1813,benchmark,Gripper,1813,63,200,true,0
3665,benchmark,Stabilizer,1665,115,300,true,0
1814,benchmark,Gripper,1814,64,100,true,0
3666,benchmark,Stabilizer,1666,116,200,true,0
1815,benchmark,Gripper,1815,65,200,true,0
1816,benchmark,Gripper,1816,66,100,true,0
1817,benchmark,Gripper,1817,67,100,true,0
1818,benchmark,Gripper,1818,68,100,true,0
1819,benchmark,Gripper,1819,69,0,true,0
1820,benchmark,Gripper,1820,70,0,true,0
1821,benchmark,Gripper,1821,71,0,true,0
1822,benchmark,Gripper,1822,72,100,true,0
1823,benchmark,Gripper,1823,73,100,true,0
1824,benchmark,Gripper,1824,74,100,true,0
1825,benchmark,Gripper,1825,75,0,true,0
862,benchmark,,1862,112,200,true,0
1826,benchmark,Gripper,1826,76,400,true,0
863,benchmark,,1863,113,200,true,0
1827,benchmark,Gripper,1827,77,300,true,0
864,benchmark,,1864,114,300,true,0
1828,benchmark,Gripper,1828,78,200,true,0
865,benchmark,,1865,115,200,true,0
1829,benchmark,Gripper,1829,79,300,true,0
866,benchmark,,1866,116,200,true,0
1830,benchmark,Gripper,1830,80,300,true,0
867,benchmark,,1867,117,100,true,0
1831,benchmark,Gripper,1831,81,300,true,0
868,benchmark,,1868,118,300,true,0
1832,benchmark,Gripper,1832,82,300,true,0
869,benchmark,,1869,119,100,true,0
1833,benchmark,Gripper,1833,83,300,true,0
870,benchmark,,1870,120,300,true,0
1834,benchmark,Gripper,1834,84,300,true,0
871,benchmark,,1871,121,300,true,0
1835,benchmark,Gripper,1835,85,100,true,0
872,benchmark,,1872,122,200,true,0
1836,benchmark,Gripper,1836,86,200,true,0
873,benchmark,,1873,123,100,true,0
1837,benchmark,Gripper,1837,87,100,true,0
874,benchmark,,1874,124,300,true,0
1838,benchmark,Gripper,1838,88,200,true,0
875,benchmark,,1875,125,300,true,0
1839,benchmark,Gripper,1839,89,200,true,0
876,benchmark,,1876,126,200,true,0
3667,benchmark,Stabilizer,1667,117,800,true,0
1840,benchmark,Gripper,1840,90,600,true,0
3668,benchmark,Stabilizer,1668,118,200,true,0
877,benchmark,,1877,127,1100,true,0
1841,benchmark,Gripper,1841,91,1000,true,0
878,benchmark,,1878,128,800,true,0
3669,benchmark,Stabilizer,1669,119,2300,true,0
879,benchmark,,1879,129,200,true,0
880,benchmark,,1880,130,100,true,0
1842,benchmark,Gripper,1842,92,1800,true,0
3670,benchmark,Stabilizer,1670,120,1200,true,0
1843,benchmark,Gripper,1843,93,200,true,0
881,benchmark,,1881,131,1500,true,0
1844,benchmark,Gripper,1844,94,600,true,0
3671,benchmark,Stabilizer,1671,121,1400,true,0
1845,benchmark,Gripper,1845,95,600,true,0
882,benchmark,,1882,132,2100,true,0
1846,benchmark,Gripper,1846,96,300,true,0
3672,benchmark,Stabilizer,1672,122,1700,true,0
1847,benchmark,Gripper,1847,97,300,true,0
3673,benchmark,Stabilizer,1673,123,200,true,0
883,benchmark,,1883,133,1800,true,0
3674,benchmark,Stabilizer,1674,124,500,true,0
884,benchmark,,1884,134,100,true,0
1848,benchmark,Gripper,1848,98,1700,true,0
3675,benchmark,Stabilizer,1675,125,200,true,0
1849,benchmark,Gripper,1849,99,300,true,0
1850,benchmark,Gripper,1850,100,100,true,0
885,benchmark,,1885,135,2000,true,0
3676,benchmark,Stabilizer,1676,126,2200,true,0
886,benchmark,,1886,136,900,true,0
1851,benchmark,Gripper,1851,101,2100,true,0
3677,benchmark,Stabilizer,1677,127,1000,true,0
1852,benchmark,Gripper,1852,102,600,true,0
887,benchmark,,1887,137,1900,true,0
1853,benchmark,Gripper,1853,103,300,true,0
3678,benchmark,Stabilizer,1678,128,1400,true,0
888,benchmark,,1888,138,800,true,0
3679,benchmark,Stabilizer,1679,129,400,true,0
889,benchmark,,1889,139,600,true,0
3680,benchmark,Stabilizer,1680,130,700,true,0
890,benchmark,,1890,140,100,true,0
1854,benchmark,Gripper,1854,104,3000,true,0
891,benchmark,,1891,141,500,true,0
3681,benchmark,Stabilizer,1681,131,1200,true,0
1855,benchmark,Gripper,1855,105,1500,true,0
892,benchmark,,1892,142,3600,true,0
3682,benchmark,Stabilizer,1682,132,3100,true,0
1856,benchmark,Gripper,1856,106,300,true,0
893,benchmark,,1893,143,700,true,0
1857,benchmark,Gripper,1857,107,200,true,0
3683,benchmark,Stabilizer,1683,133,500,true,0
1858,benchmark,Gripper,1858,108,400,true,0
894,benchmark,,1894,144,1200,true,0
1859,benchmark,Gripper,1859,109,400,true,0
3684,benchmark,Stabilizer,1684,134,1300,true,0
1860,benchmark,Gripper,1860,110,300,true,0
3685,benchmark,Stabilizer,1685,135,200,true,0
895,benchmark,,1895,145,2100,true,0
1861,benchmark,Gripper,1861,111,1700,true,0
896,benchmark,,1896,146,600,true,0
1862,benchmark,Gripper,1862,112,200,true,0
3686,benchmark,Stabilizer,1686,136,3900,true,0
897,benchmark,,1897,147,800,true,0
3687,benchmark,Stabilizer,1687,137,100,true,0
898,benchmark,,1898,148,300,true,0
3688,benchmark,Stabilizer,1688,138,500,true,0
1863,benchmark,Gripper,1863,113,2600,true,0
3689,benchmark,Stabilizer,1689,139,200,true,0
899,benchmark,,1899,149,1500,true,0
1864,benchmark,Gripper,1864,114,300,true,0
3690,benchmark,Stabilizer,1690,140,800,true,0
900,benchmark,,1900,50,700,false,500
3691,benchmark,Stabilizer,1691,141,300,true,0
3692,benchmark,Stabilizer,1692,142,100,true,0
1865,benchmark,Gripper,1865,115,1600,true,0
3693,benchmark,Stabilizer,1693,143,200,true,0
901,benchmark,,1901,51,700,true,0
3694,benchmark,Stabilizer,1694,144,400,true,0
902,benchmark,,1902,52,300,true,0
903,benchmark,,1903,53,100,true,0
1866,benchmark,Gripper,1866,116,1700,true,0
904,benchmark,,1904,54,200,true,0
3695,benchmark,Stabilizer,1695,145,800,true,0
905,benchmark,,1905,55,200,true,0
1867,benchmark,Gripper,1867,117,1100,true,0
3696,benchmark,Stabilizer,1696,146,1500,true,0
1868,benchmark,Gripper,1868,118,2300,true,0
906,benchmark,,1906,56,3500,true,0
1869,benchmark,Gripper,1869,119,200,true,0
907,benchmark,,1907,57,300,true,0
1870,benchmark,Gripper,1870,120,200,true,0
908,benchmark,,1908,58,200,true,0
3697,benchmark,Stabilizer,1697,147,2600,true,0
909,benchmark,,1909,59,400,true,0
1871,benchmark,Gripper,1871,121,1000,true,0
3698,benchmark,Stabilizer,1698,148,500,true,0
1872,benchmark,Gripper,1872,122,300,true,0
910,benchmark,,1910,60,1200,true,0
1873,benchmark,Gripper,1873,123,400,true,0
3699,benchmark,Stabilizer,1699,149,1200,true,0
911,benchmark,,1911,61,1200,true,0
1874,benchmark,Gripper,1874,124,1400,true,0
912,benchmark,,1912,62,200,true,0
3700,benchmark,Stabilizer,1700,50,1200,false,500
913,benchmark,,1913,63,200,true,0
1875,benchmark,Gripper,1875,125,700,true,0
3701,benchmark,Stabilizer,1701,51,200,true,0
914,benchmark,,1914,64,600,true,0
3702,benchmark,Stabilizer,1702,52,300,true,0
1876,benchmark,Gripper,1876,126,600,true,0
3703,benchmark,Stabilizer,1703,53,100,true,0
915,benchmark,,1915,65,600,true,0
1877,benchmark,Gripper,1877,127,700,true,0
3704,benchmark,Stabilizer,1704,54,1000,true,0
916,benchmark,,1916,66,1000,true,0
1878,benchmark,Gripper,1878,128,1200,true,0
1879,benchmark,Gripper,1879,129,200,true,0
3705,benchmark,Stabilizer,1705,55,1700,true,0
1880,benchmark,Gripper,1880,130,500,true,0
3706,benchmark,Stabilizer,1706,56,900,true,0
1881,benchmark,Gripper,1881,131,100,true,0
3707,benchmark,Stabilizer,1707,57,300,true,0
1882,benchmark,Gripper,1882,132,300,true,0
917,benchmark,,1917,67,3700,true,0
918,benchmark,,1918,68,200,true,0
3708,benchmark,Stabilizer,1708,58,1100,true,0
1883,benchmark,Gripper,1883,133,1400,true,0
919,benchmark,,1919,69,1200,true,0
1884,benchmark,Gripper,1884,134,100,true,0
920,benchmark,,1920,70,300,true,0
3709,benchmark,Stabilizer,1709,59,2100,true,0
921,benchmark,,1921,71,400,true,0
3710,benchmark,Stabilizer,1710,60,1000,true,0
1885,benchmark,Gripper,1885,135,2900,true,0
3711,benchmark,Stabilizer,1711,61,200,true,0
922,benchmark,,1922,72,1300,true,0
1886,benchmark,Gripper,1886,136,400,true,0
1887,benchmark,Gripper,1887,137,200,true,0
3712,benchmark,Stabilizer,1712,62,1600,true,0
923,benchmark,,1923,73,1700,true,0
1888,benchmark,Gripper,1888,138,1000,true,0
3713,benchmark,Stabilizer,1713,63,1700,true,0
924,benchmark,,1924,74,1700,true,0
1889,benchmark,Gripper,1889,139,1500,true,0
3714,benchmark,Stabilizer,1714,64,1700,true,0
3715,benchmark,Stabilizer,1715,65,200,true,0
925,benchmark,,1925,75,1800,true,0
1890,benchmark,Gripper,1890,140,1500,true,0
1891,benchmark,Gripper,1891,141,200,true,0
3716,benchmark,Stabilizer,1716,66,1500,true,0
1892,benchmark,Gripper,1892,142,400,true,0
926,benchmark,,1926,76,2000,true,0
927,benchmark,,1927,77,200,true,0
3717,benchmark,Stabilizer,1717,67,1900,true,0
3718,benchmark,Stabilizer,1718,68,200,true,0
1893,benchmark,Gripper,1893,143,2300,true,0
928,benchmark,,1928,78,1700,true,0
1894,benchmark,Gripper,1894,144,200,true,0
3719,benchmark,Stabilizer,1719,69,1300,true,0
929,benchmark,,1929,79,500,true,0
1895,benchmark,Gripper,1895,145,1100,true,0
3720,benchmark,Stabilizer,1720,70,1200,true,0
930,benchmark,,1930,80,1200,true,0
1896,benchmark,Gripper,1896,146,1200,true,0
3721,benchmark,Stabilizer,1721,71,1200,true,0
3722,benchmark,Stabilizer,1722,72,200,true,0
931,benchmark,,1931,81,1600,true,0
1897,benchmark,Gripper,1897,147,1700,true,0
932,benchmark,,1932,82,100,true,0
3723,benchmark,Stabilizer,1723,73,1300,true,0
933,benchmark,,1933,83,500,true,0
1898,benchmark,Gripper,1898,148,1400,true,0
1899,benchmark,Gripper,1899,149,200,true,0
934,benchmark,,1934,84,1300,true,0
3724,benchmark,Stabilizer,1724,74,2400,true,0
1900,benchmark,Gripper,1900,50,1100,false,500
3725,benchmark,Stabilizer,1725,75,800,true,0
1901,benchmark,Gripper,1901,51,200,true,0
1902,benchmark,Gripper,1902,52,100,true,0
3726,benchmark,Stabilizer,1726,76,300,true,0
935,benchmark,,1935,85,3100,true,0
936,benchmark,,1936,86,200,true,0
3727,benchmark,Stabilizer,1727,77,1000,true,0
1903,benchmark,Gripper,1903,53,2500,true,0
937,benchmark,,1937,87,1100,true,0
3728,benchmark,Stabilizer,1728,78,200,true,0
938,benchmark,,1938,88,200,true,0
1904,benchmark,Gripper,1904,54,1400,true,0
1905,benchmark,Gripper,1905,55,200,true,0
939,benchmark,,1939,89,900,true,0
1906,benchmark,Gripper,1906,56,600,true,0
940,benchmark,,1940,90,800,true,0
1907,benchmark,Gripper,1907,57,100,true,0
3729,benchmark,Stabilizer,1729,79,3300,true,0
941,benchmark,,1941,91,600,true,0
3730,benchmark,Stabilizer,1730,80,300,true,0
942,benchmark,,1942,92,500,true,0
3731,benchmark,Stabilizer,1731,81,500,true,0
943,benchmark,,1943,93,800,true,0
944,benchmark,,1944,94,100,true,0
1908,benchmark,Gripper,1908,58,1100,true,0
3732,benchmark,Stabilizer,1732,82,1900,true,0
1909,benchmark,Gripper,1909,59,600,true,0
945,benchmark,,1945,95,2100,true,0
3733,benchmark,Stabilizer,1733,83,1400,true,0
946,benchmark,,1946,96,500,true,0
3734,benchmark,Stabilizer,1734,84,900,true,0
947,benchmark,,1947,97,200,true,0
1910,benchmark,Gripper,1910,60,2900,true,0
1911,benchmark,Gripper,1911,61,300,true,0
3735,benchmark,Stabilizer,1735,85,1300,true,0
1912,benchmark,Gripper,1912,62,100,true,0
948,benchmark,,1948,98,1500,true,0
1913,benchmark,Gripper,1913,63,700,true,0
949,benchmark,,1949,99,100,true,0
3736,benchmark,Stabilizer,1736,86,1300,true,0
950,benchmark,,1950,100,200,true,0
1914,benchmark,Gripper,1914,64,600,true,0
951,benchmark,,1951,101,200,true,0
3737,benchmark,Stabilizer,1737,87,700,true,0
1915,benchmark,Gripper,1915,65,600,true,0
3738,benchmark,Stabilizer,1738,88,200,true,0
3739,benchmark,Stabilizer,1739,89,100,true,0
1916,benchmark,Gripper,1916,66,200,true,0
952,benchmark,,1952,102,1800,true,0
1917,benchmark,Gripper,1917,67,600,true,0
953,benchmark,,1953,103,100,true,0
3740,benchmark,Stabilizer,1740,90,1500,true,0
954,benchmark,,1954,104,200,true,0
3741,benchmark,Stabilizer,1741,91,200,true,0
955,benchmark,,1955,105,400,true,0
3742,benchmark,Stabilizer,1742,92,400,true,0
1918,benchmark,Gripper,1918,68,1900,true,0
3743,benchmark,Stabilizer,1743,93,100,true,0
956,benchmark,,1956,106,700,true,0
1919,benchmark,Gripper,1919,69,800,true,0
957,benchmark,,1957,107,100,true,0
3744,benchmark,Stabilizer,1744,94,1600,true,0
958,benchmark,,1958,108,200,true,0
1920,benchmark,Gripper,1920,70,700,true,0
959,benchmark,,1959,109,300,true,0
3745,benchmark,Stabilizer,1745,95,600,true,0
960,benchmark,,1960,110,200,true,0
3746,benchmark,Stabilizer,1746,96,400,true,0
3747,benchmark,Stabilizer,1747,97,200,true,0
961,benchmark,,1961,111,1100,true,0
1921,benchmark,Gripper,1921,71,2500,true,0
962,benchmark,,1962,112,100,true,0
1922,benchmark,Gripper,1922,72,300,true,0
963,benchmark,,1963,113,300,true,0
3748,benchmark,Stabilizer,1748,98,2200,true,0
964,benchmark,,1964,114,500,true,0
3749,benchmark,Stabilizer,1749,99,800,true,0
1923,benchmark,Gripper,1923,73,1800,true,0
965,benchmark,,1965,115,100,true,0
3750,benchmark,Stabilizer,1750,100,8100,true,0
1924,benchmark,Gripper,1924,74,8700,true,0
3751,benchmark,Stabilizer,1751,101,700,true,0
1925,benchmark,Gripper,1925,75,500,true,0
966,benchmark,,1966,116,2800,true,0
3752,benchmark,Stabilizer,1752,102,1200,true,0
3753,benchmark,Stabilizer,1753,103,200,true,0
1926,benchmark,Gripper,1926,76,1700,true,0
3754,benchmark,Stabilizer,1754,104,400,true,0
1927,benchmark,Gripper,1927,77,600,true,0
1928,benchmark,Gripper,1928,78,300,true,0
3755,benchmark,Stabilizer,1755,105,900,true,0
3756,benchmark,Stabilizer,1756,106,300,true,0
967,benchmark,,1967,117,4500,true,0
3757,benchmark,Stabilizer,1757,107,600,true,0
3758,benchmark,Stabilizer,1758,108,100,true,0
968,benchmark,,1968,118,900,true,0
3759,benchmark,Stabilizer,1759,109,500,true,0
1929,benchmark,Gripper,1929,79,3800,true,0
969,benchmark,,1969,119,1300,true,0
1930,benchmark,Gripper,1930,80,100,true,0
3760,benchmark,Stabilizer,1760,110,1300,true,0
970,benchmark,,1970,120,300,true,0
1931,benchmark,Gripper,1931,81,500,true,0
3761,benchmark,Stabilizer,1761,111,100,true,0
1932,benchmark,Gripper,1932,82,200,true,0
971,benchmark,,1971,121,800,true,0
1933,benchmark,Gripper,1933,83,300,true,0
972,benchmark,,1972,122,200,true,0
1934,benchmark,Gripper,1934,84,300,true,0
973,benchmark,,1973,123,200,true,0
3762,benchmark,Stabilizer,1762,112,1900,true,0
1935,benchmark,Gripper,1935,85,600,true,0
974,benchmark,,1974,124,500,true,0
1936,benchmark,Gripper,1936,86,500,true,0
1937,benchmark,Gripper,1937,87,100,true,0
975,benchmark,,1975,125,1000,true,0
976,benchmark,,1976,126,200,true,0
3763,benchmark,Stabilizer,1763,113,2900,true,0
3764,benchmark,Stabilizer,1764,114,200,true,0
1938,benchmark,Gripper,1938,88,2000,true,0
3765,benchmark,Stabilizer,1765,115,500,true,0
3766,benchmark,Stabilizer,1766,116,100,true,0
977,benchmark,,1977,127,2500,true,0
978,benchmark,,1978,128,200,true,0
3767,benchmark,Stabilizer,1767,117,1100,true,0
3768,benchmark,Stabilizer,1768,118,100,true,0
1939,benchmark,Gripper,1939,89,2900,true,0
3769,benchmark,Stabilizer,1769,119,600,true,0
3770,benchmark,Stabilizer,1770,120,100,true,0
1940,benchmark,Gripper,1940,90,1000,true,0
3771,benchmark,Stabilizer,1771,121,600,true,0
1941,benchmark,Gripper,1941,91,600,true,0
3772,benchmark,Stabilizer,1772,122,700,true,0
979,benchmark,,1979,129,4900,true,0
980,benchmark,,1980,130,200,true,0
1942,benchmark,Gripper,1942,92,1800,true,0
981,benchmark,,1981,131,1000,true,0
1943,benchmark,Gripper,1943,93,600,true,0
3773,benchmark,Stabilizer,1773,123,3500,true,0
3774,benchmark,Stabilizer,1774,124,200,true,0
982,benchmark,,1982,132,1800,true,0
3775,benchmark,Stabilizer,1775,125,200,true,0
1944,benchmark,Gripper,1944,94,1500,true,0
1945,benchmark,Gripper,1945,95,100,true,0
983,benchmark,,1983,133,1000,true,0
984,benchmark,,1984,134,200,true,0
3776,benchmark,Stabilizer,1776,126,1900,true,0
1946,benchmark,Gripper,1946,96,1600,true,0
1947,benchmark,Gripper,1947,97,100,true,0
3777,benchmark,Stabilizer,1777,127,900,true,0
3778,benchmark,Stabilizer,1778,128,100,true,0
985,benchmark,,1985,135,2500,true,0
1948,benchmark,Gripper,1948,98,1500,true,0
986,benchmark,,1986,136,600,true,0
3779,benchmark,Stabilizer,1779,129,1600,true,0
1949,benchmark,Gripper,1949,99,900,true,0
3780,benchmark,Stabilizer,1780,130,500,true,0
1950,benchmark,Gripper,1950,100,100,true,0
3781,benchmark,Stabilizer,1781,131,100,true,0
1951,benchmark,Gripper,1951,101,100,true,0
3782,benchmark,Stabilizer,1782,132,300,true,0
1952,benchmark,Gripper,1952,102,300,true,0
3783,benchmark,Stabilizer,1783,133,300,true,0
1953,benchmark,Gripper,1953,103,300,true,0
3784,benchmark,Stabilizer,1784,134,300,true,0
1954,benchmark,Gripper,1954,104,100,true,0
3785,benchmark,Stabilizer,1785,135,200,true,0
1955,benchmark,Gripper,1955,105,100,true,0
3786,benchmark,Stabilizer,1786,136,200,true,0
1956,benchmark,Gripper,1956,106,200,true,0
3787,benchmark,Stabilizer,1787,137,200,true,0
1957,benchmark,Gripper,1957,107,100,true,0
987,benchmark,,1987,137,400,true,0
3788,benchmark,Stabilizer,1788,138,800,true,0
1958,benchmark,Gripper,1958,108,1100,true,0
988,benchmark,,1988,138,1300,true,0
1959,benchmark,Gripper,1959,109,300,true,0
989,benchmark,,1989,139,200,true,0
1960,benchmark,Gripper,1960,110,300,true,0
990,benchmark,,1990,140,100,true,0
1961,benchmark,Gripper,1961,111,100,true,0
991,benchmark,,1991,141,200,true,0
1962,benchmark,Gripper,1962,112,200,true,0
992,benchmark,,1992,142,200,true,0
1963,benchmark,Gripper,1963,113,200,true,0
993,benchmark,,1993,143,100,true,0
3789,benchmark,Stabilizer,1789,139,500,true,0
1964,benchmark,Gripper,1964,114,1200,true,0
3790,benchmark,Stabilizer,1790,140,800,true,0
1965,benchmark,Gripper,1965,115,700,true,0
1966,benchmark,Gripper,1966,116,200,true,0
994,benchmark,,1994,144,2900,true,0
3791,benchmark,Stabilizer,1791,141,2000,true,0
995,benchmark,,1995,145,500,true,0
1967,benchmark,Gripper,1967,117,2200,true,0
3792,benchmark,Stabilizer,1792,142,1400,true,0
996,benchmark,,1996,146,1100,true,0
3793,benchmark,Stabilizer,1793,143,300,true,0
1968,benchmark,Gripper,1968,118,1200,true,0
1969,benchmark,Gripper,1969,119,200,true,0
3794,benchmark,Stabilizer,1794,144,1000,true,0
3795,benchmark,Stabilizer,1795,145,200,true,0
997,benchmark,,1997,147,1900,true,0
1970,benchmark,Gripper,1970,120,1800,true,0
998,benchmark,,1998,148,200,true,0
3796,benchmark,Stabilizer,1796,146,1300,true,0
1971,benchmark,Gripper,1971,121,600,true,0
999,benchmark,,1999,149,1000,true,0
3797,benchmark,Stabilizer,1797,147,1300,true,0
1972,benchmark,Gripper,1972,122,1100,true,0
3798,benchmark,Stabilizer,1798,148,200,true,0
1973,benchmark,Gripper,1973,123,100,true,0
3799,benchmark,Stabilizer,1799,149,200,true,0
1974,benchmark,Gripper,1974,124,300,true,0
3800,benchmark,Stabilizer,1800,50,100,false,500
1975,benchmark,Gripper,1975,125,200,true,0
3801,benchmark,Stabilizer,1801,51,100,true,0
1976,benchmark,Gripper,1976,126,100,true,0
3802,benchmark,Stabilizer,1802,52,100,true,0
1977,benchmark,Gripper,1977,127,200,true,0
3803,benchmark,Stabilizer,1803,53,200,true,0
1978,benchmark,Gripper,1978,128,300,true,0
3804,benchmark,Stabilizer,1804,54,300,true,0
1979,benchmark,Gripper,1979,129,100,true,0
3805,benchmark,Stabilizer,1805,55,300,true,0
1980,benchmark,Gripper,1980,130,100,true,0
3806,benchmark,Stabilizer,1806,56,200,true,0
1981,benchmark,Gripper,1981,131,200,true,0
3807,benchmark,Stabilizer,1807,57,100,true,0
1982,benchmark,Gripper,1982,132,100,true,0
3808,benchmark,Stabilizer,1808,58,200,true,0
1983,benchmark,Gripper,1983,133,300,true,0
3809,benchmark,Stabilizer,1809,59,200,true,0
1984,benchmark,Gripper,1984,134,100,true,0
3810,benchmark,Stabilizer,1810,60,300,true,0
1985,benchmark,Gripper,1985,135,300,true,0
3811,benchmark,Stabilizer,1811,61,100,true,0
1986,benchmark,Gripper,1986,136,100,true,0
3812,benchmark,Stabilizer,1812,62,200,true,0
1987,benchmark,Gripper,1987,137,200,true,0
3813,benchmark,Stabilizer,1813,63,200,true,0
1988,benchmark,Gripper,1988,138,200,true,0
3814,benchmark,Stabilizer,1814,64,100,true,0
1989,benchmark,Gripper,1989,139,100,true,0
3815,benchmark,Stabilizer,1815,65,200,true,0
1990,benchmark,Gripper,1990,140,100,true,0
3816,benchmark,Stabilizer,1816,66,200,true,0
1991,benchmark,Gripper,1991,141,200,true,0
3817,benchmark,Stabilizer,1817,67,100,true,0
1992,benchmark,Gripper,1992,142,600,true,0
3818,benchmark,Stabilizer,1818,68,300,true,0
1993,benchmark,Gripper,1993,143,100,true,0
3819,benchmark,Stabilizer,1819,69,200,true,0
1994,benchmark,Gripper,1994,144,200,true,0
3820,benchmark,Stabilizer,1820,70,100,true,0
1995,benchmark,Gripper,1995,145,300,true,0
3821,benchmark,Stabilizer,1821,71,100,true,0
1996,benchmark,Gripper,1996,146,200,true,0
3822,benchmark,Stabilizer,1822,72,100,true,0
1997,benchmark,Gripper,1997,147,200,true,0
3823,benchmark,Stabilizer,1823,73,200,true,0
1998,benchmark,Gripper,1998,148,200,true,0
3824,benchmark,Stabilizer,1824,74,200,true,0
1999,benchmark,Gripper,1999,149,100,true,0
3825,benchmark,Stabilizer,1825,75,200,true,0
3826,benchmark,Stabilizer,1826,76,100,true,0
3827,benchmark,Stabilizer,1827,77,0,true,0
3828,benchmark,Stabilizer,1828,78,100,true,0
3829,benchmark,Stabilizer,1829,79,100,true,0
3830,benchmark,Stabilizer,1830,80,100,true,0
3831,benchmark,Stabilizer,1831,81,100,true,0
3832,benchmark,Stabilizer,1832,82,0,true,0
3833,benchmark,Stabilizer,1833,83,100,true,0
3834,benchmark,Stabilizer,1834,84,100,true,0
3835,benchmark,Stabilizer,1835,85,100,true,0
3836,benchmark,Stabilizer,1836,86,100,true,0
3837,benchmark,Stabilizer,1837,87,100,true,0
3838,benchmark,Stabilizer,1838,88,100,true,0
3839,benchmark,Stabilizer,1839,89,0,true,0
3840,benchmark,Stabilizer,1840,90,100,true,0
3841,benchmark,Stabilizer,1841,91,100,true,0
3842,benchmark,Stabilizer,1842,92,100,true,0
3843,benchmark,Stabilizer,1843,93,0,true,0
3844,benchmark,Stabilizer,1844,94,100,true,0
3845,benchmark,Stabilizer,1845,95,100,true,0
3846,benchmark,Stabilizer,1846,96,100,true,0
3847,benchmark,Stabilizer,1847,97,100,true,0
3848,benchmark,Stabilizer,1848,98,0,true,0
3849,benchmark,Stabilizer,1849,99,0,true,0
3850,benchmark,Stabilizer,1850,100,100,true,0
3851,benchmark,Stabilizer,1851,101,100,true,0
3852,benchmark,Stabilizer,1852,102,100,true,0
3853,benchmark,Stabilizer,1853,103,100,true,0
3854,benchmark,Stabilizer,1854,104,100,true,0
3855,benchmark,Stabilizer,1855,105,100,true,0
3856,benchmark,Stabilizer,1856,106,0,true,0
3857,benchmark,Stabilizer,1857,107,100,true,0
3858,benchmark,Stabilizer,1858,108,100,true,0
3859,benchmark,Stabilizer,1859,109,100,true,0
3860,benchmark,Stabilizer,1860,110,100,true,0
3861,benchmark,Stabilizer,1861,111,100,true,0
3862,benchmark,Stabilizer,1862,112,100,true,0
3863,benchmark,Stabilizer,1863,113,100,true,0
3864,benchmark,Stabilizer,1864,114,100,true,0
3865,benchmark,Stabilizer,1865,115,100,true,0
3866,benchmark,Stabilizer,1866,116,100,true,0
3867,benchmark,Stabilizer,1867,117,0,true,0
3868,benchmark,Stabilizer,1868,118,100,true,0
3869,benchmark,Stabilizer,1869,119,100,true,0
3870,benchmark,Stabilizer,1870,120,100,true,0
3871,benchmark,Stabilizer,1871,121,100,true,0
3872,benchmark,Stabilizer,1872,122,100,true,0
3873,benchmark,Stabilizer,1873,123,0,true,0
3874,benchmark,Stabilizer,1874,124,100,true,0
3875,benchmark,Stabilizer,1875,125,100,true,0
3876,benchmark,Stabilizer,1876,126,100,true,0
3877,benchmark,Stabilizer,1877,127,100,true,0
3878,benchmark,Stabilizer,1878,128,0,true,0
3879,benchmark,Stabilizer,1879,129,0,true,0
3880,benchmark,Stabilizer,1880,130,100,true,0
3881,benchmark,Stabilizer,1881,131,100,true,0
3882,benchmark,Stabilizer,1882,132,100,true,0
3883,benchmark,Stabilizer,1883,133,100,true,0
3884,benchmark,Stabilizer,1884,134,0,true,0
3885,benchmark,Stabilizer,1885,135,100,true,0
3886,benchmark,Stabilizer,1886,136,100,true,0
3887,benchmark,Stabilizer,1887,137,100,true,0
3888,benchmark,Stabilizer,1888,138,0,true,0
3889,benchmark,Stabilizer,1889,139,100,true,0
3890,benchmark,Stabilizer,1890,140,100,true,0
3891,benchmark,Stabilizer,1891,141,100,true,0
3892,benchmark,Stabilizer,1892,142,100,true,0
3893,benchmark,Stabilizer,1893,143,0,true,0
3894,benchmark,Stabilizer,1894,144,100,true,0
3895,benchmark,Stabilizer,1895,145,100,true,0
3896,benchmark,Stabilizer,1896,146,0,true,0
3897,benchmark,Stabilizer,1897,147,100,true,0
3898,benchmark,Stabilizer,1898,148,100,true,0
3899,benchmark,Stabilizer,1899,149,0,true,0
3900,benchmark,Stabilizer,1900,50,100,false,500
3901,benchmark,Stabilizer,1901,51,0,true,0
3902,benchmark,Stabilizer,1902,52,100,true,0
3903,benchmark,Stabilizer,1903,53,100,true,0
3904,benchmark,Stabilizer,1904,54,100,true,0
3905,benchmark,Stabilizer,1905,55,100,true,0
3906,benchmark,Stabilizer,1906,56,100,true,0
3907,benchmark,Stabilizer,1907,57,100,true,0
3908,benchmark,Stabilizer,1908,58,100,true,0
3909,benchmark,Stabilizer,1909,59,100,true,0
3910,benchmark,Stabilizer,1910,60,100,true,0
3911,benchmark,Stabilizer,1911,61,100,true,0
3912,benchmark,Stabilizer,1912,62,100,true,0
3913,benchmark,Stabilizer,1913,63,0,true,0
3914,benchmark,Stabilizer,1914,64,0,true,0
3915,benchmark,Stabilizer,1915,65,0,true,0
3916,benchmark,Stabilizer,1916,66,100,true,0
3917,benchmark,Stabilizer,1917,67,100,true,0
3918,benchmark,Stabilizer,1918,68,100,true,0
3919,benchmark,Stabilizer,1919,69,0,true,0
3920,benchmark,Stabilizer,1920,70,0,true,0
3921,benchmark,Stabilizer,1921,71,100,true,0
3922,benchmark,Stabilizer,1922,72,100,true,0
3923,benchmark,Stabilizer,1923,73,100,true,0
3924,benchmark,Stabilizer,1924,74,0,true,0
3925,benchmark,Stabilizer,1925,75,0,true,0
3926,benchmark,Stabilizer,1926,76,100,true,0
3927,benchmark,Stabilizer,1927,77,100,true,0
3928,benchmark,Stabilizer,1928,78,100,true,0
3929,benchmark,Stabilizer,1929,79,100,true,0
3930,benchmark,Stabilizer,1930,80,100,true,0
3931,benchmark,Stabilizer,1931,81,100,true,0
3932,benchmark,Stabilizer,1932,82,100,true,0
3933,benchmark,Stabilizer,1933,83,100,true,0
3934,benchmark,Stabilizer,1934,84,100,true,0
3935,benchmark,Stabilizer,1935,85,100,true,0
3936,benchmark,Stabilizer,1936,86,0,true,0
3937,benchmark,Stabilizer,1937,87,0,true,0
3938,benchmark,Stabilizer,1938,88,100,true,0
3939,benchmark,Stabilizer,1939,89,100,true,0
3940,benchmark,Stabilizer,1940,90,100,true,0
3941,benchmark,Stabilizer,1941,91,100,true,0
3942,benchmark,Stabilizer,1942,92,100,true,0
3943,benchmark,Stabilizer,1943,93,100,true,0
3944,benchmark,Stabilizer,1944,94,0,true,0
3945,benchmark,Stabilizer,1945,95,100,true,0
3946,benchmark,Stabilizer,1946,96,100,true,0
3947,benchmark,Stabilizer,1947,97,0,true,0
3948,benchmark,Stabilizer,1948,98,100,true,0
3949,benchmark,Stabilizer,1949,99,100,true,0
3950,benchmark,Stabilizer,1950,100,100,true,0
3951,benchmark,Stabilizer,1951,101,0,true,0
3952,benchmark,Stabilizer,1952,102,0,true,0
3953,benchmark,Stabilizer,1953,103,0,true,0
3954,benchmark,Stabilizer,1954,104,0,true,0
3955,benchmark,Stabilizer,1955,105,0,true,0
3956,benchmark,Stabilizer,1956,106,0,true,0
3957,benchmark,Stabilizer,1957,107,0,true,0
3958,benchmark,Stabilizer,1958,108,100,true,0
3959,benchmark,Stabilizer,1959,109,100,true,0
3960,benchmark,Stabilizer,1960,110,100,true,0
3961,benchmark,Stabilizer,1961,111,100,true,0
3962,benchmark,Stabilizer,1962,112,100,true,0
3963,benchmark,Stabilizer,1963,113,0,true,0
3964,benchmark,Stabilizer,1964,114,100,true,0
3965,benchmark,Stabilizer,1965,115,100,true,0
3966,benchmark,Stabilizer,1966,116,100,true,0
3967,benchmark,Stabilizer,1967,117,0,true,0
3968,benchmark,Stabilizer,1968,118,0,true,0
3969,benchmark,Stabilizer,1969,119,0,true,0
3970,benchmark,Stabilizer,1970,120,200,true,0
3971,benchmark,Stabilizer,1971,121,100,true,0
3972,benchmark,Stabilizer,1972,122,0,true,0
3973,benchmark,Stabilizer,1973,123,100,true,0
3974,benchmark,Stabilizer,1974,124,100,true,0
3975,benchmark,Stabilizer,1975,125,200,true,0
3976,benchmark,Stabilizer,1976,126,100,true,0
3977,benchmark,Stabilizer,1977,127,0,true,0
3978,benchmark,Stabilizer,1978,128,100,true,0
3979,benchmark,Stabilizer,1979,129,100,true,0
3980,benchmark,Stabilizer,1980,130,100,true,0
3981,benchmark,Stabilizer,1981,131,100,true,0
3982,benchmark,Stabilizer,1982,132,100,true,0
3983,benchmark,Stabilizer,1983,133,100,true,0
3984,benchmark,Stabilizer,1984,134,100,true,0
3985,benchmark,Stabilizer,1985,135,100,true,0
3986,benchmark,Stabilizer,1986,136,100,true,0
3987,benchmark,Stabilizer,1987,137,100,true,0
3988,benchmark,Stabilizer,1988,138,100,true,0
3989,benchmark,Stabilizer,1989,139,0,true,0
3990,benchmark,Stabilizer,1990,140,100,true,0
3991,benchmark,Stabilizer,1991,141,0,true,0
3992,benchmark,Stabilizer,1992,142,0,true,0
3993,benchmark,Stabilizer,1993,143,100,true,0
3994,benchmark,Stabilizer,1994,144,100,true,0
3995,benchmark,Stabilizer,1995,145,0,true,0
3996,benchmark,Stabilizer,1996,146,100,true,0
3997,benchmark,Stabilizer,1997,147,100,true,0
3998,benchmark,Stabilizer,1998,148,100,true,0
3999,benchmark,Stabilizer,1999,149,100,true,0
