cycle_id,mode,actuator,total_latency_ns,processing_time_ns,lock_wait_ns,deadline_met,lateness_ns
0,baseline,Gripper,66800,3600,700,true,0
0,baseline,Motor,69700,500,1000,true,0
0,baseline,,434100,434100,200,false,234100
0,baseline,Stabilizer,115400,200,300,true,0
1,baseline,,10423100,423100,0,false,223100
1,baseline,Motor,55000,600,3800,true,0
1,baseline,Stabilizer,64000,200,600,true,0
1,baseline,Gripper,125200,700,2200,true,0
2,baseline,,20446600,446600,100,false,246600
2,baseline,Gripper,72100,700,1600,true,0
2,baseline,Motor,123300,300,1000,true,0
2,baseline,Stabilizer,182800,200,900,true,0
3,baseline,,30231300,231300,0,false,31300
3,baseline,Stabilizer,112100,700,1100,true,0
3,baseline,Gripper,224300,300,1000,true,0
3,baseline,Motor,226600,300,900,true,0
4,baseline,,40382600,382600,100,false,182600
4,baseline,Gripper,81300,500,500,true,0
4,baseline,Motor,210700,400,1100,true,0
4,baseline,Stabilizer,211100,200,1100,true,0
5,baseline,,50703600,703600,100,false,503600
5,baseline,Gripper,95800,500,700,true,0
5,baseline,Stabilizer,110100,4100,1300,true,0
5,baseline,Motor,153900,200,900,true,0
6,baseline,,60393500,393500,100,false,193500
6,baseline,Gripper,135500,500,1200,true,0
6,baseline,Motor,143200,200,300,true,0
6,baseline,Stabilizer,148500,100,500,true,0
7,baseline,,70492100,492100,0,false,292100
7,baseline,Gripper,84600,600,600,true,0
7,baseline,Motor,90300,400,1400,true,0
7,baseline,Stabilizer,211100,300,1100,true,0
8,baseline,,80041600,41600,0,true,0
8,baseline,Stabilizer,61900,800,1300,true,0
8,baseline,Motor,85900,300,1400,true,0
8,baseline,Gripper,165400,400,2000,true,0
9,baseline,,90679300,679300,100,false,479300
9,baseline,Motor,97800,41400,300,true,0
9,baseline,Stabilizer,111900,42800,500,true,0
9,baseline,Gripper,178800,22000,400,true,0
10,baseline,,100461000,461000,200,false,261000
10,baseline,Motor,87700,700,500,true,0
10,baseline,Stabilizer,94400,400,1400,true,0
10,baseline,Gripper,132700,300,1400,true,0
11,baseline,,110503200,503200,0,false,303200
11,baseline,Gripper,71000,400,500,true,0
11,baseline,Motor,75900,400,1200,true,0
11,baseline,Stabilizer,195800,200,900,true,0
12,baseline,,120674900,674900,100,false,474900
12,baseline,Gripper,56400,600,1900,true,0
12,baseline,Motor,87800,500,1300,true,0
12,baseline,Stabilizer,184500,400,1300,true,0
13,baseline,,130508500,508500,100,false,308500
13,baseline,Gripper,93700,600,1800,true,0
13,baseline,Motor,97500,400,1000,true,0
13,baseline,Stabilizer,106400,100,400,true,0
14,baseline,,140434100,434100,100,false,234100
14,baseline,Gripper,79700,500,800,true,0
14,baseline,Motor,93100,100,400,true,0
14,baseline,Stabilizer,100500,100,500,true,0
15,baseline,,150285200,285200,100,false,85200
15,baseline,Gripper,79400,600,1200,true,0
15,baseline,Motor,86700,300,900,true,0
15,baseline,Stabilizer,88700,200,300,true,0
16,baseline,Gripper,44500,600,2800,true,0
16,baseline,,160250900,250900,100,false,50900
16,baseline,Motor,71700,300,500,true,0
16,baseline,Stabilizer,78200,100,300,true,0
17,baseline,,170326300,326300,100,false,126300
17,baseline,Gripper,100000,500,600,true,0
17,baseline,Motor,142300,500,1700,true,0
17,baseline,Stabilizer,155500,100,600,true,0
18,baseline,,180260900,260900,0,false,60900
18,baseline,Gripper,75000,500,500,true,0
18,baseline,Stabilizer,198900,400,1700,true,0
18,baseline,Motor,199100,300,1200,true,0
19,baseline,,190235400,235400,100,false,35400
19,baseline,Gripper,254400,82700,1200,true,0
19,baseline,Motor,314900,133200,400,true,0
19,baseline,Stabilizer,335000,147500,200,true,0
20,baseline,,200512100,512100,100,false,312100
20,baseline,Gripper,113300,600,600,true,0
20,baseline,Motor,120400,400,1300,true,0
20,baseline,Stabilizer,169500,300,1100,true,0
21,baseline,,210230300,230300,100,false,30300
21,baseline,Gripper,205200,1100,3000,true,0
21,baseline,Motor,208400,500,1500,true,0
21,baseline,Stabilizer,211900,500,1500,true,0
22,baseline,,220184000,184000,200,true,0
22,baseline,Gripper,119900,1400,4700,true,0
22,baseline,Motor,135200,1200,1900,true,0
22,baseline,Stabilizer,168600,1700,5100,true,0
23,baseline,,230268000,268000,0,false,68000
23,baseline,Stabilizer,203900,700,2000,true,0
23,baseline,Gripper,224900,400,22300,true,0
23,baseline,Motor,231200,500,29300,true,0
24,baseline,,240403900,403900,300,false,203900
24,baseline,Motor,302900,2000,7600,true,0
24,baseline,Gripper,303100,1900,7800,true,0
24,baseline,Stabilizer,324200,800,12700,true,0
25,baseline,,250440500,440500,600,false,240500
25,baseline,Motor,402200,2100,3600,true,0
25,baseline,Stabilizer,454400,2500,45600,true,0
25,baseline,Gripper,468700,1800,5800,true,0
26,baseline,,260373300,373300,0,false,173300
26,baseline,Gripper,162100,800,2100,true,0
26,baseline,Motor,165700,300,1100,true,0
26,baseline,Stabilizer,208000,1000,3700,true,0
27,baseline,,270238300,238300,0,false,38300
27,baseline,Gripper,152200,600,1400,true,0
27,baseline,Stabilizer,195300,1100,3900,true,0
27,baseline,Motor,202100,900,2800,true,0
28,baseline,,280555100,555100,100,false,355100
28,baseline,Gripper,126300,1000,1500,true,0
28,baseline,Motor,195100,700,2700,true,0
28,baseline,Stabilizer,256500,500,2000,true,0
29,baseline,,290686900,686900,600,false,486900
29,baseline,Gripper,409000,80300,900,true,0
29,baseline,Stabilizer,720800,307300,2100,true,0
29,baseline,Motor,864200,496600,300,true,0
30,baseline,,300222000,222000,100,false,22000
30,baseline,Gripper,274700,1100,2100,true,0
30,baseline,Motor,294600,1100,3200,true,0
30,baseline,Stabilizer,411100,900,3000,true,0
31,baseline,,310578900,578900,100,false,378900
31,baseline,Motor,53200,700,1300,true,0
31,baseline,Stabilizer,80900,1000,3300,true,0
31,baseline,Gripper,174900,300,1300,true,0
32,baseline,,320326700,326700,100,false,126700
32,baseline,Gripper,209500,800,2200,true,0
32,baseline,Stabilizer,254700,300,1400,true,0
32,baseline,Motor,285100,1500,5400,true,0
33,baseline,,330166100,166100,200,true,0
33,baseline,Stabilizer,276200,1700,6600,true,0
33,baseline,Motor,321900,1100,3500,true,0
33,baseline,Gripper,352800,800,6900,true,0
34,baseline,,340613300,613300,100,false,413300
34,baseline,Gripper,74200,500,1100,true,0
34,baseline,Stabilizer,218100,200,1100,true,0
34,baseline,Motor,220800,300,3300,true,0
35,baseline,,350397400,397400,400,false,197400
35,baseline,Gripper,281700,1700,7200,true,0
35,baseline,Motor,333100,400,2600,true,0
35,baseline,Stabilizer,336900,500,6700,true,0
36,baseline,,360354600,354600,100,false,154600
36,baseline,Gripper,145500,400,1200,true,0
36,baseline,Stabilizer,162200,400,1500,true,0
36,baseline,Motor,162600,400,1700,true,0
37,baseline,,370655800,655800,100,false,455800
37,baseline,Motor,129600,1400,1600,true,0
37,baseline,Stabilizer,166800,1000,4000,true,0
37,baseline,Gripper,184600,700,2800,true,0
38,baseline,,380114200,114200,100,true,0
38,baseline,Motor,146700,600,1400,true,0
38,baseline,Stabilizer,177200,300,1500,true,0
38,baseline,Gripper,210800,400,1400,true,0
39,baseline,,390310700,310700,0,false,110700
39,baseline,Gripper,135100,39800,13500,true,0
39,baseline,Motor,205200,27900,300,true,0
39,baseline,Stabilizer,281300,103500,300,true,0
40,baseline,,400323600,323600,300,false,123600
40,baseline,Gripper,400500,1200,2300,true,0
40,baseline,Stabilizer,440300,1600,3800,true,0
40,baseline,Motor,499700,1300,4000,true,0
41,baseline,,410276400,276400,100,false,76400
41,baseline,Gripper,80900,1000,2600,true,0
41,baseline,Motor,90300,400,2000,true,0
41,baseline,Stabilizer,100800,400,1800,true,0
42,baseline,,420686200,686200,200,false,486200
42,baseline,Gripper,254700,1100,2900,true,0
42,baseline,Stabilizer,260300,1200,3700,true,0
42,baseline,Motor,265600,800,3500,true,0
43,baseline,,430649700,649700,0,false,449700
43,baseline,Stabilizer,135100,1500,3500,true,0
43,baseline,Gripper,159700,500,2100,true,0
43,baseline,Motor,248600,300,1100,true,0
44,baseline,,440525000,525000,200,false,325000
44,baseline,Gripper,119700,1300,4100,true,0
44,baseline,Stabilizer,142200,1900,5800,true,0
44,baseline,Motor,244100,900,3400,true,0
45,baseline,,450541900,541900,100,false,341900
45,baseline,Gripper,150600,600,2100,true,0
45,baseline,Motor,258100,300,1500,true,0
45,baseline,Stabilizer,275400,400,1400,true,0
46,baseline,,460244000,244000,100,false,44000
46,baseline,Gripper,102500,1300,4400,true,0
46,baseline,Stabilizer,110200,1000,3200,true,0
46,baseline,Motor,204900,700,2000,true,0
47,baseline,,470628300,628300,100,false,428300
47,baseline,Stabilizer,121400,1400,3800,true,0
47,baseline,Gripper,190900,400,1700,true,0
47,baseline,Motor,233200,300,1300,true,0
48,baseline,Motor,176800,2000,7100,true,0
48,baseline,Gripper,177000,1800,7300,true,0
48,baseline,Stabilizer,181700,900,3300,true,0
48,baseline,,480362400,362400,700,false,162400
49,baseline,,490309800,309800,100,false,109800
49,baseline,Gripper,242100,17900,400,true,0
49,baseline,Motor,264200,21000,200,true,0
49,baseline,Stabilizer,311800,18200,300,true,0
50,baseline,,500551300,551300,100,false,351300
50,baseline,Gripper,209000,800,1700,true,0
50,baseline,Stabilizer,300100,500,1300,true,0
50,baseline,Motor,324200,300,1200,true,0
51,baseline,,510330600,330600,100,false,130600
51,baseline,Gripper,150200,900,1800,true,0
51,baseline,Motor,219100,700,2400,true,0
51,baseline,Stabilizer,263300,1000,4200,true,0
52,baseline,Stabilizer,289900,2100,6400,true,0
52,baseline,Motor,289900,2100,6400,true,0
52,baseline,,520720100,720100,900,false,520100
52,baseline,Gripper,324800,2300,60900,true,0
53,baseline,,530271000,271000,100,false,71000
53,baseline,Motor,104400,600,2900,true,0
53,baseline,Stabilizer,114300,200,1000,true,0
53,baseline,Gripper,119700,900,3800,true,0
54,baseline,,540700000,700000,100,false,500000
54,baseline,Stabilizer,109500,600,1200,true,0
54,baseline,Gripper,146800,200,1200,true,0
54,baseline,Motor,189200,300,800,true,0
55,baseline,,550371200,371200,100,false,171200
55,baseline,Gripper,66900,700,700,true,0
55,baseline,Motor,77900,200,800,true,0
55,baseline,Stabilizer,82200,700,2000,true,0
56,baseline,Gripper,162100,1700,5800,true,0
56,baseline,Motor,198000,2200,7100,true,0
56,baseline,,560415100,415100,700,false,215100
56,baseline,Stabilizer,212700,1800,4300,true,0
57,baseline,,570405500,405500,400,false,205500
57,baseline,Gripper,295700,1600,3500,true,0
57,baseline,Motor,329400,2200,6600,true,0
57,baseline,Stabilizer,482600,1600,5200,true,0
58,baseline,,580362000,362000,500,false,162000
58,baseline,Gripper,199700,1700,6600,true,0
58,baseline,Stabilizer,201000,2100,4600,true,0
58,baseline,Motor,199700,1700,6500,true,0
59,baseline,,590318100,318100,300,false,118100
59,baseline,Gripper,384500,185600,1500,true,0
59,baseline,Motor,475000,274400,1300,true,0
59,baseline,Stabilizer,549700,334900,700,true,0
60,baseline,,600283600,283600,200,false,83600
60,baseline,Gripper,222400,1100,1500,true,0
60,baseline,Stabilizer,278100,1900,5200,true,0
60,baseline,Motor,277800,1900,5000,true,0
61,baseline,,610197400,197400,200,true,0
61,baseline,Motor,135000,900,1900,true,0
61,baseline,Stabilizer,161400,1300,8200,true,0
61,baseline,Gripper,451600,1700,5600,true,0
62,baseline,,620486400,486400,300,false,286400
62,baseline,Gripper,207600,1400,3600,true,0
62,baseline,Motor,240900,1800,4300,true,0
62,baseline,Stabilizer,256200,1300,4900,true,0
63,baseline,,630386700,386700,100,false,186700
63,baseline,Stabilizer,124300,1000,2700,true,0
63,baseline,Motor,134500,800,2700,true,0
63,baseline,Gripper,167500,700,1800,true,0
64,baseline,,640330200,330200,100,false,130200
64,baseline,Stabilizer,132400,1100,3400,true,0
64,baseline,Motor,166300,600,1400,true,0
64,baseline,Gripper,220900,300,11100,true,0
65,baseline,,650334500,334500,100,false,134500
65,baseline,Motor,94900,600,800,true,0
65,baseline,Gripper,215200,200,1200,true,0
65,baseline,Stabilizer,216100,400,1300,true,0
66,baseline,,660516400,516400,100,false,316400
66,baseline,Stabilizer,179700,800,1900,true,0
66,baseline,Gripper,290100,400,1700,true,0
66,baseline,Motor,291700,700,2100,true,0
67,baseline,,670477500,477500,0,false,277500
67,baseline,Stabilizer,239400,600,1100,true,0
67,baseline,Gripper,273000,200,1300,true,0
67,baseline,Motor,326000,200,800,true,0
68,baseline,,680561700,561700,100,false,361700
68,baseline,Motor,65700,500,600,true,0
68,baseline,Stabilizer,74900,100,700,true,0
68,baseline,Gripper,124200,600,2500,true,0
69,baseline,,690452700,452700,200,false,252700
69,baseline,Gripper,290900,39900,600,true,0
69,baseline,Motor,318500,33700,900,true,0
69,baseline,Stabilizer,342100,116100,200,true,0
70,baseline,,700708900,708900,0,false,508900
70,baseline,Motor,206500,600,1500,true,0
70,baseline,Gripper,261500,400,4000,true,0
70,baseline,Stabilizer,345000,200,1100,true,0
71,baseline,,710251600,251600,400,false,51600
71,baseline,Gripper,194700,3400,7700,true,0
71,baseline,Stabilizer,209100,2300,5900,true,0
71,baseline,Motor,211200,1700,6600,true,0
72,baseline,,720578700,578700,200,false,378700
72,baseline,Gripper,157600,900,2100,true,0
72,baseline,Motor,272400,700,2100,true,0
72,baseline,Stabilizer,292900,900,3200,true,0
73,baseline,,730309700,309700,400,false,109700
73,baseline,Motor,176300,1300,10800,true,0
73,baseline,Gripper,182100,1000,2900,true,0
73,baseline,Stabilizer,233100,600,2400,true,0
74,baseline,,740623700,623700,100,false,423700
74,baseline,Motor,147200,900,2200,true,0
74,baseline,Gripper,184600,800,2200,true,0
74,baseline,Stabilizer,191200,1100,3200,true,0
75,baseline,,750282500,282500,0,false,82500
75,baseline,Stabilizer,209900,600,1200,true,0
75,baseline,Gripper,247200,200,1100,true,0
75,baseline,Motor,287500,300,1000,true,0
76,baseline,,760067100,67100,100,true,0
76,baseline,Gripper,154100,400,1000,true,0
76,baseline,Stabilizer,227200,400,1600,true,0
76,baseline,Motor,263100,200,1300,true,0
77,baseline,,770221200,221200,100,false,21200
77,baseline,Stabilizer,195100,800,2400,true,0
77,baseline,Motor,237000,500,2200,true,0
77,baseline,Gripper,311400,600,2200,true,0
78,baseline,,780992100,992100,500,false,792100
78,baseline,Motor,409800,1900,4500,true,0
78,baseline,Stabilizer,472300,2500,58400,true,0
78,baseline,Gripper,477900,2000,6100,true,0
79,baseline,,790561000,561000,200,false,361000
79,baseline,Stabilizer,235000,48700,700,true,0
79,baseline,Gripper,307000,69100,800,true,0
79,baseline,Motor,708500,576300,500,true,0
80,baseline,,800217300,217300,200,false,17300
80,baseline,Gripper,442000,1700,4300,true,0
80,baseline,Stabilizer,444900,2100,5700,true,0
80,baseline,Motor,461500,1000,4000,true,0
81,baseline,,810652400,652400,0,false,452400
81,baseline,Gripper,75300,500,1100,true,0
81,baseline,Stabilizer,217400,200,1200,true,0
81,baseline,Motor,217400,400,1400,true,0
82,baseline,,820396300,396300,100,false,196300
82,baseline,Gripper,105100,700,2700,true,0
82,baseline,Motor,154200,1100,3700,true,0
82,baseline,Stabilizer,167200,900,3000,true,0
83,baseline,,830422400,422400,100,false,222400
83,baseline,Gripper,75800,800,2700,true,0
83,baseline,Motor,83900,600,1900,true,0
83,baseline,Stabilizer,120200,1000,3400,true,0
84,baseline,,840402000,402000,100,false,202000
84,baseline,Stabilizer,177700,700,2200,true,0
84,baseline,Gripper,282900,400,1700,true,0
84,baseline,Motor,288200,600,5300,true,0
85,baseline,,850176000,176000,100,true,0
85,baseline,Stabilizer,52700,400,1100,true,0
85,baseline,Motor,60800,400,1500,true,0
85,baseline,Gripper,176100,300,1300,true,0
86,baseline,,860826000,826000,100,false,626000
86,baseline,Motor,159700,600,1500,true,0
86,baseline,Stabilizer,166000,400,1700,true,0
86,baseline,Gripper,265600,300,1300,true,0
87,baseline,,870659500,659500,100,false,459500
87,baseline,Motor,181000,800,2000,true,0
87,baseline,Stabilizer,183700,400,1500,true,0
87,baseline,Gripper,221000,300,1000,true,0
88,baseline,,880422400,422400,100,false,222400
88,baseline,Gripper,192400,700,4700,true,0
88,baseline,Motor,231800,400,1500,true,0
88,baseline,Stabilizer,250300,500,1900,true,0
89,baseline,,890329000,329000,100,false,129000
89,baseline,Motor,462700,205000,2600,true,0
89,baseline,Stabilizer,626400,353000,1800,true,0
89,baseline,Gripper,734600,469000,2900,true,0
90,baseline,,900485000,485000,100,false,285000
90,baseline,Gripper,272600,900,2300,true,0
90,baseline,Motor,295100,800,2700,true,0
90,baseline,Stabilizer,299700,1200,4700,true,0
91,baseline,,910831100,831100,0,false,631100
91,baseline,Gripper,206300,1500,4600,true,0
91,baseline,Stabilizer,251000,1500,1800,true,0
91,baseline,Motor,267500,100,700,true,0
92,baseline,,920748200,748200,100,false,548200
92,baseline,Gripper,116000,600,1300,true,0
92,baseline,Motor,227300,400,1600,true,0
92,baseline,Stabilizer,256000,300,1300,true,0
93,baseline,,930526300,526300,100,false,326300
93,baseline,Gripper,154700,700,1200,true,0
93,baseline,Stabilizer,222400,600,2500,true,0
93,baseline,Motor,277100,400,1700,true,0
94,baseline,,940460500,460500,0,false,260500
94,baseline,Stabilizer,220800,600,1800,true,0
94,baseline,Gripper,259400,200,1200,true,0
94,baseline,Motor,278800,300,1000,true,0
95,baseline,,950683800,683800,100,false,483800
95,baseline,Stabilizer,186900,800,2100,true,0
95,baseline,Gripper,292600,500,1900,true,0
95,baseline,Motor,294100,800,2300,true,0
96,baseline,,960304900,304900,100,false,104900
96,baseline,Stabilizer,224200,1100,4000,true,0
96,baseline,Gripper,238100,900,2500,true,0
96,baseline,Motor,248800,400,1800,true,0
97,baseline,,970387300,387300,100,false,187300
97,baseline,Stabilizer,245200,600,1100,true,0
97,baseline,Motor,283700,300,1000,true,0
97,baseline,Gripper,285500,400,1200,true,0
98,baseline,,980379800,379800,200,false,179800
98,baseline,Motor,171800,900,1600,true,0
98,baseline,Gripper,172100,2600,7100,true,0
98,baseline,Stabilizer,251300,1900,5900,true,0
99,baseline,,990469400,469400,200,false,269400
99,baseline,Gripper,234100,26900,400,true,0
99,baseline,Motor,321000,37400,500,true,0
99,baseline,Stabilizer,408500,122500,500,true,0
100,baseline,,1000331800,331800,100,false,131800
100,baseline,Gripper,290300,1400,4300,true,0
100,baseline,Motor,329000,1100,2600,true,0
100,baseline,Stabilizer,360300,800,2800,true,0
101,baseline,,1010575900,575900,400,false,375900
101,baseline,Gripper,323900,1400,43500,true,0
101,baseline,Motor,393900,2100,6300,true,0
101,baseline,Stabilizer,442600,1700,4500,true,0
102,baseline,,1020693500,693500,200,false,493500
102,baseline,Gripper,135300,700,1600,true,0
102,baseline,Stabilizer,197600,1600,4800,true,0
102,baseline,Motor,250100,1000,2700,true,0
103,baseline,,1030280500,280500,300,false,80500
103,baseline,Gripper,265600,1900,4900,true,0
103,baseline,Stabilizer,301900,1800,4400,true,0
103,baseline,Motor,343400,1300,4500,true,0
104,baseline,,1040485400,485400,100,false,285400
104,baseline,Stabilizer,98200,600,900,true,0
104,baseline,Motor,107200,1300,3800,true,0
104,baseline,Gripper,145800,500,1900,true,0
105,baseline,,1050426200,426200,500,false,226200
105,baseline,Gripper,413900,2200,5400,true,0
105,baseline,Motor,448300,2500,7200,true,0
105,baseline,Stabilizer,471100,2000,5900,true,0
106,baseline,,1060625500,625500,100,false,425500
106,baseline,Stabilizer,208300,900,1800,true,0
106,baseline,Motor,246700,500,1900,true,0
106,baseline,Gripper,248200,600,2000,true,0
107,baseline,,1070689700,689700,100,false,489700
107,baseline,Motor,142300,1100,2400,true,0
107,baseline,Gripper,143000,500,2000,true,0
107,baseline,Stabilizer,148800,200,2500,true,0
108,baseline,,1080213600,213600,100,false,13600
108,baseline,Motor,113800,700,2000,true,0
108,baseline,Gripper,144200,300,1400,true,0
108,baseline,Stabilizer,171700,300,1300,true,0
109,baseline,,1090372500,372500,100,false,172500
109,baseline,Motor,155700,74200,600,true,0
109,baseline,Stabilizer,238300,183600,300,true,0
109,baseline,Gripper,307800,139300,700,true,0
110,baseline,,1100592600,592600,0,false,392600
110,baseline,Motor,93000,400,1300,true,0
110,baseline,Gripper,189100,300,1300,true,0
110,baseline,Stabilizer,212900,400,1100,true,0
111,baseline,,1110306400,306400,100,false,106400
111,baseline,Stabilizer,223900,900,2200,true,0
111,baseline,Motor,295700,500,1900,true,0
111,baseline,Gripper,297500,700,2000,true,0
112,baseline,,1120671300,671300,100,false,471300
112,baseline,Stabilizer,238400,700,1300,true,0
112,baseline,Motor,291400,300,1200,true,0
112,baseline,Gripper,293400,400,1300,true,0
113,baseline,,1130411800,411800,100,false,211800
113,baseline,Gripper,172600,900,2000,true,0
113,baseline,Motor,279700,600,2500,true,0
113,baseline,Stabilizer,307800,900,2700,true,0
114,baseline,Gripper,60600,1300,4000,true,0
114,baseline,Motor,69400,400,1400,true,0
114,baseline,Stabilizer,74000,100,700,true,0
114,baseline,,1140444500,444500,100,false,244500
115,baseline,,1150385500,385500,100,false,185500
115,baseline,Motor,72700,1000,2200,true,0
115,baseline,Stabilizer,88600,400,2000,true,0
115,baseline,Gripper,167700,600,1100,true,0
116,baseline,,1160645000,645000,100,false,445000
116,baseline,Gripper,87300,800,1700,true,0
116,baseline,Motor,97200,100,800,true,0
116,baseline,Stabilizer,116500,500,1900,true,0
117,baseline,,1170244300,244300,100,false,44300
117,baseline,Gripper,206800,700,1500,true,0
117,baseline,Motor,300300,600,2500,true,0
117,baseline,Stabilizer,301900,900,2300,true,0
118,baseline,,1180487700,487700,200,false,287700
118,baseline,Stabilizer,88400,500,1200,true,0
118,baseline,Motor,113200,1000,3100,true,0
118,baseline,Gripper,121300,500,1800,true,0
119,baseline,,1190425200,425200,100,false,225200
119,baseline,Gripper,117900,34800,400,true,0
119,baseline,Motor,233400,17300,300,true,0
119,baseline,Stabilizer,264900,18100,300,true,0
120,baseline,,1200151400,151400,0,true,0
120,baseline,Gripper,70900,700,1500,true,0
120,baseline,Stabilizer,84000,200,800,true,0
120,baseline,Motor,104900,400,1700,true,0
121,baseline,Gripper,39600,600,2300,true,0
121,baseline,Stabilizer,45600,400,1700,true,0
121,baseline,,1210426400,426400,200,false,226400
121,baseline,Motor,83500,300,1300,true,0
122,baseline,,1220410100,410100,100,false,210100
122,baseline,Stabilizer,50000,600,1400,true,0
122,baseline,Gripper,102000,400,1100,true,0
122,baseline,Motor,163600,300,1400,true,0
123,baseline,,1230135100,135100,100,true,0
123,baseline,Gripper,79400,700,1400,true,0
123,baseline,Stabilizer,90300,400,1400,true,0
123,baseline,Motor,192500,200,1400,true,0
124,baseline,,1240632600,632600,100,false,432600
124,baseline,Stabilizer,229100,700,1600,true,0
124,baseline,Gripper,266600,300,900,true,0
124,baseline,Motor,267400,400,1200,true,0
125,baseline,,1250240600,240600,100,false,40600
125,baseline,Motor,127000,700,1200,true,0
125,baseline,Gripper,137800,700,3300,true,0
125,baseline,Stabilizer,157800,1000,3600,true,0
126,baseline,,1260504100,504100,100,false,304100
126,baseline,Gripper,241800,600,1500,true,0
126,baseline,Stabilizer,275600,2700,8800,true,0
126,baseline,Motor,340400,300,900,true,0
127,baseline,,1270301800,301800,100,false,101800
127,baseline,Motor,113600,500,4600,true,0
127,baseline,Gripper,142200,300,1400,true,0
127,baseline,Stabilizer,244500,400,1500,true,0
128,baseline,,1280412300,412300,0,false,212300
128,baseline,Gripper,103300,400,4900,true,0
128,baseline,Motor,211100,500,1600,true,0
128,baseline,Stabilizer,226900,300,1100,true,0
129,baseline,,1290298400,298400,100,false,98400
129,baseline,Gripper,198000,14600,500,true,0
129,baseline,Stabilizer,263900,19100,300,true,0
129,baseline,Motor,302800,19000,200,true,0
130,baseline,,1300696400,696400,300,false,496400
130,baseline,Gripper,733500,2000,5900,true,0
130,baseline,Stabilizer,751900,1900,6600,true,0
130,baseline,Motor,789300,1600,5600,true,0
131,baseline,,1310219800,219800,100,false,19800
131,baseline,Stabilizer,185700,1500,2900,true,0
131,baseline,Gripper,209500,600,2100,true,0
131,baseline,Motor,227800,300,1300,true,0
132,baseline,,1320156100,156100,100,true,0
132,baseline,Stabilizer,424300,1900,4700,true,0
132,baseline,Gripper,483000,1600,4600,true,0
132,baseline,Motor,502300,1100,4000,true,0
133,baseline,,1330303800,303800,200,false,103800
133,baseline,Motor,54300,600,1500,true,0
133,baseline,Gripper,60600,400,1300,true,0
133,baseline,Stabilizer,68800,200,600,true,0
134,baseline,,1340532500,532500,100,false,332500
134,baseline,Gripper,116800,700,1700,true,0
134,baseline,Motor,158500,1200,4400,true,0
134,baseline,Stabilizer,164000,1000,3300,true,0
135,baseline,,1350348700,348700,100,false,148700
135,baseline,Gripper,79700,500,1100,true,0
135,baseline,Stabilizer,227500,300,1700,true,0
135,baseline,Motor,227700,400,1300,true,0
136,baseline,,1360432700,432700,200,false,232700
136,baseline,Gripper,204100,700,4700,true,0
136,baseline,Motor,248700,2400,7100,true,0
136,baseline,Stabilizer,324500,1700,6300,true,0
137,baseline,,1370525400,525400,100,false,325400
137,baseline,Motor,223900,800,1800,true,0
137,baseline,Stabilizer,253700,700,1900,true,0
137,baseline,Gripper,282100,400,1700,true,0
138,baseline,,1380643900,643900,100,false,443900
138,baseline,Gripper,191600,1100,2800,true,0
138,baseline,Motor,235400,900,3300,true,0
138,baseline,Stabilizer,241400,1100,4000,true,0
139,baseline,,1390613800,613800,500,false,413800
139,baseline,Motor,264000,53200,800,true,0
139,baseline,Gripper,393400,52000,5200,true,0
139,baseline,Stabilizer,530500,75200,5400,true,0
140,baseline,,1400530000,530000,100,false,330000
140,baseline,Gripper,234700,900,2900,true,0
140,baseline,Stabilizer,241100,600,1600,true,0
140,baseline,Motor,362800,800,2900,true,0
141,baseline,,1410152000,152000,200,true,0
141,baseline,Gripper,86900,800,1200,true,0
141,baseline,Motor,169600,600,2000,true,0
141,baseline,Stabilizer,170800,600,3200,true,0
142,baseline,,1420355100,355100,100,false,155100
142,baseline,Stabilizer,94400,400,1300,true,0
142,baseline,Motor,127800,300,1300,true,0
142,baseline,Gripper,213100,300,1300,true,0
143,baseline,Gripper,118700,800,4300,true,0
143,baseline,Stabilizer,135100,100,1100,true,0
143,baseline,Motor,143400,600,3100,true,0
143,baseline,,1430352800,352800,100,false,152800
144,baseline,,1440116200,116200,200,true,0
144,baseline,Gripper,172100,1100,2200,true,0
144,baseline,Motor,300200,1600,3500,true,0
144,baseline,Stabilizer,327500,1000,3300,true,0
145,baseline,,1450273800,273800,300,false,73800
145,baseline,Gripper,258000,1200,2400,true,0
145,baseline,Motor,280100,1500,4900,true,0
145,baseline,Stabilizer,287900,400,1600,true,0
146,baseline,,1460282000,282000,100,false,82000
146,baseline,Gripper,146900,800,1800,true,0
146,baseline,Motor,180500,300,1200,true,0
146,baseline,Stabilizer,190700,300,900,true,0
147,baseline,,1470616400,616400,100,false,416400
147,baseline,Gripper,80400,400,1300,true,0
147,baseline,Motor,267000,200,1200,true,0
147,baseline,Stabilizer,267600,400,1200,true,0
148,baseline,,1480698800,698800,100,false,498800
148,baseline,Gripper,77400,500,1200,true,0
148,baseline,Motor,282200,300,12700,true,0
148,baseline,Stabilizer,293300,1400,4900,true,0
149,baseline,,1490540600,540600,100,false,340600
149,baseline,Gripper,135800,10500,400,true,0
149,baseline,Motor,189900,16500,300,true,0
149,baseline,Stabilizer,445300,115700,3000,true,0
150,baseline,,1500812700,812700,100,false,612700
150,baseline,Gripper,212800,900,2100,true,0
150,baseline,Stabilizer,269400,600,1900,true,0
150,baseline,Motor,330400,400,1400,true,0
151,baseline,,1510238500,238500,100,false,38500
151,baseline,Gripper,304200,1100,2600,true,0
151,baseline,Stabilizer,316000,1000,2800,true,0
151,baseline,Motor,373400,600,2300,true,0
152,baseline,Stabilizer,121000,1300,4500,true,0
152,baseline,,1520281600,281600,400,false,81600
152,baseline,Gripper,193800,700,1800,true,0
152,baseline,Motor,210500,300,1200,true,0
153,baseline,,1530512000,512000,100,false,312000
153,baseline,Gripper,99000,500,1200,true,0
153,baseline,Stabilizer,154000,1400,5100,true,0
153,baseline,Motor,209300,900,2600,true,0
154,baseline,,1540467500,467500,0,false,267500
154,baseline,Motor,158200,500,1600,true,0
154,baseline,Stabilizer,167700,600,26500,true,0
154,baseline,Gripper,276400,700,2500,true,0
155,baseline,,1550351300,351300,100,false,151300
155,baseline,Gripper,182000,800,1900,true,0
155,baseline,Stabilizer,265700,500,1600,true,0
155,baseline,Motor,268300,500,2100,true,0
156,baseline,,1560273500,273500,200,false,73500
156,baseline,Gripper,209500,800,2600,true,0
156,baseline,Stabilizer,217400,800,3200,true,0
156,baseline,Motor,217200,700,3000,true,0
157,baseline,,1570684900,684900,100,false,484900
157,baseline,Gripper,137500,800,1600,true,0
157,baseline,Motor,251500,700,2500,true,0
157,baseline,Stabilizer,280000,800,2800,true,0
158,baseline,,1580721100,721100,200,false,521100
158,baseline,Stabilizer,261800,1600,4400,true,0
158,baseline,Gripper,273200,1200,3700,true,0
158,baseline,Motor,340100,700,2700,true,0
159,baseline,,1590448200,448200,100,false,248200
159,baseline,Stabilizer,207700,51300,700,true,0
159,baseline,Motor,269200,9800,2300,true,0
159,baseline,Gripper,390400,18900,1700,true,0
160,baseline,,1600759800,759800,0,false,559800
160,baseline,Gripper,214600,600,900,true,0
160,baseline,Stabilizer,248500,200,800,true,0
160,baseline,Motor,279400,300,1100,true,0
161,baseline,,1610285300,285300,100,false,85300
161,baseline,Gripper,107400,800,1600,true,0
161,baseline,Stabilizer,119900,500,1200,true,0
161,baseline,Motor,159700,1500,4800,true,0
162,baseline,,1620554900,554900,100,false,354900
162,baseline,Motor,216100,700,2200,true,0
162,baseline,Gripper,216500,700,2300,true,0
162,baseline,Stabilizer,216400,700,2200,true,0
163,baseline,,1630588000,588000,200,false,388000
163,baseline,Motor,180200,1000,3600,true,0
163,baseline,Gripper,191700,1800,4900,true,0
163,baseline,Stabilizer,192900,700,6100,true,0
164,baseline,,1640436200,436200,100,false,236200
164,baseline,Motor,194800,1300,2400,true,0
164,baseline,Stabilizer,205300,1100,2800,true,0
164,baseline,Gripper,222300,700,2300,true,0
165,baseline,,1650288500,288500,100,false,88500
165,baseline,Motor,95100,600,1200,true,0
165,baseline,Gripper,158100,300,1200,true,0
165,baseline,Stabilizer,187600,300,1100,true,0
166,baseline,,1660461100,461100,300,false,261100
166,baseline,Gripper,215000,1300,2600,true,0
166,baseline,Motor,229900,2100,5800,true,0
166,baseline,Stabilizer,263700,1200,3700,true,0
167,baseline,,1670631800,631800,0,false,431800
167,baseline,Motor,141500,900,3600,true,0
167,baseline,Stabilizer,156900,61700,1700,true,0
167,baseline,Gripper,200200,800,2600,true,0
168,baseline,,1680128500,128500,100,true,0
168,baseline,Gripper,121700,1000,2000,true,0
168,baseline,Stabilizer,142300,800,2600,true,0
168,baseline,Motor,152800,1100,3100,true,0
169,baseline,,1690263500,263500,100,false,63500
169,baseline,Gripper,207800,33200,600,true,0
169,baseline,Stabilizer,234300,48800,900,true,0
169,baseline,Motor,354300,23800,1300,true,0
170,baseline,,1700251100,251100,200,false,51100
170,baseline,Motor,265100,1300,1900,true,0
170,baseline,Stabilizer,269100,300,1900,true,0
170,baseline,Gripper,271200,600,2700,true,0
171,baseline,,1710465900,465900,100,false,265900
171,baseline,Gripper,173000,600,1200,true,0
171,baseline,Motor,179100,400,1700,true,0
171,baseline,Stabilizer,241600,1000,2700,true,0
172,baseline,,1720379800,379800,200,false,179800
172,baseline,Gripper,111200,500,1200,true,0
172,baseline,Motor,141200,300,1300,true,0
172,baseline,Stabilizer,159900,200,800,true,0
173,baseline,,1730408000,408000,100,false,208000
173,baseline,Gripper,94400,600,1900,true,0
173,baseline,Motor,101900,700,1800,true,0
173,baseline,Stabilizer,105300,400,1300,true,0
174,baseline,,1740519300,519300,300,false,319300
174,baseline,Stabilizer,158400,1200,2100,true,0
174,baseline,Gripper,162700,900,3100,true,0
174,baseline,Motor,172500,600,1100,true,0
175,baseline,,1750472400,472400,200,false,272400
175,baseline,Gripper,45800,800,1600,true,0
175,baseline,Motor,147000,400,1400,true,0
175,baseline,Stabilizer,151700,1000,3200,true,0
176,baseline,,1760387400,387400,100,false,187400
176,baseline,Gripper,53200,600,900,true,0
176,baseline,Motor,70100,100,600,true,0
176,baseline,Stabilizer,76200,100,700,true,0
177,baseline,,1770200700,200700,100,false,700
177,baseline,Gripper,46800,700,1800,true,0
177,baseline,Stabilizer,84600,500,1700,true,0
177,baseline,Motor,139100,300,1500,true,0
178,baseline,,1780504900,504900,100,false,304900
178,baseline,Stabilizer,48000,700,1500,true,0
178,baseline,Gripper,81900,300,1200,true,0
178,baseline,Motor,107800,200,1200,true,0
179,baseline,,1790654400,654400,100,false,454400
179,baseline,Gripper,163000,35400,500,true,0
179,baseline,Stabilizer,267200,43900,3500,true,0
179,baseline,Motor,273300,46600,300,true,0
180,baseline,,1800579000,579000,0,false,379000
180,baseline,Gripper,186800,700,1400,true,0
180,baseline,Motor,189400,300,800,true,0
180,baseline,Stabilizer,308900,300,1300,true,0
181,baseline,,1810371600,371600,100,false,171600
181,baseline,Gripper,79700,600,1100,true,0
181,baseline,Motor,94400,500,2200,true,0
181,baseline,Stabilizer,219100,500,1700,true,0
182,baseline,,1820363000,363000,100,false,163000
182,baseline,Motor,169000,700,1700,true,0
182,baseline,Stabilizer,179500,300,900,true,0
182,baseline,Gripper,215200,300,1300,true,0
183,baseline,,1830308800,308800,100,false,108800
183,baseline,Stabilizer,135700,600,1500,true,0
183,baseline,Motor,137100,600,2000,true,0
183,baseline,Gripper,211000,1700,5400,true,0
184,baseline,,1840559700,559700,0,false,359700
184,baseline,Gripper,89500,400,900,true,0
184,baseline,Stabilizer,97800,100,600,true,0
184,baseline,Motor,118000,900,3000,true,0
185,baseline,,1850418800,418800,100,false,218800
185,baseline,Gripper,81300,500,1100,true,0
185,baseline,Stabilizer,155000,1500,5300,true,0
185,baseline,Motor,202900,900,2900,true,0
186,baseline,,1860410100,410100,300,false,210100
186,baseline,Motor,121600,700,2200,true,0
186,baseline,Stabilizer,125900,500,1200,true,0
186,baseline,Gripper,138300,1100,3000,true,0
187,baseline,,1870521600,521600,100,false,321600
187,baseline,Stabilizer,96300,600,1000,true,0
187,baseline,Motor,126200,1200,4200,true,0
187,baseline,Gripper,201000,400,1700,true,0
188,baseline,,1880219000,219000,100,false,19000
188,baseline,Gripper,159900,1000,3600,true,0
188,baseline,Motor,185400,300,1200,true,0
188,baseline,Stabilizer,270300,800,3700,true,0
189,baseline,,1890445000,445000,0,false,245000
189,baseline,Gripper,116200,24200,400,true,0
189,baseline,Motor,188900,29800,400,true,0
189,baseline,Stabilizer,198600,19400,400,true,0
190,baseline,,1900350800,350800,100,false,150800
190,baseline,Gripper,216600,800,1500,true,0
190,baseline,Motor,226900,100,400,true,0
190,baseline,Stabilizer,339300,500,1500,true,0
191,baseline,,1910277500,277500,100,false,77500
191,baseline,Gripper,147100,600,2200,true,0
191,baseline,Motor,257700,200,1400,true,0
191,baseline,Stabilizer,297200,200,1100,true,0
192,baseline,,1920592600,592600,0,false,392600
192,baseline,Stabilizer,219700,600,1700,true,0
192,baseline,Gripper,285600,400,1500,true,0
192,baseline,Motor,287500,500,1600,true,0
193,baseline,,1930450900,450900,400,false,250900
193,baseline,Gripper,268900,1700,3000,true,0
193,baseline,Stabilizer,347800,2500,6900,true,0
193,baseline,Motor,441400,1700,5000,true,0
194,baseline,,1940667700,667700,200,false,467700
194,baseline,Gripper,251200,800,1700,true,0
194,baseline,Motor,378900,600,2300,true,0
194,baseline,Stabilizer,424200,900,2700,true,0
195,baseline,,1950575200,575200,600,false,375200
195,baseline,Gripper,314500,3400,10500,true,0
195,baseline,Motor,378500,2400,7200,true,0
195,baseline,Stabilizer,395900,2200,7200,true,0
196,baseline,,1960146700,146700,200,true,0
196,baseline,Motor,260700,2400,6400,true,0
196,baseline,Stabilizer,281000,1400,5000,true,0
196,baseline,Gripper,295400,1900,5600,true,0
197,baseline,,1970249500,249500,400,false,49500
197,baseline,Gripper,346400,2800,8700,true,0
197,baseline,Motor,432100,2300,6100,true,0
197,baseline,Stabilizer,450900,2700,6900,true,0
198,baseline,,1980774100,774100,400,false,574100
198,baseline,Gripper,256200,700,2000,true,0
198,baseline,Motor,296900,500,1700,true,0
198,baseline,Stabilizer,362800,700,2000,true,0
199,baseline,,1990242000,242000,400,false,42000
199,baseline,Gripper,772600,367500,2800,true,0
199,baseline,Motor,938800,555800,600,true,0
199,baseline,Stabilizer,979600,624400,500,true,0
200,baseline,,2000800200,800200,100,false,600200
200,baseline,Motor,342400,1400,3700,true,0
200,baseline,Gripper,374900,1100,3300,true,0
200,baseline,Stabilizer,378900,1600,4600,true,0
201,baseline,,2010273700,273700,100,false,73700
201,baseline,Stabilizer,162400,900,2200,true,0
201,baseline,Motor,203300,500,2000,true,0
201,baseline,Gripper,206600,700,2900,true,0
202,baseline,,2020272500,272500,100,false,72500
202,baseline,Gripper,150400,600,1900,true,0
202,baseline,Motor,262300,200,1400,true,0
202,baseline,Stabilizer,300000,200,1400,true,0
203,baseline,,2030511600,511600,100,false,311600
203,baseline,Gripper,71500,900,2500,true,0
203,baseline,Stabilizer,74900,500,2300,true,0
203,baseline,Motor,116900,600,1400,true,0
204,baseline,,2040573200,573200,0,false,373200
204,baseline,Gripper,201300,1000,1700,true,0
204,baseline,Stabilizer,302500,300,1200,true,0
204,baseline,Motor,304000,400,1300,true,0
205,baseline,,2050426600,426600,0,false,226600
205,baseline,Gripper,188800,700,1600,true,0
205,baseline,Motor,309700,300,1400,true,0
205,baseline,Stabilizer,316800,400,1000,true,0
206,baseline,,2060487800,487800,0,false,287800
206,baseline,Motor,63500,600,1900,true,0
206,baseline,Stabilizer,104500,1500,4900,true,0
206,baseline,Gripper,170100,700,2500,true,0
207,baseline,Gripper,48800,1000,3100,true,0
207,baseline,,2070518000,518000,100,false,318000
207,baseline,Stabilizer,107300,1100,3100,true,0
207,baseline,Motor,121600,100,1000,true,0
208,baseline,,2080665400,665400,100,false,465400
208,baseline,Gripper,111300,600,1800,true,0
208,baseline,Motor,113800,300,900,true,0
208,baseline,Stabilizer,122100,300,1300,true,0
209,baseline,,2090260300,260300,100,false,60300
209,baseline,Gripper,104500,17200,300,true,0
209,baseline,Motor,119300,11400,400,true,0
209,baseline,Stabilizer,135800,8700,200,true,0
210,baseline,,2100404300,404300,100,false,204300
210,baseline,Motor,216700,600,1500,true,0
210,baseline,Gripper,283000,300,1400,true,0
210,baseline,Stabilizer,290600,2200,1100,true,0
211,baseline,,2110290100,290100,200,false,90100
211,baseline,Gripper,90700,500,1200,true,0
211,baseline,Stabilizer,101800,200,800,true,0
211,baseline,Motor,222200,400,1600,true,0
212,baseline,,2120565900,565900,100,false,365900
212,baseline,Gripper,71600,400,1000,true,0
212,baseline,Stabilizer,211700,200,1100,true,0
212,baseline,Motor,212600,400,1500,true,0
213,baseline,,2130486600,486600,100,false,286600
213,baseline,Gripper,95300,1800,1700,true,0
213,baseline,Stabilizer,183700,300,1600,true,0
213,baseline,Motor,184100,400,1600,true,0
214,baseline,,2140467500,467500,100,false,267500
214,baseline,Gripper,117000,600,5600,true,0
214,baseline,Motor,229800,600,2000,true,0
214,baseline,Stabilizer,276800,500,1700,true,0
215,baseline,,2150169500,169500,100,true,0
215,baseline,Gripper,191100,1000,3500,true,0
215,baseline,Motor,213400,300,1200,true,0
215,baseline,Stabilizer,225100,200,800,true,0
216,baseline,,2160155600,155600,100,true,0
216,baseline,Motor,183600,700,1700,true,0
216,baseline,Stabilizer,187000,600,2300,true,0
216,baseline,Gripper,219800,300,1600,true,0
217,baseline,,2170535900,535900,100,false,335900
217,baseline,Gripper,202800,600,1600,true,0
217,baseline,Motor,222500,400,1200,true,0
217,baseline,Stabilizer,231300,100,500,true,0
218,baseline,,2180238800,238800,100,false,38800
218,baseline,Stabilizer,171100,600,1400,true,0
218,baseline,Motor,171500,400,1400,true,0
218,baseline,Gripper,210700,2700,7600,true,0
219,baseline,,2190200600,200600,100,false,600
219,baseline,Gripper,81300,8200,400,true,0
219,baseline,Stabilizer,128700,19700,300,true,0
219,baseline,Motor,187500,19700,300,true,0
220,baseline,,2200532900,532900,100,false,332900
220,baseline,Stabilizer,205000,800,2300,true,0
220,baseline,Gripper,235400,400,1600,true,0
220,baseline,Motor,309100,400,1600,true,0
221,baseline,,2210250200,250200,100,false,50200
221,baseline,Stabilizer,88900,700,1300,true,0
221,baseline,Gripper,189300,800,2600,true,0
221,baseline,Motor,211000,400,2200,true,0
222,baseline,Motor,67700,800,3000,true,0
222,baseline,,2220424400,424400,200,false,224400
222,baseline,Gripper,108800,400,1200,true,0
222,baseline,Stabilizer,120700,200,1000,true,0
223,baseline,,2230387100,387100,100,false,187100
223,baseline,Gripper,164600,600,1700,true,0
223,baseline,Motor,167300,300,1400,true,0
223,baseline,Stabilizer,175200,200,800,true,0
224,baseline,,2240245100,245100,100,false,45100
224,baseline,Gripper,314500,900,2700,true,0
224,baseline,Motor,386300,500,1300,true,0
224,baseline,Stabilizer,396600,200,1200,true,0
225,baseline,,2250717400,717400,100,false,517400
225,baseline,Gripper,72700,500,700,true,0
225,baseline,Stabilizer,126800,300,1600,true,0
225,baseline,Motor,191000,300,1500,true,0
226,baseline,,2260156900,156900,100,true,0
226,baseline,Gripper,169900,1000,2000,true,0
226,baseline,Motor,192300,900,2600,true,0
226,baseline,Stabilizer,239300,500,2100,true,0
227,baseline,,2270543100,543100,0,false,343100
227,baseline,Motor,124900,600,1400,true,0
227,baseline,Stabilizer,135900,100,600,true,0
227,baseline,Gripper,162700,300,1200,true,0
228,baseline,,2280390400,390400,100,false,190400
228,baseline,Gripper,96400,600,900,true,0
228,baseline,Motor,106300,100,1000,true,0
228,baseline,Stabilizer,116100,200,3700,true,0
229,baseline,,2290147100,147100,200,true,0
229,baseline,Gripper,113300,18500,500,true,0
229,baseline,Motor,128900,3800,200,true,0
229,baseline,Stabilizer,140300,3700,200,true,0
230,baseline,,2300526300,526300,100,false,326300
230,baseline,Stabilizer,209500,600,2000,true,0
230,baseline,Gripper,240200,300,1400,true,0
230,baseline,Motor,318800,300,1200,true,0
231,baseline,,2310585300,585300,200,false,385300
231,baseline,Gripper,122800,800,1500,true,0
231,baseline,Stabilizer,135600,200,900,true,0
231,baseline,Motor,267900,600,2200,true,0
232,baseline,,2320576500,576500,100,false,376500
232,baseline,Stabilizer,206600,800,2500,true,0
232,baseline,Gripper,206900,1100,3000,true,0
232,baseline,Motor,206700,200,2500,true,0
233,baseline,,2330827100,827100,100,false,627100
233,baseline,Gripper,175800,1000,3300,true,0
233,baseline,Motor,185000,500,1500,true,0
233,baseline,Stabilizer,198600,200,1200,true,0
234,baseline,,2340222000,222000,100,false,22000
234,baseline,Gripper,86400,800,900,true,0
234,baseline,Motor,95200,1300,3700,true,0
234,baseline,Stabilizer,100700,300,900,true,0
235,baseline,,2350349000,349000,0,false,149000
235,baseline,Gripper,233300,700,1400,true,0
235,baseline,Motor,241500,200,700,true,0
235,baseline,Stabilizer,247300,100,600,true,0
236,baseline,,2360421000,421000,100,false,221000
236,baseline,Motor,142400,300,1000,true,0
236,baseline,Gripper,142500,700,1600,true,0
236,baseline,Stabilizer,250600,200,1100,true,0
237,baseline,,2370368200,368200,100,false,168200
237,baseline,Gripper,108200,600,1600,true,0
237,baseline,Motor,208000,400,1700,true,0
237,baseline,Stabilizer,261300,700,2600,true,0
238,baseline,,2380415800,415800,100,false,215800
238,baseline,Gripper,152600,600,1100,true,0
238,baseline,Motor,258600,600,2300,true,0
238,baseline,Stabilizer,281200,400,1800,true,0
239,baseline,,2390570000,570000,100,false,370000
239,baseline,Gripper,244600,19100,800,true,0
239,baseline,Motor,280300,63400,700,true,0
239,baseline,Stabilizer,355000,36300,600,true,0
240,baseline,,2400742100,742100,200,false,542100
240,baseline,Gripper,295200,800,1800,true,0
240,baseline,Motor,335300,1300,2600,true,0
240,baseline,Stabilizer,357800,200,1100,true,0
241,baseline,,2410295300,295300,100,false,95300
241,baseline,Stabilizer,189300,800,2600,true,0
241,baseline,Motor,235800,500,1900,true,0
241,baseline,Gripper,288200,500,1600,true,0
242,baseline,,2420045200,45200,100,true,0
242,baseline,Motor,141500,700,1800,true,0
242,baseline,Stabilizer,162300,200,900,true,0
242,baseline,Gripper,182100,300,1500,true,0
243,baseline,,2430313400,313400,100,false,113400
243,baseline,Gripper,85800,500,1000,true,0
243,baseline,Motor,196700,500,1700,true,0
243,baseline,Stabilizer,217200,400,1500,true,0
244,baseline,Stabilizer,100300,1200,6300,true,0
244,baseline,,2440357300,357300,100,false,157300
244,baseline,Gripper,125400,200,4600,true,0
244,baseline,Motor,133500,500,1100,true,0
245,baseline,,2450290600,290600,100,false,90600
245,baseline,Motor,241300,700,1400,true,0
245,baseline,Gripper,244800,800,3000,true,0
245,baseline,Stabilizer,252800,600,2100,true,0
246,baseline,,2460235900,235900,300,false,35900
246,baseline,Gripper,197200,900,2100,true,0
246,baseline,Stabilizer,226600,1300,4600,true,0
246,baseline,Motor,316300,1000,2900,true,0
247,baseline,,2470311500,311500,100,false,111500
247,baseline,Gripper,107300,500,1200,true,0
247,baseline,Motor,122600,300,700,true,0
247,baseline,Stabilizer,125300,700,2300,true,0
248,baseline,,2480648100,648100,100,false,448100
248,baseline,Gripper,121600,600,1100,true,0
248,baseline,Motor,279300,500,1300,true,0
248,baseline,Stabilizer,287500,200,700,true,0
249,baseline,,2490347100,347100,0,false,147100
249,baseline,Motor,106700,7400,900,true,0
249,baseline,Gripper,181100,43800,400,true,0
249,baseline,Stabilizer,187100,27600,200,true,0
250,baseline,,2500589800,589800,100,false,389800
250,baseline,Gripper,111800,700,1900,true,0
250,baseline,Motor,116200,500,1000,true,0
250,baseline,Stabilizer,123100,400,1800,true,0
251,baseline,,2510220300,220300,200,false,20300
251,baseline,Gripper,226800,800,2200,true,0
251,baseline,Motor,241800,300,1200,true,0
251,baseline,Stabilizer,253400,200,900,true,0
252,baseline,,2520559900,559900,100,false,359900
252,baseline,Motor,90000,700,2700,true,0
252,baseline,Stabilizer,94000,600,1100,true,0
252,baseline,Gripper,178400,600,1900,true,0
253,baseline,,2530404400,404400,500,false,204400
253,baseline,Gripper,781100,2100,2800,true,0
253,baseline,Motor,793800,700,2600,true,0
253,baseline,Stabilizer,800400,200,1300,true,0
254,baseline,,2540288000,288000,0,false,88000
254,baseline,Motor,181400,600,1500,true,0
254,baseline,Stabilizer,193300,100,700,true,0
254,baseline,Gripper,271600,400,1500,true,0
255,baseline,,2550595400,595400,100,false,395400
255,baseline,Motor,84500,500,800,true,0
255,baseline,Stabilizer,88400,400,1200,true,0
255,baseline,Gripper,195300,200,1300,true,0
256,baseline,,2560555300,555300,100,false,355300
256,baseline,Gripper,148900,600,1000,true,0
256,baseline,Stabilizer,162800,500,1900,true,0
256,baseline,Motor,284800,300,1600,true,0
257,baseline,,2570416800,416800,100,false,216800
257,baseline,Gripper,190000,500,4300,true,0
257,baseline,Motor,194200,800,2000,true,0
257,baseline,Stabilizer,214300,100,1100,true,0
258,baseline,,2580160400,160400,100,true,0
258,baseline,Gripper,270800,1000,1700,true,0
258,baseline,Motor,282900,200,1100,true,0
258,baseline,Stabilizer,293400,400,1400,true,0
259,baseline,,2590388800,388800,100,false,188800
259,baseline,Gripper,213300,45900,1100,true,0
259,baseline,Motor,240400,23400,900,true,0
259,baseline,Stabilizer,267100,67000,200,true,0
260,baseline,,2600459200,459200,100,false,259200
260,baseline,Gripper,161500,1500,1800,true,0
260,baseline,Motor,171400,200,900,true,0
260,baseline,Stabilizer,178600,200,1000,true,0
261,baseline,,2610621000,621000,100,false,421000
261,baseline,Motor,88000,400,800,true,0
261,baseline,Stabilizer,96800,100,600,true,0
261,baseline,Gripper,227900,400,1700,true,0
262,baseline,,2620132600,132600,600,true,0
262,baseline,Stabilizer,118100,500,800,true,0
262,baseline,Gripper,230500,200,1300,true,0
262,baseline,Motor,239400,400,1600,true,0
263,baseline,,2630333900,333900,100,false,133900
263,baseline,Motor,158400,7800,2300,true,0
263,baseline,Stabilizer,159800,600,1600,true,0
263,baseline,Gripper,208600,300,1300,true,0
264,baseline,,2640126800,126800,200,true,0
264,baseline,Gripper,141300,1100,3200,true,0
264,baseline,Motor,235600,700,3300,true,0
264,baseline,Stabilizer,270500,1100,3100,true,0
265,baseline,,2650500900,500900,200,false,300900
265,baseline,Gripper,80700,1000,2300,true,0
265,baseline,Motor,94600,200,1000,true,0
265,baseline,Stabilizer,104100,600,1100,true,0
266,baseline,,2660356700,356700,100,false,156700
266,baseline,Motor,58700,600,1700,true,0
266,baseline,Gripper,68300,900,900,true,0
266,baseline,Stabilizer,91200,200,800,true,0
267,baseline,,2670223800,223800,100,false,23800
267,baseline,Gripper,94800,600,1100,true,0
267,baseline,Motor,105300,200,3900,true,0
267,baseline,Stabilizer,110900,100,500,true,0
268,baseline,,2680401200,401200,0,false,201200
268,baseline,Gripper,92600,400,900,true,0
268,baseline,Motor,101300,100,600,true,0
268,baseline,Stabilizer,104500,300,1800,true,0
269,baseline,,2690146600,146600,100,true,0
269,baseline,Motor,526500,44400,500,true,0
269,baseline,Gripper,643000,156100,500,true,0
269,baseline,Stabilizer,669200,164700,300,true,0
270,baseline,,2700116700,116700,0,true,0
270,baseline,Gripper,228600,800,2100,true,0
270,baseline,Motor,239100,700,2400,true,0
270,baseline,Stabilizer,245700,200,1800,true,0
271,baseline,,2710097400,97400,200,true,0
271,baseline,Gripper,225900,700,1800,true,0
271,baseline,Motor,366400,700,2400,true,0
271,baseline,Stabilizer,380900,1100,3400,true,0
272,baseline,,2720202300,202300,300,false,2300
272,baseline,Gripper,101400,1700,5400,true,0
272,baseline,Motor,108900,2200,6400,true,0
272,baseline,Stabilizer,161400,1200,5100,true,0
273,baseline,,2730413300,413300,0,false,213300
273,baseline,Gripper,94800,500,1000,true,0
273,baseline,Motor,101700,100,600,true,0
273,baseline,Stabilizer,107200,300,1000,true,0
274,baseline,,2740564000,564000,100,false,364000
274,baseline,Stabilizer,93800,500,1600,true,0
274,baseline,Motor,100700,300,600,true,0
274,baseline,Gripper,103800,100,400,true,0
275,baseline,,2750520300,520300,100,false,320300
275,baseline,Gripper,209400,600,1700,true,0
275,baseline,Stabilizer,277700,300,1400,true,0
275,baseline,Motor,279400,300,1400,true,0
276,baseline,,2760214100,214100,400,false,14100
276,baseline,Stabilizer,153400,800,2100,true,0
276,baseline,Motor,222800,400,2000,true,0
276,baseline,Gripper,224800,600,1800,true,0
277,baseline,,2770176800,176800,100,true,0
277,baseline,Motor,177100,700,1600,true,0
277,baseline,Gripper,181400,1000,3500,true,0
277,baseline,Stabilizer,297300,700,2400,true,0
278,baseline,,2780484000,484000,700,false,284000
278,baseline,Gripper,463900,1000,2600,true,0
278,baseline,Motor,505500,900,3800,true,0
278,baseline,Stabilizer,537400,200,1500,true,0
279,baseline,,2790461700,461700,200,false,261700
279,baseline,Gripper,83200,12200,400,true,0
279,baseline,Motor,98100,9500,500,true,0
279,baseline,Stabilizer,116400,9500,500,true,0
280,baseline,,2800270100,270100,0,false,70100
280,baseline,Motor,294300,800,1500,true,0
280,baseline,Stabilizer,358100,400,1400,true,0
280,baseline,Gripper,368600,100,600,true,0
281,baseline,,2810252200,252200,100,false,52200
281,baseline,Stabilizer,94300,500,800,true,0
281,baseline,Motor,208500,300,1500,true,0
281,baseline,Gripper,209200,500,1800,true,0
282,baseline,,2820222700,222700,100,false,22700
282,baseline,Gripper,217800,800,2100,true,0
282,baseline,Motor,282000,600,2100,true,0
282,baseline,Stabilizer,303700,800,2300,true,0
283,baseline,,2830430900,430900,200,false,230900
283,baseline,Gripper,137900,800,1600,true,0
283,baseline,Motor,267500,900,3500,true,0
283,baseline,Stabilizer,289300,700,2600,true,0
284,baseline,,2840204000,204000,200,false,4000
284,baseline,Gripper,210700,900,7300,true,0
284,baseline,Motor,255300,1200,3300,true,0
284,baseline,Stabilizer,282500,800,1700,true,0
285,baseline,,2850395600,395600,100,false,195600
285,baseline,Gripper,93600,800,900,true,0
285,baseline,Motor,102700,200,1100,true,0
285,baseline,Stabilizer,110300,200,1000,true,0
286,baseline,,2860156300,156300,100,true,0
286,baseline,Motor,144700,500,1300,true,0
286,baseline,Stabilizer,152800,200,700,true,0
286,baseline,Gripper,191500,200,1200,true,0
287,baseline,,2870425800,425800,100,false,225800
287,baseline,Gripper,245800,500,3000,true,0
287,baseline,Motor,260000,300,1300,true,0
287,baseline,Stabilizer,262300,100,1200,true,0
288,baseline,,2880513600,513600,100,false,313600
288,baseline,Gripper,100700,500,1400,true,0
288,baseline,Motor,108200,400,2000,true,0
288,baseline,Stabilizer,113200,100,700,true,0
289,baseline,,2890162900,162900,100,true,0
289,baseline,Gripper,212700,44100,500,true,0
289,baseline,Motor,232300,59600,600,true,0
289,baseline,Stabilizer,243900,55200,400,true,0
290,baseline,,2900562200,562200,100,false,362200
290,baseline,Motor,272900,600,1700,true,0
290,baseline,Gripper,273400,900,2600,true,0
290,baseline,Stabilizer,286500,200,900,true,0
291,baseline,,2910469100,469100,100,false,269100
291,baseline,Motor,119300,800,1900,true,0
291,baseline,Stabilizer,130500,200,800,true,0
291,baseline,Gripper,186600,400,1600,true,0
292,baseline,,2920294900,294900,0,false,94900
292,baseline,Gripper,91900,500,1100,true,0
292,baseline,Motor,99100,300,800,true,0
292,baseline,Stabilizer,104700,100,800,true,0
293,baseline,,2930518800,518800,100,false,318800
293,baseline,Gripper,68900,400,1000,true,0
293,baseline,Stabilizer,76900,200,800,true,0
293,baseline,Motor,78000,400,1400,true,0
294,baseline,,2940459100,459100,100,false,259100
294,baseline,Gripper,111900,900,1600,true,0
294,baseline,Motor,138800,600,2300,true,0
294,baseline,Stabilizer,153900,400,1200,true,0
295,baseline,,2950505500,505500,400,false,305500
295,baseline,Gripper,178400,1100,3900,true,0
295,baseline,Motor,190600,600,2300,true,0
295,baseline,Stabilizer,194600,200,1000,true,0
296,baseline,,2960454300,454300,200,false,254300
296,baseline,Gripper,1075500,900,2900,true,0
296,baseline,Motor,1093700,1000,35200,true,0
296,baseline,Stabilizer,1106300,300,1500,true,0
297,baseline,Gripper,85700,800,3000,true,0
297,baseline,Motor,112000,200,15300,true,0
297,baseline,Stabilizer,133500,700,2000,true,0
297,baseline,,2970687500,687500,200,false,487500
298,baseline,,2980418900,418900,200,false,218900
298,baseline,Gripper,563100,1400,2500,true,0
298,baseline,Motor,576400,200,1500,true,0
298,baseline,Stabilizer,585200,300,1200,true,0
299,baseline,,2990452000,452000,300,false,252000
299,baseline,Gripper,214500,56300,400,true,0
299,baseline,Motor,230400,63900,400,true,0
299,baseline,Stabilizer,235700,16000,300,true,0
300,baseline,,3000223300,223300,100,false,23300
300,baseline,Motor,216400,700,2000,true,0
300,baseline,Stabilizer,225000,100,1000,true,0
300,baseline,Gripper,248600,400,1100,true,0
301,baseline,,3010180900,180900,100,true,0
301,baseline,Gripper,150500,600,1300,true,0
301,baseline,Stabilizer,161500,200,700,true,0
301,baseline,Motor,262000,600,2400,true,0
302,baseline,,3020706100,706100,200,false,506100
302,baseline,Gripper,121400,1000,1500,true,0
302,baseline,Motor,136800,200,1200,true,0
302,baseline,Stabilizer,145200,1000,2800,true,0
303,baseline,,3031935100,1935100,300,false,1735100
303,baseline,Gripper,107700,800,1500,true,0
303,baseline,Motor,146500,800,2600,true,0
303,baseline,Stabilizer,162800,200,1000,true,0
304,baseline,,3040287400,287400,100,false,87400
304,baseline,Gripper,191000,600,1400,true,0
304,baseline,Motor,201600,100,400,true,0
304,baseline,Stabilizer,209800,100,900,true,0
305,baseline,,3050311600,311600,100,false,111600
305,baseline,Gripper,495900,1100,2000,true,0
305,baseline,Motor,498000,400,1700,true,0
305,baseline,Stabilizer,506000,200,1400,true,0
306,baseline,Gripper,71500,700,2400,true,0
306,baseline,Motor,82200,100,1200,true,0
306,baseline,Stabilizer,88000,200,900,true,0
306,baseline,,3060644300,644300,0,false,444300
307,baseline,,3070305700,305700,200,false,105700
307,baseline,Motor,158100,900,1900,true,0
307,baseline,Stabilizer,181100,100,800,true,0
307,baseline,Gripper,189000,100,1000,true,0
308,baseline,,3080365900,365900,100,false,165900
308,baseline,Gripper,87700,900,7200,true,0
308,baseline,Motor,94400,500,1200,true,0
308,baseline,Stabilizer,99500,200,1100,true,0
309,baseline,,3090373300,373300,200,false,173300
309,baseline,Gripper,247900,10500,600,true,0
309,baseline,Motor,304800,48800,600,true,0
309,baseline,Stabilizer,320700,52100,200,true,0
310,baseline,,3100179900,179900,0,true,0
310,baseline,Gripper,190100,600,1300,true,0
310,baseline,Motor,197600,100,1000,true,0
310,baseline,Stabilizer,203700,200,900,true,0
311,baseline,,3110145200,145200,100,true,0
311,baseline,Gripper,49100,600,800,true,0
311,baseline,Motor,58800,100,500,true,0
311,baseline,Stabilizer,64100,300,700,true,0
312,baseline,,3120356300,356300,0,false,156300
312,baseline,Motor,133200,800,1700,true,0
312,baseline,Stabilizer,141900,200,1000,true,0
312,baseline,Gripper,169800,300,1300,true,0
313,baseline,,3130541100,541100,200,false,341100
313,baseline,Gripper,120500,600,2000,true,0
313,baseline,Motor,129600,200,1000,true,0
313,baseline,Stabilizer,136200,200,800,true,0
314,baseline,,3140757900,757900,100,false,557900
314,baseline,Gripper,283400,800,1100,true,0
314,baseline,Motor,296500,200,600,true,0
314,baseline,Stabilizer,306100,200,1100,true,0
315,baseline,,3150528700,528700,100,false,328700
315,baseline,Gripper,107400,700,1300,true,0
315,baseline,Motor,123400,200,1100,true,0
315,baseline,Stabilizer,133900,200,1000,true,0
316,baseline,,3160453700,453700,200,false,253700
316,baseline,Gripper,1074500,900,2900,true,0
316,baseline,Motor,1088600,300,1300,true,0
316,baseline,Stabilizer,1117800,600,2300,true,0
317,baseline,,3170354600,354600,0,false,154600
317,baseline,Gripper,60000,1100,1900,true,0
317,baseline,Stabilizer,70200,1000,2700,true,0
317,baseline,Motor,72300,400,1400,true,0
318,baseline,,3180421500,421500,0,false,221500
318,baseline,Gripper,189600,600,1200,true,0
318,baseline,Stabilizer,198100,100,900,true,0
318,baseline,Motor,276500,2600,8000,true,0
319,baseline,,3190365900,365900,0,false,165900
319,baseline,Gripper,234000,33000,500,true,0
319,baseline,Stabilizer,250700,19800,500,true,0
319,baseline,Motor,265800,72500,200,true,0
320,baseline,,3200470000,470000,100,false,270000
320,baseline,Stabilizer,236800,800,2900,true,0
320,baseline,Gripper,265800,600,2400,true,0
320,baseline,Motor,342500,500,1700,true,0
321,baseline,,3210347700,347700,200,false,147700
321,baseline,Gripper,271600,700,1900,true,0
321,baseline,Motor,285200,300,1500,true,0
321,baseline,Stabilizer,305900,900,2300,true,0
322,baseline,,3220619200,619200,100,false,419200
322,baseline,Gripper,123400,600,1600,true,0
322,baseline,Stabilizer,136700,200,800,true,0
322,baseline,Motor,146200,600,2700,true,0
323,baseline,,3230144100,144100,100,true,0
323,baseline,Motor,71800,700,900,true,0
323,baseline,Gripper,80100,400,8900,true,0
323,baseline,Stabilizer,87100,200,900,true,0
324,baseline,,3240294600,294600,0,false,94600
324,baseline,Gripper,176800,600,600,true,0
324,baseline,Motor,186100,200,900,true,0
324,baseline,Stabilizer,192400,200,600,true,0
325,baseline,,3251170200,1170200,200,false,970200
325,baseline,Motor,174800,1100,2200,true,0
325,baseline,Gripper,188400,300,1400,true,0
325,baseline,Stabilizer,208100,500,1500,true,0
326,baseline,,3260449800,449800,200,false,249800
326,baseline,Gripper,133600,1100,2700,true,0
326,baseline,Motor,138400,900,2600,true,0
326,baseline,Stabilizer,140500,500,2100,true,0
327,baseline,,3270254600,254600,100,false,54600
327,baseline,Gripper,118700,800,2800,true,0
327,baseline,Motor,122100,400,1700,true,0
327,baseline,Stabilizer,132600,500,1400,true,0
328,baseline,Gripper,119500,1100,3700,true,0
328,baseline,,3280222700,222700,300,false,22700
328,baseline,Motor,140600,600,1800,true,0
328,baseline,Stabilizer,140900,400,1800,true,0
329,baseline,,3290574100,574100,100,false,374100
329,baseline,Stabilizer,116300,37600,300,true,0
329,baseline,Gripper,155000,28200,600,true,0
329,baseline,Motor,166600,87400,300,true,0
330,baseline,,3300432200,432200,100,false,232200
330,baseline,Gripper,127300,1000,1400,true,0
330,baseline,Motor,143600,1000,2700,true,0
330,baseline,Stabilizer,157800,200,1100,true,0
331,baseline,,3310096500,96500,100,true,0
331,baseline,Gripper,66400,700,1800,true,0
331,baseline,Stabilizer,72600,400,1200,true,0
331,baseline,Motor,78600,400,1800,true,0
332,baseline,,3320517600,517600,100,false,317600
332,baseline,Gripper,143000,700,1800,true,0
332,baseline,Stabilizer,155700,700,2100,true,0
332,baseline,Motor,205400,500,1800,true,0
333,baseline,,3330190200,190200,200,true,0
333,baseline,Gripper,64000,800,1400,true,0
333,baseline,Motor,89200,700,2300,true,0
333,baseline,Stabilizer,90400,400,1500,true,0
334,baseline,Gripper,64300,1100,2500,true,0
334,baseline,Motor,64300,500,2200,true,0
334,baseline,Stabilizer,67300,200,1100,true,0
334,baseline,,3340303600,303600,200,false,103600
335,baseline,,3350523600,523600,100,false,323600
335,baseline,Gripper,161200,700,1500,true,0
335,baseline,Stabilizer,183300,500,1700,true,0
335,baseline,Motor,216000,400,1400,true,0
336,baseline,,3360373700,373700,100,false,173700
336,baseline,Gripper,142700,700,1700,true,0
336,baseline,Motor,144200,300,1000,true,0
336,baseline,Stabilizer,147200,200,900,true,0
337,baseline,,3370227400,227400,0,false,27400
337,baseline,Gripper,86800,600,1300,true,0
337,baseline,Motor,105800,700,2800,true,0
337,baseline,Stabilizer,121500,1000,3700,true,0
338,baseline,,3380239100,239100,0,false,39100
338,baseline,Motor,83600,500,800,true,0
338,baseline,Gripper,112000,400,1300,true,0
338,baseline,Stabilizer,131300,200,1000,true,0
339,baseline,,3390373600,373600,100,false,173600
339,baseline,Gripper,132100,19700,400,true,0
339,baseline,Stabilizer,212600,32200,600,true,0
339,baseline,Motor,414800,239400,200,true,0
340,baseline,,3400486500,486500,100,false,286500
340,baseline,Gripper,79300,600,1900,true,0
340,baseline,Stabilizer,176900,1000,3500,true,0
340,baseline,Motor,176800,900,3000,true,0
341,baseline,,3410411100,411100,100,false,211100
341,baseline,Gripper,190700,900,2800,true,0
341,baseline,Stabilizer,262400,200,2400,true,0
341,baseline,Motor,293600,300,1400,true,0
342,baseline,,3420383200,383200,0,false,183200
342,baseline,Motor,139600,600,1800,true,0
342,baseline,Gripper,198600,300,1600,true,0
342,baseline,Stabilizer,246700,1000,3500,true,0
343,baseline,,3430850400,850400,0,false,650400
343,baseline,Stabilizer,185900,1000,1900,true,0
343,baseline,Gripper,186100,1100,2000,true,0
343,baseline,Motor,188800,600,4800,true,0
344,baseline,,3440385800,385800,100,false,185800
344,baseline,Stabilizer,57600,500,800,true,0
344,baseline,Gripper,83200,300,1100,true,0
344,baseline,Motor,206800,200,1100,true,0
345,baseline,,3450554000,554000,0,false,354000
345,baseline,Gripper,195500,500,1500,true,0
345,baseline,Motor,227500,300,1400,true,0
345,baseline,Stabilizer,229500,300,1500,true,0
346,baseline,,3460386500,386500,0,false,186500
346,baseline,Gripper,56400,700,1400,true,0
346,baseline,Stabilizer,170500,400,1400,true,0
346,baseline,Motor,171100,300,1400,true,0
347,baseline,,3470496900,496900,200,false,296900
347,baseline,Stabilizer,91100,700,1300,true,0
347,baseline,Motor,150000,700,2700,true,0
347,baseline,Gripper,200000,500,2000,true,0
348,baseline,,3480488100,488100,200,false,288100
348,baseline,Gripper,110500,1000,1900,true,0
348,baseline,Motor,149400,1100,3500,true,0
348,baseline,Stabilizer,171300,200,1500,true,0
349,baseline,,3490538500,538500,100,false,338500
349,baseline,Gripper,235800,13100,400,true,0
349,baseline,Stabilizer,263900,57600,500,true,0
349,baseline,Motor,309700,22800,300,true,0
350,baseline,,3500550200,550200,100,false,350200
350,baseline,Gripper,175400,1000,2200,true,0
350,baseline,Motor,186700,200,1100,true,0
350,baseline,Stabilizer,194400,200,1000,true,0
351,baseline,,3510280100,280100,100,false,80100
351,baseline,Gripper,48600,700,2300,true,0
351,baseline,Stabilizer,57200,400,1100,true,0
351,baseline,Motor,132600,2300,1400,true,0
352,baseline,,3520546000,546000,100,false,346000
352,baseline,Gripper,173600,800,1900,true,0
352,baseline,Stabilizer,194000,900,3100,true,0
352,baseline,Motor,232300,700,2500,true,0
353,baseline,,3530750700,750700,100,false,550700
353,baseline,Motor,170400,1100,2700,true,0
353,baseline,Stabilizer,179400,1000,3400,true,0
353,baseline,Gripper,245200,700,2400,true,0
354,baseline,,3540479000,479000,200,false,279000
354,baseline,Stabilizer,175500,1000,2200,true,0
354,baseline,Motor,194600,300,1000,true,0
354,baseline,Gripper,303000,3000,6200,true,0
355,baseline,,3550534900,534900,100,false,334900
355,baseline,Motor,161000,700,1700,true,0
355,baseline,Stabilizer,170700,100,900,true,0
355,baseline,Gripper,225100,300,1300,true,0
356,baseline,,3560463800,463800,100,false,263800
356,baseline,Gripper,115500,500,1000,true,0
356,baseline,Motor,246100,400,1500,true,0
356,baseline,Stabilizer,246400,300,1200,true,0
357,baseline,,3570206300,206300,0,false,6300
357,baseline,Gripper,105500,800,1900,true,0
357,baseline,Motor,198800,2200,4100,true,0
357,baseline,Stabilizer,232400,500,1900,true,0
358,baseline,,3580214700,214700,200,false,14700
358,baseline,Motor,168500,800,1700,true,0
358,baseline,Gripper,261800,800,2800,true,0
358,baseline,Stabilizer,297500,500,2200,true,0
359,baseline,,3590091300,91300,100,true,0
359,baseline,Motor,373500,115500,600,true,0
359,baseline,Gripper,437600,90100,400,true,0
359,baseline,Stabilizer,692200,148700,3100,true,0
360,baseline,,3600607500,607500,100,false,407500
360,baseline,Gripper,269900,1000,3000,true,0
360,baseline,Motor,278200,1000,1600,true,0
360,baseline,Stabilizer,395400,700,2900,true,0
361,baseline,,3610535400,535400,100,false,335400
361,baseline,Gripper,170500,1000,3000,true,0
361,baseline,Motor,208100,800,2700,true,0
361,baseline,Stabilizer,208400,700,2400,true,0
362,baseline,,3620281100,281100,100,false,81100
362,baseline,Stabilizer,129100,600,1500,true,0
362,baseline,Gripper,182400,300,1400,true,0
362,baseline,Motor,183700,400,1500,true,0
363,baseline,,3630156600,156600,0,true,0
363,baseline,Gripper,202500,500,1500,true,0
363,baseline,Motor,226200,300,1200,true,0
363,baseline,Stabilizer,257800,400,1200,true,0
364,baseline,,3640453900,453900,0,false,253900
364,baseline,Gripper,171000,600,1200,true,0
364,baseline,Stabilizer,302800,400,1500,true,0
364,baseline,Motor,302800,400,1500,true,0
365,baseline,,3650235400,235400,0,false,35400
365,baseline,Motor,132500,600,700,true,0
365,baseline,Stabilizer,138200,400,1200,true,0
365,baseline,Gripper,253800,600,2400,true,0
366,baseline,,3660177700,177700,100,true,0
366,baseline,Gripper,83600,800,1500,true,0
366,baseline,Motor,88500,500,1900,true,0
366,baseline,Stabilizer,91800,400,1400,true,0
367,baseline,Motor,73500,1000,3000,true,0
367,baseline,Stabilizer,86100,200,800,true,0
367,baseline,,3670698800,698800,200,false,498800
367,baseline,Gripper,111600,800,2000,true,0
368,baseline,,3680461400,461400,100,false,261400
368,baseline,Gripper,922400,800,3300,true,0
368,baseline,Motor,939400,300,1300,true,0
368,baseline,Stabilizer,948000,100,1000,true,0
369,baseline,,3690508600,508600,0,false,308600
369,baseline,Gripper,190600,11900,900,true,0
369,baseline,Motor,276900,118000,300,true,0
369,baseline,Stabilizer,340400,176300,300,true,0
370,baseline,,3700394100,394100,100,false,194100
370,baseline,Stabilizer,202200,1000,2100,true,0
370,baseline,Gripper,230700,400,1500,true,0
370,baseline,Motor,329200,300,1400,true,0
371,baseline,Motor,53700,800,2400,true,0
371,baseline,Stabilizer,57000,500,1800,true,0
371,baseline,,3710522300,522300,100,false,322300
371,baseline,Gripper,148400,400,1700,true,0
372,baseline,Motor,88000,1100,3300,true,0
372,baseline,Stabilizer,91700,1000,3200,true,0
372,baseline,,3720369000,369000,100,false,169000
372,baseline,Gripper,170800,600,2300,true,0
373,baseline,Motor,87500,1000,3400,true,0
373,baseline,Stabilizer,88400,900,4000,true,0
373,baseline,,3730650400,650400,200,false,450400
373,baseline,Gripper,172300,600,2400,true,0
374,baseline,Stabilizer,77200,900,2700,true,0
374,baseline,Motor,87400,700,1500,true,0
374,baseline,,3740485500,485500,100,false,285500
374,baseline,Gripper,149700,200,700,true,0
375,baseline,,3750323800,323800,0,false,123800
375,baseline,Gripper,101100,600,1100,true,0
375,baseline,Motor,109600,200,1300,true,0
375,baseline,Stabilizer,116100,100,800,true,0
376,baseline,,3760431500,431500,2300,false,231500
376,baseline,Stabilizer,110600,600,1500,true,0
376,baseline,Gripper,213600,300,1000,true,0
376,baseline,Motor,242800,300,1300,true,0
377,baseline,,3770659700,659700,100,false,459700
377,baseline,Gripper,545200,1300,3100,true,0
377,baseline,Motor,583700,500,2100,true,0
377,baseline,Stabilizer,597300,200,1800,true,0
378,baseline,,3780527300,527300,100,false,327300
378,baseline,Gripper,126400,700,1700,true,0
378,baseline,Stabilizer,131000,700,2400,true,0
378,baseline,Motor,230000,500,1800,true,0
379,baseline,,3790199500,199500,100,true,0
379,baseline,Gripper,333900,60100,500,true,0
379,baseline,Stabilizer,403600,48700,500,true,0
379,baseline,Motor,536200,71400,1900,true,0
380,baseline,,3800329700,329700,100,false,129700
380,baseline,Motor,258000,900,2800,true,0
380,baseline,Stabilizer,272700,200,1300,true,0
380,baseline,Gripper,295600,800,2400,true,0
381,baseline,,3810404000,404000,100,false,204000
381,baseline,Gripper,139800,300,900,true,0
381,baseline,Stabilizer,150200,300,500,true,0
381,baseline,Motor,150500,400,1600,true,0
382,baseline,,3820859200,859200,0,false,659200
382,baseline,Gripper,89000,600,2800,true,0
382,baseline,Stabilizer,98000,200,700,true,0
382,baseline,Motor,200900,400,1500,true,0
383,baseline,,3830148000,148000,200,true,0
383,baseline,Gripper,143800,600,1100,true,0
383,baseline,Stabilizer,223600,500,2000,true,0
383,baseline,Motor,259700,400,1600,true,0
384,baseline,,3840426900,426900,200,false,226900
384,baseline,Gripper,121700,1000,1000,true,0
384,baseline,Motor,134100,100,1400,true,0
384,baseline,Stabilizer,143700,200,900,true,0
385,baseline,Stabilizer,84300,1100,3800,true,0
385,baseline,,3850667900,667900,200,false,467900
385,baseline,Motor,185200,700,2200,true,0
385,baseline,Gripper,185300,700,2400,true,0
386,baseline,,3860169900,169900,100,true,0
386,baseline,Gripper,150900,900,2800,true,0
386,baseline,Motor,165600,200,1600,true,0
386,baseline,Stabilizer,174400,600,1300,true,0
387,baseline,,3870307400,307400,100,false,107400
387,baseline,Gripper,97700,700,2300,true,0
387,baseline,Motor,109200,500,1500,true,0
387,baseline,Stabilizer,111100,200,900,true,0
388,baseline,,3880137100,137100,100,true,0
388,baseline,Stabilizer,109000,600,900,true,0
388,baseline,Gripper,145600,300,1500,true,0
388,baseline,Motor,229600,2100,7100,true,0
389,baseline,,3890327600,327600,100,false,127600
389,baseline,Motor,88100,34500,300,true,0
389,baseline,Stabilizer,110000,46300,200,true,0
389,baseline,Gripper,166800,19400,400,true,0
390,baseline,,3900212200,212200,100,false,12200
390,baseline,Gripper,213200,900,1600,true,0
390,baseline,Stabilizer,230000,700,2300,true,0
390,baseline,Motor,269000,500,1900,true,0
391,baseline,,3910304700,304700,100,false,104700
391,baseline,Motor,99400,600,1400,true,0
391,baseline,Stabilizer,104400,800,2200,true,0
391,baseline,Gripper,213200,500,5400,true,0
392,baseline,Motor,92000,800,3900,true,0
392,baseline,Stabilizer,154100,800,1400,true,0
392,baseline,,3920448700,448700,100,false,248700
392,baseline,Gripper,176600,500,2600,true,0
393,baseline,Gripper,61100,900,2800,true,0
393,baseline,,3930779400,779400,100,false,579400
393,baseline,Motor,108400,100,37100,true,0
393,baseline,Stabilizer,120700,300,1000,true,0
394,baseline,,3940683200,683200,100,false,483200
394,baseline,Gripper,117000,500,900,true,0
394,baseline,Motor,125000,200,600,true,0
394,baseline,Stabilizer,126900,400,1000,true,0
395,baseline,,3950373800,373800,200,false,173800
395,baseline,Gripper,622400,800,2600,true,0
395,baseline,Motor,634400,200,1100,true,0
395,baseline,Stabilizer,642500,100,1200,true,0
396,baseline,,3960600600,600600,100,false,400600
396,baseline,Gripper,64700,700,2000,true,0
396,baseline,Motor,79200,100,700,true,0
396,baseline,Stabilizer,85300,500,900,true,0
397,baseline,,3970152000,152000,100,true,0
397,baseline,Motor,77100,800,1300,true,0
397,baseline,Stabilizer,88100,900,3000,true,0
397,baseline,Gripper,171300,500,2600,true,0
398,baseline,,3980080400,80400,100,true,0
398,baseline,Gripper,106000,1000,3100,true,0
398,baseline,Stabilizer,110200,1400,2800,true,0
398,baseline,Motor,201000,2700,8000,true,0
399,baseline,,3990551800,551800,100,false,351800
399,baseline,Motor,121200,8400,500,true,0
399,baseline,Stabilizer,150600,6700,200,true,0
399,baseline,Gripper,158500,36700,500,true,0
400,baseline,,4000446900,446900,100,false,246900
400,baseline,Gripper,180600,800,1100,true,0
400,baseline,Motor,189700,100,1000,true,0
400,baseline,Stabilizer,195200,200,1000,true,0
401,baseline,,4010170800,170800,0,true,0
401,baseline,Motor,218200,700,1600,true,0
401,baseline,Gripper,220000,400,1700,true,0
401,baseline,Stabilizer,322500,300,1200,true,0
402,baseline,,4020507300,507300,200,false,307300
402,baseline,Gripper,117200,600,1600,true,0
402,baseline,Motor,122700,600,2000,true,0
402,baseline,Stabilizer,131700,300,1000,true,0
403,baseline,,4030515400,515400,100,false,315400
403,baseline,Motor,172700,800,1300,true,0
403,baseline,Stabilizer,190600,900,2900,true,0
403,baseline,Gripper,248200,500,2400,true,0
404,baseline,,4040706600,706600,200,false,506600
404,baseline,Gripper,577000,1000,2400,true,0
404,baseline,Motor,596700,200,1000,true,0
404,baseline,Stabilizer,608100,300,1100,true,0
405,baseline,,4050466400,466400,200,false,266400
405,baseline,Gripper,140100,800,1800,true,0
405,baseline,Motor,157100,1000,3100,true,0
405,baseline,Stabilizer,163200,200,700,true,0
406,baseline,,4060427700,427700,100,false,227700
406,baseline,Gripper,140100,500,1100,true,0
406,baseline,Motor,150400,400,1500,true,0
406,baseline,Stabilizer,151300,200,1100,true,0
407,baseline,,4070125200,125200,100,true,0
407,baseline,Gripper,99800,400,600,true,0
407,baseline,Motor,206500,300,1400,true,0
407,baseline,Stabilizer,240400,300,1200,true,0
408,baseline,,4080562600,562600,0,false,362600
408,baseline,Gripper,170800,600,700,true,0
408,baseline,Stabilizer,182500,200,1000,true,0
408,baseline,Motor,278300,600,2000,true,0
409,baseline,,4090441300,441300,100,false,241300
409,baseline,Stabilizer,130400,6000,400,true,0
409,baseline,Gripper,137800,15300,600,true,0
409,baseline,Motor,228200,23100,400,true,0
410,baseline,,4100453400,453400,100,false,253400
410,baseline,Gripper,293700,1800,5600,true,0
410,baseline,Motor,302500,1400,3200,true,0
410,baseline,Stabilizer,320000,300,900,true,0
411,baseline,,4110487600,487600,200,false,287600
411,baseline,Gripper,62100,1100,2600,true,0
411,baseline,Motor,87900,500,1000,true,0
411,baseline,Stabilizer,90500,400,1200,true,0
412,baseline,,4120422800,422800,100,false,222800
412,baseline,Gripper,73100,500,800,true,0
412,baseline,Motor,79100,100,600,true,0
412,baseline,Stabilizer,84100,100,800,true,0
413,baseline,Gripper,59800,800,3200,true,0
413,baseline,,4130762500,762500,100,false,562500
413,baseline,Motor,232900,200,1200,true,0
413,baseline,Stabilizer,240300,200,600,true,0
414,baseline,,4140181900,181900,200,true,0
414,baseline,Gripper,147400,1000,2200,true,0
414,baseline,Motor,159700,600,1100,true,0
414,baseline,Stabilizer,167600,200,400,true,0
415,baseline,,4150156400,156400,100,true,0
415,baseline,Stabilizer,125200,900,2100,true,0
415,baseline,Gripper,163700,400,1600,true,0
415,baseline,Motor,267600,400,1700,true,0
416,baseline,,4160576500,576500,100,false,376500
416,baseline,Gripper,131900,700,1900,true,0
416,baseline,Motor,137100,700,2500,true,0
416,baseline,Stabilizer,149600,300,800,true,0
417,baseline,,4170618800,618800,200,false,418800
417,baseline,Gripper,326000,3800,13400,true,0
417,baseline,Motor,356100,2600,8300,true,0
417,baseline,Stabilizer,423800,2500,9200,true,0
418,baseline,,4180183100,183100,100,true,0
418,baseline,Gripper,54200,700,2100,true,0
418,baseline,Motor,57200,400,1100,true,0
418,baseline,Stabilizer,65800,200,600,true,0
419,baseline,,4190637800,637800,100,false,437800
419,baseline,Gripper,258600,19700,400,true,0
419,baseline,Stabilizer,346000,40200,500,true,0
419,baseline,Motor,418400,21700,1500,true,0
420,baseline,,4200474600,474600,0,false,274600
420,baseline,Gripper,167700,1000,1300,true,0
420,baseline,Motor,180300,500,2200,true,0
420,baseline,Stabilizer,186700,300,1500,true,0
421,baseline,,4210767700,767700,100,false,567700
421,baseline,Gripper,159100,600,1400,true,0
421,baseline,Stabilizer,168500,600,1800,true,0
421,baseline,Motor,279700,400,1800,true,0
422,baseline,,4220282400,282400,200,false,82400
422,baseline,Gripper,110200,1000,3100,true,0
422,baseline,Stabilizer,133900,700,2100,true,0
422,baseline,Motor,136700,700,2300,true,0
423,baseline,,4230198300,198300,100,true,0
423,baseline,Gripper,38500,700,1500,true,0
423,baseline,Motor,43900,300,1000,true,0
423,baseline,Stabilizer,65500,700,1900,true,0
424,baseline,,4240062000,62000,0,true,0
424,baseline,Stabilizer,86500,500,800,true,0
424,baseline,Motor,93400,800,2300,true,0
424,baseline,Gripper,95600,600,2100,true,0
425,baseline,,4250225800,225800,0,false,25800
425,baseline,Gripper,86800,600,1000,true,0
425,baseline,Motor,91100,400,1600,true,0
425,baseline,Stabilizer,258500,300,1600,true,0
426,baseline,,4260437200,437200,0,false,237200
426,baseline,Stabilizer,82300,500,1700,true,0
426,baseline,Gripper,124100,400,1000,true,0
426,baseline,Motor,180100,200,1400,true,0
427,baseline,,4270153000,153000,100,true,0
427,baseline,Stabilizer,55400,700,1000,true,0
427,baseline,Gripper,202400,300,1300,true,0
427,baseline,Motor,214800,400,1500,true,0
428,baseline,,4280359300,359300,100,false,159300
428,baseline,Motor,191300,700,1900,true,0
428,baseline,Gripper,191400,500,2000,true,0
428,baseline,Stabilizer,247500,400,1700,true,0
429,baseline,,4290554000,554000,100,false,354000
429,baseline,Motor,137300,18300,300,true,0
429,baseline,Stabilizer,158500,24100,300,true,0
429,baseline,Gripper,168400,49100,300,true,0
430,baseline,,4300093000,93000,100,true,0
430,baseline,Gripper,172500,600,1600,true,0
430,baseline,Motor,173700,300,900,true,0
430,baseline,Stabilizer,286100,300,1300,true,0
431,baseline,,4310500900,500900,100,false,300900
431,baseline,Motor,199100,800,2300,true,0
431,baseline,Stabilizer,200900,400,1800,true,0
431,baseline,Gripper,403600,1900,7200,true,0
432,baseline,,4320244700,244700,200,false,44700
432,baseline,Motor,137200,500,1000,true,0
432,baseline,Gripper,380900,2900,7900,true,0
432,baseline,Stabilizer,381300,2800,8400,true,0
433,baseline,,4330322900,322900,0,false,122900
433,baseline,Gripper,148900,700,1800,true,0
433,baseline,Motor,195000,500,1500,true,0
433,baseline,Stabilizer,204300,400,1700,true,0
434,baseline,,4340538600,538600,100,false,338600
434,baseline,Stabilizer,176900,800,1900,true,0
434,baseline,Gripper,209700,700,1800,true,0
434,baseline,Motor,294600,600,2000,true,0
435,baseline,,4350410500,410500,100,false,210500
435,baseline,Stabilizer,194100,900,2200,true,0
435,baseline,Gripper,266100,1000,2800,true,0
435,baseline,Motor,308700,700,2700,true,0
436,baseline,,4360460900,460900,200,false,260900
436,baseline,Gripper,192400,900,2200,true,0
436,baseline,Motor,203400,800,2800,true,0
436,baseline,Stabilizer,211400,300,1000,true,0
437,baseline,,4370372800,372800,100,false,172800
437,baseline,Motor,112700,700,2000,true,0
437,baseline,Gripper,119000,500,5500,true,0
437,baseline,Stabilizer,171100,400,1400,true,0
438,baseline,,4380217300,217300,100,false,17300
438,baseline,Motor,75100,600,1800,true,0
438,baseline,Gripper,96300,600,1900,true,0
438,baseline,Stabilizer,104800,500,1800,true,0
439,baseline,,4390723100,723100,0,false,523100
439,baseline,Gripper,159900,51600,600,true,0
439,baseline,Stabilizer,196200,18400,200,true,0
439,baseline,Motor,264500,19000,300,true,0
440,baseline,,4400376500,376500,100,false,176500
440,baseline,Stabilizer,127100,500,1000,true,0
440,baseline,Motor,127300,800,2600,true,0
440,baseline,Gripper,152100,200,600,true,0
441,baseline,,4410297000,297000,100,false,97000
441,baseline,Motor,83600,800,6600,true,0
441,baseline,Stabilizer,84700,700,2000,true,0
441,baseline,Gripper,145400,500,2000,true,0
442,baseline,,4420345100,345100,0,false,145100
442,baseline,Gripper,145100,400,1000,true,0
442,baseline,Stabilizer,305700,400,1400,true,0
442,baseline,Motor,305800,300,1600,true,0
443,baseline,,4430337600,337600,0,false,137600
443,baseline,Motor,188500,700,1500,true,0
443,baseline,Stabilizer,196600,100,700,true,0
443,baseline,Gripper,202600,100,800,true,0
444,baseline,,4440245300,245300,0,false,45300
444,baseline,Gripper,86800,400,400,true,0
444,baseline,Motor,93200,100,800,true,0
444,baseline,Stabilizer,99100,200,700,true,0
445,baseline,,4450640400,640400,100,false,440400
445,baseline,Motor,99100,600,1400,true,0
445,baseline,Stabilizer,107800,100,1000,true,0
445,baseline,Gripper,148500,300,1300,true,0
446,baseline,,4460479100,479100,100,false,279100
446,baseline,Motor,173200,600,1500,true,0
446,baseline,Stabilizer,181400,100,1000,true,0
446,baseline,Gripper,204800,300,1400,true,0
447,baseline,,4470294800,294800,300,false,94800
447,baseline,Gripper,98500,600,1700,true,0
447,baseline,Motor,106600,100,900,true,0
447,baseline,Stabilizer,132100,400,1200,true,0
448,baseline,,4480204800,204800,100,false,4800
448,baseline,Gripper,122600,800,1300,true,0
448,baseline,Motor,124900,400,1600,true,0
448,baseline,Stabilizer,133900,200,3800,true,0
449,baseline,,4490344200,344200,0,false,144200
449,baseline,Gripper,263200,32400,400,true,0
449,baseline,Motor,420500,35700,300,true,0
449,baseline,Stabilizer,437300,40300,300,true,0
450,baseline,,4500439700,439700,0,false,239700
450,baseline,Gripper,78500,700,1000,true,0
450,baseline,Motor,86700,200,1000,true,0
450,baseline,Stabilizer,92400,200,800,true,0
451,baseline,,4510371200,371200,100,false,171200
451,baseline,Motor,89300,600,1600,true,0
451,baseline,Stabilizer,96800,100,800,true,0
451,baseline,Gripper,134900,300,1400,true,0
452,baseline,,4520703600,703600,100,false,503600
452,baseline,Gripper,75800,600,1700,true,0
452,baseline,Motor,77900,300,800,true,0
452,baseline,Stabilizer,85200,100,800,true,0
453,baseline,,4530366500,366500,0,false,166500
453,baseline,Stabilizer,162300,600,1200,true,0
453,baseline,Gripper,171200,200,900,true,0
453,baseline,Motor,275500,200,1100,true,0
454,baseline,,4540163700,163700,100,true,0
454,baseline,Gripper,110100,500,1400,true,0
454,baseline,Stabilizer,255200,400,1700,true,0
454,baseline,Motor,256800,200,2800,true,0
455,baseline,,4550761600,761600,0,false,561600
455,baseline,Motor,76900,500,1100,true,0
455,baseline,Gripper,84000,400,1800,true,0
455,baseline,Stabilizer,87300,100,600,true,0
456,baseline,,4560692900,692900,100,false,492900
456,baseline,Gripper,96100,900,2100,true,0
456,baseline,Motor,106400,100,1100,true,0
456,baseline,Stabilizer,113800,200,1400,true,0
457,baseline,,4570279900,279900,200,false,79900
457,baseline,Gripper,117500,500,1000,true,0
457,baseline,Motor,123900,100,600,true,0
457,baseline,Stabilizer,129400,100,800,true,0
458,baseline,,4580357500,357500,300,false,157500
458,baseline,Gripper,449900,1500,2000,true,0
458,baseline,Motor,461600,100,1100,true,0
458,baseline,Stabilizer,520200,400,1900,true,0
459,baseline,,4590643300,643300,0,false,443300
459,baseline,Gripper,109500,9300,600,true,0
459,baseline,Motor,124700,30800,200,true,0
459,baseline,Stabilizer,132800,7100,200,true,0
460,baseline,,4600529100,529100,100,false,329100
460,baseline,Gripper,134700,600,1100,true,0
460,baseline,Motor,144000,200,700,true,0
460,baseline,Stabilizer,155400,100,800,true,0
461,baseline,,4610475400,475400,100,false,275400
461,baseline,Gripper,79000,600,900,true,0
461,baseline,Motor,86300,100,700,true,0
461,baseline,Stabilizer,91500,100,700,true,0
462,baseline,,4620217600,217600,100,false,17600
462,baseline,Motor,120800,700,1300,true,0
462,baseline,Stabilizer,128800,100,800,true,0
462,baseline,Gripper,174100,300,1400,true,0
463,baseline,Gripper,73900,1500,3900,true,0
463,baseline,Motor,83100,200,900,true,0
463,baseline,,4630425400,425400,200,false,225400
463,baseline,Stabilizer,90000,100,1000,true,0
464,baseline,,4640500900,500900,0,false,300900
464,baseline,Gripper,122000,700,1700,true,0
464,baseline,Motor,131500,100,600,true,0
464,baseline,Stabilizer,136900,100,600,true,0
465,baseline,,4650121700,121700,100,true,0
465,baseline,Gripper,77400,400,1500,true,0
465,baseline,Motor,86100,100,1700,true,0
465,baseline,Stabilizer,93600,200,1200,true,0
466,baseline,,4660792500,792500,100,false,592500
466,baseline,Motor,121400,600,1300,true,0
466,baseline,Stabilizer,129400,100,800,true,0
466,baseline,Gripper,170600,300,1200,true,0
467,baseline,,4670782800,782800,100,false,582800
467,baseline,Gripper,348200,1100,2600,true,0
467,baseline,Motor,360300,100,900,true,0
467,baseline,Stabilizer,376000,400,1600,true,0
468,baseline,,4680501600,501600,200,false,301600
468,baseline,Motor,134800,700,2000,true,0
468,baseline,Stabilizer,145900,200,1000,true,0
468,baseline,Gripper,195700,700,2300,true,0
469,baseline,,4690307600,307600,100,false,107600
469,baseline,Gripper,199300,14200,500,true,0
469,baseline,Motor,223800,6500,300,true,0
469,baseline,Stabilizer,243200,6200,200,true,0
470,baseline,,4700403000,403000,100,false,203000
470,baseline,Gripper,241500,600,2100,true,0
470,baseline,Motor,244600,600,1100,true,0
470,baseline,Stabilizer,254300,200,2900,true,0
471,baseline,,4710821600,821600,100,false,621600
471,baseline,Gripper,171000,500,1300,true,0
471,baseline,Motor,175000,400,1400,true,0
471,baseline,Stabilizer,179800,100,800,true,0
472,baseline,,4720226300,226300,0,false,26300
472,baseline,Motor,107900,700,1700,true,0
472,baseline,Stabilizer,116500,100,900,true,0
472,baseline,Gripper,161300,200,1400,true,0
473,baseline,,4730072300,72300,100,true,0
473,baseline,Gripper,90000,500,1300,true,0
473,baseline,Stabilizer,100000,300,800,true,0
473,baseline,Motor,201700,500,1800,true,0
474,baseline,,4740630400,630400,400,false,430400
474,baseline,Gripper,325200,800,1800,true,0
474,baseline,Motor,338900,300,1100,true,0
474,baseline,Stabilizer,347400,300,1000,true,0
475,baseline,,4750067800,67800,100,true,0
475,baseline,Stabilizer,322500,1800,5700,true,0
475,baseline,Gripper,326000,1800,3800,true,0
475,baseline,Motor,370500,500,2100,true,0
476,baseline,,4760299100,299100,100,false,99100
476,baseline,Gripper,1035900,900,2800,true,0
476,baseline,Motor,1051100,500,1400,true,0
476,baseline,Stabilizer,1056900,400,1300,true,0
477,baseline,,4770567700,567700,100,false,367700
477,baseline,Gripper,78100,400,900,true,0
477,baseline,Motor,85300,100,600,true,0
477,baseline,Stabilizer,90500,100,800,true,0
478,baseline,,4780620700,620700,100,false,420700
478,baseline,Motor,160600,600,1300,true,0
478,baseline,Gripper,168400,200,900,true,0
478,baseline,Stabilizer,175200,400,1400,true,0
479,baseline,,4790322400,322400,100,false,122400
479,baseline,Motor,178000,7500,300,true,0
479,baseline,Gripper,211900,25700,500,true,0
479,baseline,Stabilizer,225100,29500,300,true,0
480,baseline,,4800588900,588900,100,false,388900
480,baseline,Stabilizer,212500,800,1900,true,0
480,baseline,Gripper,289100,400,1800,true,0
480,baseline,Motor,329000,1200,3500,true,0
481,baseline,,4810458000,458000,100,false,258000
481,baseline,Gripper,107100,700,1400,true,0
481,baseline,Stabilizer,120300,300,1100,true,0
481,baseline,Motor,218000,800,2400,true,0
482,baseline,,4820435000,435000,100,false,235000
482,baseline,Motor,172600,600,2200,true,0
482,baseline,Stabilizer,185300,100,900,true,0
482,baseline,Gripper,193300,300,900,true,0
483,baseline,,4830655100,655100,100,false,455100
483,baseline,Gripper,100800,800,1800,true,0
483,baseline,Motor,102200,300,900,true,0
483,baseline,Stabilizer,105200,300,1900,true,0
484,baseline,,4840254500,254500,100,false,54500
484,baseline,Gripper,101800,400,1000,true,0
484,baseline,Stabilizer,110800,100,600,true,0
484,baseline,Motor,204600,400,1200,true,0
485,baseline,,4850305500,305500,500,false,105500
485,baseline,Gripper,285000,1000,1700,true,0
485,baseline,Motor,302200,100,700,true,0
485,baseline,Stabilizer,321100,600,2600,true,0
486,baseline,,4860364800,364800,100,false,164800
486,baseline,Gripper,134500,900,2700,true,0
486,baseline,Motor,138200,700,2300,true,0
486,baseline,Stabilizer,140500,600,2300,true,0
487,baseline,,4870189100,189100,200,true,0
487,baseline,Gripper,199800,1000,2900,true,0
487,baseline,Motor,253000,700,2500,true,0
487,baseline,Stabilizer,283900,800,3000,true,0
488,baseline,,4880185500,185500,100,true,0
488,baseline,Gripper,161600,800,1800,true,0
488,baseline,Motor,164200,600,2200,true,0
488,baseline,Stabilizer,176600,300,900,true,0
489,baseline,,4890545700,545700,100,false,345700
489,baseline,Motor,238300,29000,300,true,0
489,baseline,Gripper,249500,53200,300,true,0
489,baseline,Stabilizer,258100,15300,100,true,0
490,baseline,,4900788400,788400,100,false,588400
490,baseline,Gripper,225100,1000,1700,true,0
490,baseline,Stabilizer,235200,300,1500,true,0
490,baseline,Motor,336300,200,1200,true,0
491,baseline,,4910501900,501900,100,false,301900
491,baseline,Motor,81000,500,1000,true,0
491,baseline,Stabilizer,89500,400,1600,true,0
491,baseline,Gripper,176900,300,1500,true,0
492,baseline,Motor,67800,800,3600,true,0
492,baseline,,4920684900,684900,100,false,484900
492,baseline,Stabilizer,81400,200,1100,true,0
492,baseline,Gripper,116300,700,2300,true,0
493,baseline,,4930468800,468800,200,false,268800
493,baseline,Motor,144700,800,1600,true,0
493,baseline,Stabilizer,158200,900,3300,true,0
493,baseline,Gripper,212500,700,2700,true,0
494,baseline,,4940311200,311200,600,false,111200
494,baseline,Gripper,1226500,1500,3600,true,0
494,baseline,Motor,1352400,700,2600,true,0
494,baseline,Stabilizer,1366700,200,1100,true,0
495,baseline,,4950163500,163500,100,true,0
495,baseline,Gripper,354200,900,2100,true,0
495,baseline,Motor,354400,800,2100,true,0
495,baseline,Stabilizer,376200,300,900,true,0
496,baseline,,4960684000,684000,0,false,484000
496,baseline,Stabilizer,102900,400,1300,true,0
496,baseline,Gripper,103000,600,6900,true,0
496,baseline,Motor,196300,200,1100,true,0
497,baseline,,4970630200,630200,0,false,430200
497,baseline,Stabilizer,135800,600,7700,true,0
497,baseline,Gripper,203700,200,1300,true,0
497,baseline,Motor,275300,400,1100,true,0
498,baseline,,4980451300,451300,100,false,251300
498,baseline,Stabilizer,164900,700,1400,true,0
498,baseline,Gripper,196500,300,1500,true,0
498,baseline,Motor,287800,700,2600,true,0
499,baseline,,4990224000,224000,100,false,24000
499,baseline,Motor,95100,6600,300,true,0
499,baseline,Stabilizer,99300,11000,200,true,0
499,baseline,Gripper,146700,19800,300,true,0
500,baseline,,5000234700,234700,100,false,34700
500,baseline,Gripper,117400,900,2200,true,0
500,baseline,Motor,130100,200,900,true,0
500,baseline,Stabilizer,138600,300,800,true,0
501,baseline,,5010483300,483300,200,false,283300
501,baseline,Gripper,106100,1000,2100,true,0
501,baseline,Motor,116700,300,900,true,0
501,baseline,Stabilizer,265100,400,1300,true,0
502,baseline,,5020518800,518800,100,false,318800
502,baseline,Gripper,300400,700,1000,true,0
502,baseline,Motor,308800,200,800,true,0
502,baseline,Stabilizer,314700,100,600,true,0
503,baseline,,5030358800,358800,100,false,158800
503,baseline,Motor,290000,500,1500,true,0
503,baseline,Stabilizer,299700,100,600,true,0
503,baseline,Gripper,302800,400,1600,true,0
504,baseline,,5040459500,459500,100,false,259500
504,baseline,Stabilizer,81700,500,1000,true,0
504,baseline,Gripper,181100,400,1500,true,0
504,baseline,Motor,207700,700,2400,true,0
505,baseline,,5050635200,635200,200,false,435200
505,baseline,Gripper,145600,800,1500,true,0
505,baseline,Stabilizer,158000,100,1000,true,0
505,baseline,Motor,169100,700,2900,true,0
506,baseline,,5060532900,532900,100,false,332900
506,baseline,Motor,133100,800,1400,true,0
506,baseline,Stabilizer,139800,500,2000,true,0
506,baseline,Gripper,246800,400,1500,true,0
507,baseline,,5070410900,410900,100,false,210900
507,baseline,Stabilizer,152700,700,1700,true,0
507,baseline,Motor,156100,500,2000,true,0
507,baseline,Gripper,266300,300,1600,true,0
508,baseline,Motor,50100,700,2700,true,0
508,baseline,Stabilizer,50800,400,1500,true,0
508,baseline,,5080604900,604900,100,false,404900
508,baseline,Gripper,173200,600,2400,true,0
509,baseline,,5090489400,489400,100,false,289400
509,baseline,Gripper,108900,11200,400,true,0
509,baseline,Motor,205100,17400,300,true,0
509,baseline,Stabilizer,235500,17000,300,true,0
510,baseline,,5100513100,513100,100,false,313100
510,baseline,Motor,143200,700,1100,true,0
510,baseline,Gripper,146400,600,2800,true,0
510,baseline,Stabilizer,156500,200,900,true,0
511,baseline,,5110458100,458100,200,false,258100
511,baseline,Motor,182900,900,1900,true,0
511,baseline,Gripper,255400,1000,7400,true,0
511,baseline,Stabilizer,306600,700,2400,true,0
512,baseline,,5120159300,159300,200,true,0
512,baseline,Gripper,96200,700,1800,true,0
512,baseline,Stabilizer,112700,300,900,true,0
512,baseline,Motor,115900,800,3400,true,0
513,baseline,,5130479700,479700,100,false,279700
513,baseline,Gripper,104600,800,2900,true,0
513,baseline,Motor,110900,700,2100,true,0
513,baseline,Stabilizer,119900,300,800,true,0
514,baseline,,5140337500,337500,100,false,137500
514,baseline,Motor,217200,800,1400,true,0
514,baseline,Gripper,223600,900,2400,true,0
514,baseline,Stabilizer,230300,200,800,true,0
515,baseline,,5150293000,293000,0,false,93000
515,baseline,Motor,141200,700,1300,true,0
515,baseline,Gripper,204800,400,1500,true,0
515,baseline,Stabilizer,228700,300,1200,true,0
516,baseline,,5160317600,317600,0,false,117600
516,baseline,Gripper,188500,500,1000,true,0
516,baseline,Motor,299700,300,1700,true,0
516,baseline,Stabilizer,323400,300,1200,true,0
517,baseline,,5170213800,213800,300,false,13800
517,baseline,Gripper,146600,1500,4600,true,0
517,baseline,Motor,193900,400,2100,true,0
517,baseline,Stabilizer,207300,1300,2100,true,0
518,baseline,,5180467600,467600,100,false,267600
518,baseline,Gripper,145400,700,1300,true,0
518,baseline,Motor,257800,700,2000,true,0
518,baseline,Stabilizer,271900,400,1700,true,0
519,baseline,,5190697300,697300,600,false,497300
519,baseline,Stabilizer,562700,125700,1300,true,0
519,baseline,Gripper,678500,293600,1200,true,0
519,baseline,Motor,714200,372000,900,true,0
520,baseline,,5200394400,394400,0,false,194400
520,baseline,Gripper,189400,600,1900,true,0
520,baseline,Motor,316700,300,1400,true,0
520,baseline,Stabilizer,340000,1000,2900,true,0
521,baseline,,5210581200,581200,600,false,381200
521,baseline,Motor,316600,3500,11500,true,0
521,baseline,Stabilizer,323000,2500,7800,true,0
521,baseline,Gripper,337400,2000,7600,true,0
522,baseline,,5220254300,254300,100,false,54300
522,baseline,Gripper,203500,1200,2900,true,0
522,baseline,Motor,223500,900,3000,true,0
522,baseline,Stabilizer,240900,700,2600,true,0
523,baseline,,5230066400,66400,100,true,0
523,baseline,Stabilizer,47800,400,1000,true,0
523,baseline,Gripper,144000,300,1600,true,0
523,baseline,Motor,175600,300,1400,true,0
524,baseline,,5240547400,547400,100,false,347400
524,baseline,Motor,172900,600,1700,true,0
524,baseline,Gripper,173100,400,1700,true,0
524,baseline,Stabilizer,190500,200,4900,true,0
525,baseline,,5250250400,250400,100,false,50400
525,baseline,Gripper,156100,500,1200,true,0
525,baseline,Motor,296800,600,2300,true,0
525,baseline,Stabilizer,297000,600,2400,true,0
526,baseline,,5260221900,221900,100,false,21900
526,baseline,Stabilizer,88800,1200,2800,true,0
526,baseline,Gripper,179100,500,1700,true,0
526,baseline,Motor,179300,500,2000,true,0
527,baseline,,5270172300,172300,200,true,0
527,baseline,Motor,254100,600,1800,true,0
527,baseline,Gripper,254200,700,1900,true,0
527,baseline,Stabilizer,347700,200,1300,true,0
528,baseline,,5280250300,250300,100,false,50300
528,baseline,Gripper,77600,1200,3400,true,0
528,baseline,Motor,81000,500,1900,true,0
528,baseline,Stabilizer,81600,300,1100,true,0
529,baseline,,5290559800,559800,100,false,359800
529,baseline,Stabilizer,307900,21300,300,true,0
529,baseline,Motor,336500,11500,1100,true,0
529,baseline,Gripper,362100,38400,1000,true,0
530,baseline,,5300062700,62700,100,true,0
530,baseline,Gripper,135200,700,2200,true,0
530,baseline,Motor,146700,300,700,true,0
530,baseline,Stabilizer,278200,600,1900,true,0
531,baseline,,5310389600,389600,100,false,189600
531,baseline,Gripper,220700,900,2900,true,0
531,baseline,Stabilizer,273300,600,2200,true,0
531,baseline,Motor,275100,600,2200,true,0
532,baseline,,5320304800,304800,100,false,104800
532,baseline,Gripper,200100,1500,3000,true,0
532,baseline,Stabilizer,215000,200,1400,true,0
532,baseline,Motor,236600,1200,3700,true,0
533,baseline,,5330338300,338300,300,false,138300
533,baseline,Gripper,226300,1500,5400,true,0
533,baseline,Stabilizer,330600,600,2400,true,0
533,baseline,Motor,365300,1700,5000,true,0
534,baseline,,5340567300,567300,100,false,367300
534,baseline,Gripper,69300,900,2300,true,0
534,baseline,Motor,92400,900,1900,true,0
534,baseline,Stabilizer,100200,200,1500,true,0
535,baseline,,5350519600,519600,300,false,319600
535,baseline,Gripper,248100,1300,3100,true,0
535,baseline,Motor,293900,1600,5000,true,0
535,baseline,Stabilizer,299900,1600,5600,true,0
536,baseline,,5360575300,575300,100,false,375300
536,baseline,Gripper,209100,500,1400,true,0
536,baseline,Motor,274700,200,1400,true,0
536,baseline,Stabilizer,301800,300,1300,true,0
537,baseline,,5370637000,637000,200,false,437000
537,baseline,Gripper,248800,2400,6500,true,0
537,baseline,Motor,274500,800,4000,true,0
537,baseline,Stabilizer,275500,2200,7300,true,0
538,baseline,,5380244800,244800,100,false,44800
538,baseline,Stabilizer,191800,1000,3000,true,0
538,baseline,Gripper,220400,900,2600,true,0
538,baseline,Motor,276100,500,2000,true,0
539,baseline,,5390491500,491500,200,false,291500
539,baseline,Motor,252800,18200,1100,true,0
539,baseline,Gripper,321200,161400,700,true,0
539,baseline,Stabilizer,391400,232300,700,true,0
540,baseline,,5400462400,462400,0,false,262400
540,baseline,Gripper,149400,600,1600,true,0
540,baseline,Motor,155600,400,1200,true,0
540,baseline,Stabilizer,160800,200,900,true,0
541,baseline,,5410227200,227200,100,false,27200
541,baseline,Gripper,80700,500,1100,true,0
541,baseline,Stabilizer,118500,400,1800,true,0
541,baseline,Motor,209300,300,1300,true,0
542,baseline,,5420182500,182500,100,true,0
542,baseline,Gripper,139500,600,1000,true,0
542,baseline,Stabilizer,205300,400,1900,true,0
542,baseline,Motor,252300,300,1300,true,0
543,baseline,,5430360400,360400,100,false,160400
543,baseline,Gripper,146600,500,1100,true,0
543,baseline,Stabilizer,205900,500,2100,true,0
543,baseline,Motor,265900,400,1600,true,0
544,baseline,,5440273500,273500,100,false,73500
544,baseline,Gripper,86000,1000,1200,true,0
544,baseline,Motor,96900,300,800,true,0
544,baseline,Stabilizer,105500,400,1300,true,0
545,baseline,,5450378500,378500,200,false,178500
545,baseline,Gripper,156700,1100,2800,true,0
545,baseline,Stabilizer,215500,800,2900,true,0
545,baseline,Motor,244500,900,3200,true,0
546,baseline,,5460617800,617800,200,false,417800
546,baseline,Motor,246200,1100,2100,true,0
546,baseline,Stabilizer,277000,300,1900,true,0
546,baseline,Gripper,278900,1200,4600,true,0
547,baseline,,5470209300,209300,100,false,9300
547,baseline,Gripper,143900,700,1500,true,0
547,baseline,Stabilizer,166400,400,1500,true,0
547,baseline,Motor,179300,300,1500,true,0
548,baseline,,5480657400,657400,100,false,457400
548,baseline,Motor,88900,800,1100,true,0
548,baseline,Stabilizer,100100,300,1300,true,0
548,baseline,Gripper,107600,400,2400,true,0
549,baseline,,5490542200,542200,100,false,342200
549,baseline,Stabilizer,150500,26500,400,true,0
549,baseline,Gripper,158500,11000,700,true,0
549,baseline,Motor,239500,19800,400,true,0
550,baseline,,5500251100,251100,0,false,51100
550,baseline,Stabilizer,187200,1200,3500,true,0
550,baseline,Motor,208300,800,2300,true,0
550,baseline,Gripper,242100,400,2200,true,0
551,baseline,,5510298400,298400,100,false,98400
551,baseline,Gripper,154200,400,1400,true,0
551,baseline,Stabilizer,205400,1300,3300,true,0
551,baseline,Motor,274100,300,1300,true,0
552,baseline,,5520147800,147800,0,true,0
552,baseline,Gripper,149700,600,1100,true,0
552,baseline,Motor,258700,700,2200,true,0
552,baseline,Stabilizer,284300,500,1800,true,0
553,baseline,Gripper,42700,900,3000,true,0
553,baseline,,5530478000,478000,100,false,278000
553,baseline,Motor,51300,300,1300,true,0
553,baseline,Stabilizer,118500,300,1300,true,0
554,baseline,,5540478100,478100,100,false,278100
554,baseline,Gripper,136800,500,1000,true,0
554,baseline,Stabilizer,177100,1000,2700,true,0
554,baseline,Motor,247900,300,1200,true,0
555,baseline,,5551287000,1287000,100,false,1087000
555,baseline,Gripper,182100,1400,2400,true,0
555,baseline,Motor,195900,200,900,true,0
555,baseline,Stabilizer,225700,800,2800,true,0
556,baseline,,5560638500,638500,100,false,438500
556,baseline,Gripper,155900,1100,2400,true,0
556,baseline,Motor,166300,100,1100,true,0
556,baseline,Stabilizer,173800,200,1200,true,0
557,baseline,,5570351600,351600,100,false,151600
557,baseline,Gripper,98500,600,1500,true,0
557,baseline,Motor,107900,100,600,true,0
557,baseline,Stabilizer,114700,200,900,true,0
558,baseline,,5580159900,159900,300,true,0
558,baseline,Motor,61100,600,1000,true,0
558,baseline,Gripper,63300,700,2400,true,0
558,baseline,Stabilizer,65000,500,1800,true,0
559,baseline,,5590145400,145400,200,true,0
559,baseline,Gripper,123200,59800,500,true,0
559,baseline,Stabilizer,147200,71900,500,true,0
559,baseline,Motor,174000,108600,200,true,0
560,baseline,,5600270900,270900,100,false,70900
560,baseline,Gripper,121300,900,1800,true,0
560,baseline,Motor,126400,400,1200,true,0
560,baseline,Stabilizer,136300,500,1200,true,0
561,baseline,,5610273600,273600,200,false,73600
561,baseline,Gripper,99500,700,1800,true,0
561,baseline,Stabilizer,104900,300,1600,true,0
561,baseline,Motor,104800,500,1600,true,0
562,baseline,,5620379300,379300,100,false,179300
562,baseline,Gripper,76000,1000,3300,true,0
562,baseline,Motor,82900,500,2400,true,0
562,baseline,Stabilizer,94200,400,2400,true,0
563,baseline,,5630453500,453500,0,false,253500
563,baseline,Gripper,90700,800,1100,true,0
563,baseline,Motor,141900,500,2100,true,0
563,baseline,Stabilizer,148800,400,1600,true,0
564,baseline,,5640528600,528600,100,false,328600
564,baseline,Gripper,76800,1200,2800,true,0
564,baseline,Stabilizer,92700,600,1800,true,0
564,baseline,Motor,133300,300,1700,true,0
565,baseline,Gripper,68300,900,4700,true,0
565,baseline,Motor,74400,400,2500,true,0
565,baseline,,5650595200,595200,200,false,395200
565,baseline,Stabilizer,237200,400,1800,true,0
566,baseline,,5660540500,540500,100,false,340500
566,baseline,Gripper,67000,1100,1700,true,0
566,baseline,Motor,72800,400,1600,true,0
566,baseline,Stabilizer,78500,500,1500,true,0
567,baseline,,5670160900,160900,300,true,0
567,baseline,Motor,44100,500,700,true,0
567,baseline,Gripper,67900,1000,3600,true,0
567,baseline,Stabilizer,118500,400,1500,true,0
568,baseline,,5680178000,178000,100,true,0
568,baseline,Motor,46300,600,800,true,0
568,baseline,Stabilizer,89000,400,1400,true,0
568,baseline,Gripper,148000,300,1300,true,0
569,baseline,,5690275400,275400,0,false,75400
569,baseline,Gripper,106500,18900,300,true,0
569,baseline,Stabilizer,147700,15400,300,true,0
569,baseline,Motor,217500,17400,300,true,0
570,baseline,,5700364500,364500,0,false,164500
570,baseline,Motor,100600,600,800,true,0
570,baseline,Gripper,194200,500,2200,true,0
570,baseline,Stabilizer,215100,400,1400,true,0
571,baseline,,5710610000,610000,100,false,410000
571,baseline,Motor,88600,700,1200,true,0
571,baseline,Stabilizer,133000,800,2100,true,0
571,baseline,Gripper,201400,500,2300,true,0
572,baseline,,5720526800,526800,200,false,326800
572,baseline,Motor,106900,900,2900,true,0
572,baseline,Gripper,209900,700,2400,true,0
572,baseline,Stabilizer,211100,600,2400,true,0
573,baseline,,5730662500,662500,100,false,462500
573,baseline,Motor,48400,800,2200,true,0
573,baseline,Gripper,152000,400,1600,true,0
573,baseline,Stabilizer,197600,500,2100,true,0
574,baseline,,5740586000,586000,0,false,386000
574,baseline,Gripper,152900,600,900,true,0
574,baseline,Stabilizer,171400,400,1400,true,0
574,baseline,Motor,293300,200,1200,true,0
575,baseline,,5750371400,371400,300,false,171400
575,baseline,Gripper,118700,700,2000,true,0
575,baseline,Motor,184800,300,1100,true,0
575,baseline,Stabilizer,193600,100,900,true,0
576,baseline,,5760410200,410200,100,false,210200
576,baseline,Motor,63100,700,2500,true,0
576,baseline,Stabilizer,73300,400,1000,true,0
576,baseline,Gripper,160000,400,1600,true,0
577,baseline,,5770476100,476100,200,false,276100
577,baseline,Motor,201700,700,1600,true,0
577,baseline,Gripper,219500,200,1000,true,0
577,baseline,Stabilizer,221700,800,3000,true,0
578,baseline,,5780557800,557800,100,false,357800
578,baseline,Gripper,87500,700,1800,true,0
578,baseline,Motor,96700,200,1100,true,0
578,baseline,Stabilizer,103100,200,1100,true,0
579,baseline,,5790432600,432600,0,false,232600
579,baseline,Motor,89300,6700,300,true,0
579,baseline,Stabilizer,106900,5100,100,true,0
579,baseline,Gripper,151000,16200,200,true,0
580,baseline,,5800182400,182400,0,true,0
580,baseline,Gripper,212500,700,1400,true,0
580,baseline,Stabilizer,221800,200,1500,true,0
580,baseline,Motor,224500,300,1600,true,0
581,baseline,,5810348400,348400,0,false,148400
581,baseline,Stabilizer,103400,400,1000,true,0
581,baseline,Gripper,238300,400,1600,true,0
581,baseline,Motor,253800,700,2300,true,0
582,baseline,,5820546600,546600,100,false,346600
582,baseline,Gripper,63100,1100,2000,true,0
582,baseline,Motor,106400,300,1400,true,0
582,baseline,Stabilizer,107000,200,1500,true,0
583,baseline,,5830311800,311800,100,false,111800
583,baseline,Gripper,92600,500,1100,true,0
583,baseline,Motor,113600,700,2500,true,0
583,baseline,Stabilizer,116200,1100,2800,true,0
584,baseline,,5840331600,331600,300,false,131600
584,baseline,Gripper,267100,900,1900,true,0
584,baseline,Stabilizer,285600,1400,3300,true,0
584,baseline,Motor,289900,800,2200,true,0
585,baseline,,5850349100,349100,100,false,149100
585,baseline,Stabilizer,82700,700,1200,true,0
585,baseline,Gripper,92400,300,1500,true,0
585,baseline,Motor,105500,300,6600,true,0
586,baseline,,5860573400,573400,100,false,373400
586,baseline,Gripper,70000,500,800,true,0
586,baseline,Motor,122700,400,1300,true,0
586,baseline,Stabilizer,189900,300,1400,true,0
587,baseline,,5870549400,549400,100,false,349400
587,baseline,Gripper,120000,500,800,true,0
587,baseline,Stabilizer,250700,300,1700,true,0
587,baseline,Motor,250800,200,1500,true,0
588,baseline,,5880385500,385500,100,false,185500
588,baseline,Gripper,139200,500,800,true,0
588,baseline,Stabilizer,269100,500,2100,true,0
588,baseline,Motor,269400,300,1400,true,0
589,baseline,,5890353100,353100,100,false,153100
589,baseline,Motor,222300,31800,500,true,0
589,baseline,Gripper,233000,15600,900,true,0
589,baseline,Stabilizer,269400,29200,300,true,0
590,baseline,,5900565400,565400,100,false,365400
590,baseline,Gripper,210700,500,1200,true,0
590,baseline,Stabilizer,222700,200,900,true,0
590,baseline,Motor,283100,600,2100,true,0
591,baseline,,5910260100,260100,100,false,60100
591,baseline,Gripper,110500,700,2400,true,0
591,baseline,Motor,126200,200,1000,true,0
591,baseline,Stabilizer,133700,200,1000,true,0
592,baseline,,5920289500,289500,0,false,89500
592,baseline,Motor,162700,600,1400,true,0
592,baseline,Stabilizer,171800,100,800,true,0
592,baseline,Gripper,219800,300,1600,true,0
593,baseline,,5930130600,130600,100,true,0
593,baseline,Gripper,92500,500,1000,true,0
593,baseline,Motor,208600,500,2000,true,0
593,baseline,Stabilizer,237000,400,1800,true,0
594,baseline,,5940314600,314600,200,false,114600
594,baseline,Stabilizer,89300,700,1800,true,0
594,baseline,Gripper,89700,1400,3900,true,0
594,baseline,Motor,90300,500,1900,true,0
595,baseline,,5950075200,75200,300,true,0
595,baseline,Gripper,154500,900,2000,true,0
595,baseline,Motor,280700,1100,4000,true,0
595,baseline,Stabilizer,296200,900,3000,true,0
596,baseline,,5960493700,493700,200,false,293700
596,baseline,Stabilizer,180400,1000,2400,true,0
596,baseline,Gripper,248800,700,2800,true,0
596,baseline,Motor,287600,900,3400,true,0
597,baseline,,5970313700,313700,200,false,113700
597,baseline,Gripper,84300,600,1200,true,0
597,baseline,Motor,93700,700,2500,true,0
597,baseline,Stabilizer,97300,200,800,true,0
598,baseline,,5980256100,256100,0,false,56100
598,baseline,Gripper,100300,600,1300,true,0
598,baseline,Stabilizer,224600,300,1700,true,0
598,baseline,Motor,224900,300,1500,true,0
599,baseline,,5990246900,246900,100,false,46900
599,baseline,Gripper,108000,9800,400,true,0
599,baseline,Stabilizer,235500,25300,300,true,0
599,baseline,Motor,242300,19200,300,true,0
600,baseline,,6000630900,630900,200,false,430900
600,baseline,Gripper,443600,800,3100,true,0
600,baseline,Motor,458800,200,800,true,0
600,baseline,Stabilizer,467700,100,1300,true,0
601,baseline,,6010471100,471100,100,false,271100
601,baseline,Gripper,159500,700,2100,true,0
601,baseline,Motor,161600,500,1200,true,0
601,baseline,Stabilizer,272200,400,1900,true,0
602,baseline,,6020498400,498400,100,false,298400
602,baseline,Gripper,58300,800,3200,true,0
602,baseline,Stabilizer,72000,600,2300,true,0
602,baseline,Motor,124600,2000,5000,true,0
603,baseline,Gripper,73800,800,3200,true,0
603,baseline,,6030357500,357500,100,false,157500
603,baseline,Motor,85300,300,1100,true,0
603,baseline,Stabilizer,93500,100,1100,true,0
604,baseline,,6040072900,72900,100,true,0
604,baseline,Motor,57300,1000,2200,true,0
604,baseline,Stabilizer,60800,600,4800,true,0
604,baseline,Gripper,154600,200,1200,true,0
605,baseline,Gripper,38600,700,2500,true,0
605,baseline,,6050295500,295500,0,false,95500
605,baseline,Motor,40900,400,1100,true,0
605,baseline,Stabilizer,149100,200,1300,true,0
606,baseline,,6060480200,480200,0,false,280200
606,baseline,Gripper,75700,500,1300,true,0
606,baseline,Motor,79300,400,1500,true,0
606,baseline,Stabilizer,179700,300,1300,true,0
607,baseline,,6070432700,432700,100,false,232700
607,baseline,Motor,103200,800,1800,true,0
607,baseline,Gripper,105000,600,2100,true,0
607,baseline,Stabilizer,208800,400,1800,true,0
608,baseline,,6080471700,471700,200,false,271700
608,baseline,Motor,185500,800,2100,true,0
608,baseline,Gripper,213300,800,2900,true,0
608,baseline,Stabilizer,238200,600,2300,true,0
609,baseline,,6090508800,508800,200,false,308800
609,baseline,Gripper,357300,48200,600,true,0
609,baseline,Motor,370500,13700,800,true,0
609,baseline,Stabilizer,386800,72100,400,true,0
610,baseline,,6100626300,626300,0,false,426300
610,baseline,Gripper,82500,500,1700,true,0
610,baseline,Motor,89600,300,1400,true,0
610,baseline,Stabilizer,91400,300,1000,true,0
611,baseline,,6110721400,721400,100,false,521400
611,baseline,Gripper,60700,800,20300,true,0
611,baseline,Motor,64300,300,700,true,0
611,baseline,Stabilizer,76100,100,800,true,0
612,baseline,,6120508600,508600,100,false,308600
612,baseline,Motor,88300,600,1200,true,0
612,baseline,Gripper,165300,400,1600,true,0
612,baseline,Stabilizer,197900,300,1100,true,0
613,baseline,,6130333500,333500,100,false,133500
613,baseline,Motor,50900,700,1800,true,0
613,baseline,Stabilizer,59600,200,600,true,0
613,baseline,Gripper,172600,300,1300,true,0
614,baseline,,6140423500,423500,100,false,223500
614,baseline,Gripper,85600,600,1000,true,0
614,baseline,Stabilizer,96500,200,1100,true,0
614,baseline,Motor,104500,800,2600,true,0
615,baseline,,6150208100,208100,100,false,8100
615,baseline,Stabilizer,94800,600,4900,true,0
615,baseline,Motor,206100,600,2400,true,0
615,baseline,Gripper,206100,400,2200,true,0
616,baseline,,6160227200,227200,200,false,27200
616,baseline,Gripper,85600,600,900,true,0
616,baseline,Stabilizer,96200,400,1600,true,0
616,baseline,Motor,193900,300,1400,true,0
617,baseline,,6170396900,396900,100,false,196900
617,baseline,Gripper,74400,500,1200,true,0
617,baseline,Stabilizer,85500,200,900,true,0
617,baseline,Motor,135100,400,1700,true,0
618,baseline,,6180210900,210900,300,false,10900
618,baseline,Gripper,129400,500,1600,true,0
618,baseline,Motor,142600,200,1100,true,0
618,baseline,Stabilizer,162800,1000,2200,true,0
619,baseline,,6190344800,344800,100,false,144800
619,baseline,Stabilizer,147300,36400,400,true,0
619,baseline,Gripper,225600,31800,500,true,0
619,baseline,Motor,271800,39400,400,true,0
620,baseline,,6200425900,425900,100,false,225900
620,baseline,Gripper,261300,1200,3600,true,0
620,baseline,Motor,273100,900,3000,true,0
620,baseline,Stabilizer,281900,200,1000,true,0
621,baseline,,6210600900,600900,200,false,400900
621,baseline,Gripper,145400,800,1900,true,0
621,baseline,Stabilizer,166500,1000,3500,true,0
621,baseline,Motor,225800,700,2800,true,0
622,baseline,,6220346600,346600,200,false,146600
622,baseline,Gripper,68800,800,2300,true,0
622,baseline,Stabilizer,85300,100,900,true,0
622,baseline,Motor,120700,600,1800,true,0
623,baseline,,6230160600,160600,0,true,0
623,baseline,Gripper,200600,900,1900,true,0
623,baseline,Stabilizer,284900,400,1400,true,0
623,baseline,Motor,287000,400,1800,true,0
624,baseline,,6240591500,591500,100,false,391500
624,baseline,Gripper,178500,700,1400,true,0
624,baseline,Motor,219200,200,14500,true,0
624,baseline,Stabilizer,222000,400,1200,true,0
625,baseline,,6250603200,603200,100,false,403200
625,baseline,Motor,107000,700,1900,true,0
625,baseline,Stabilizer,109900,600,1800,true,0
625,baseline,Gripper,201800,400,2200,true,0
626,baseline,,6260289400,289400,100,false,89400
626,baseline,Motor,109200,800,1900,true,0
626,baseline,Gripper,115600,600,2000,true,0
626,baseline,Stabilizer,121900,200,1100,true,0
627,baseline,,6271153300,1153300,100,false,953300
627,baseline,Gripper,154200,1100,2400,true,0
627,baseline,Motor,168200,300,1100,true,0
627,baseline,Stabilizer,177900,100,1100,true,0
628,baseline,,6280167100,167100,100,true,0
628,baseline,Motor,114400,800,4900,true,0
628,baseline,Stabilizer,125400,200,1000,true,0
628,baseline,Gripper,151500,400,1800,true,0
629,baseline,,6291204600,1204600,100,false,1004600
629,baseline,Gripper,601100,15500,400,true,0
629,baseline,Motor,618500,4400,200,true,0
629,baseline,Stabilizer,681900,4900,500,true,0
630,baseline,Gripper,82800,700,1800,true,0
630,baseline,Motor,87500,400,900,true,0
630,baseline,Stabilizer,93400,100,700,true,0
630,baseline,,6300357300,357300,0,false,157300
631,baseline,,6310404200,404200,0,false,204200
631,baseline,Gripper,100700,600,1200,true,0
631,baseline,Motor,111700,200,600,true,0
631,baseline,Stabilizer,116700,500,2200,true,0
632,baseline,,6320669400,669400,100,false,469400
632,baseline,Motor,107100,600,1900,true,0
632,baseline,Stabilizer,118600,200,800,true,0
632,baseline,Gripper,148700,1000,3800,true,0
633,baseline,,6330313000,313000,0,false,113000
633,baseline,Gripper,87400,500,1100,true,0
633,baseline,Motor,97900,100,600,true,0
633,baseline,Stabilizer,102200,600,2000,true,0
634,baseline,,6340162800,162800,200,true,0
634,baseline,Gripper,76300,800,1600,true,0
634,baseline,Motor,107400,600,1300,true,0
634,baseline,Stabilizer,120200,200,900,true,0
635,baseline,Gripper,110200,700,2900,true,0
635,baseline,Motor,118000,100,600,true,0
635,baseline,Stabilizer,123300,100,700,true,0
635,baseline,,6350238400,238400,0,false,38400
636,baseline,,6360830400,830400,100,false,630400
636,baseline,Gripper,407000,1000,2000,true,0
636,baseline,Motor,413900,100,700,true,0
636,baseline,Stabilizer,419500,100,1000,true,0
637,baseline,,6370287600,287600,100,false,87600
637,baseline,Gripper,85600,400,1200,true,0
637,baseline,Motor,85700,500,1200,true,0
637,baseline,Stabilizer,92800,100,800,true,0
638,baseline,,6380177200,177200,0,true,0
638,baseline,Motor,51200,500,800,true,0
638,baseline,Gripper,168600,300,1300,true,0
638,baseline,Stabilizer,179200,100,600,true,0
639,baseline,,6390344300,344300,100,false,144300
639,baseline,Stabilizer,206000,23700,400,true,0
639,baseline,Motor,218600,61400,300,true,0
639,baseline,Gripper,243500,29700,300,true,0
640,baseline,,6400349700,349700,100,false,149700
640,baseline,Motor,226900,700,1500,true,0
640,baseline,Stabilizer,233900,700,2600,true,0
640,baseline,Gripper,262200,500,2000,true,0
641,baseline,,6410302500,302500,100,false,102500
641,baseline,Motor,89800,500,1300,true,0
641,baseline,Gripper,90700,900,2300,true,0
641,baseline,Stabilizer,98000,300,600,true,0
642,baseline,,6420475700,475700,100,false,275700
642,baseline,Gripper,85700,400,900,true,0
642,baseline,Motor,94200,300,1400,true,0
642,baseline,Stabilizer,97200,100,3200,true,0
643,baseline,,6430129500,129500,100,true,0
643,baseline,Stabilizer,53000,500,1100,true,0
643,baseline,Motor,98200,400,1400,true,0
643,baseline,Gripper,188900,200,1300,true,0
644,baseline,Stabilizer,75000,600,1300,true,0
644,baseline,,6440260700,260700,100,false,60700
644,baseline,Gripper,161300,500,1600,true,0
644,baseline,Motor,195900,700,2500,true,0
645,baseline,,6450211700,211700,200,false,11700
645,baseline,Gripper,226000,700,1600,true,0
645,baseline,Motor,306100,200,1200,true,0
645,baseline,Stabilizer,317500,300,1200,true,0
646,baseline,,6460391900,391900,100,false,191900
646,baseline,Motor,158800,600,1300,true,0
646,baseline,Stabilizer,170300,700,2200,true,0
646,baseline,Gripper,205000,400,2100,true,0
647,baseline,,6470197200,197200,100,true,0
647,baseline,Gripper,59100,900,2900,true,0
647,baseline,Motor,64000,500,1100,true,0
647,baseline,Stabilizer,74500,200,900,true,0
648,baseline,Gripper,59500,700,3100,true,0
648,baseline,Motor,67300,200,800,true,0
648,baseline,Stabilizer,72800,100,800,true,0
648,baseline,,6480357900,357900,0,false,157900
649,baseline,,6490527700,527700,100,false,327700
649,baseline,Gripper,220700,12100,1300,true,0
649,baseline,Motor,294900,22500,400,true,0
649,baseline,Stabilizer,327100,144200,300,true,0
650,baseline,,6500263000,263000,0,false,63000
650,baseline,Motor,239600,800,2300,true,0
650,baseline,Stabilizer,251800,100,1000,true,0
650,baseline,Gripper,288100,400,1800,true,0
651,baseline,,6510218400,218400,100,false,18400
651,baseline,Gripper,120400,700,1600,true,0
651,baseline,Stabilizer,133800,200,800,true,0
651,baseline,Motor,243900,800,2800,true,0
652,baseline,Gripper,97300,1100,4400,true,0
652,baseline,Motor,114500,200,1000,true,0
652,baseline,,6520690700,690700,100,false,490700
652,baseline,Stabilizer,126100,300,1400,true,0
653,baseline,,6530457400,457400,400,false,257400
653,baseline,Gripper,81600,900,2400,true,0
653,baseline,Motor,91200,100,700,true,0
653,baseline,Stabilizer,101900,500,1100,true,0
654,baseline,,6540594800,594800,100,false,394800
654,baseline,Motor,86700,800,1200,true,0
654,baseline,Gripper,87300,700,1800,true,0
654,baseline,Stabilizer,96800,100,1000,true,0
655,baseline,,6550296100,296100,0,false,96100
655,baseline,Gripper,162900,400,1000,true,0
655,baseline,Motor,167800,400,1600,true,0
655,baseline,Stabilizer,172400,100,600,true,0
656,baseline,,6560533700,533700,100,false,333700
656,baseline,Gripper,118500,1000,1500,true,0
656,baseline,Motor,157500,600,2100,true,0
656,baseline,Stabilizer,160500,200,1100,true,0
657,baseline,,6570211600,211600,100,false,11600
657,baseline,Gripper,110000,700,2400,true,0
657,baseline,Motor,120400,700,1900,true,0
657,baseline,Stabilizer,124300,200,900,true,0
658,baseline,,6580099900,99900,100,true,0
658,baseline,Gripper,82700,700,1500,true,0
658,baseline,Motor,211800,1000,3700,true,0
658,baseline,Stabilizer,224700,700,2600,true,0
659,baseline,,6590403000,403000,200,false,203000
659,baseline,Gripper,188400,54900,600,true,0
659,baseline,Motor,209600,112300,600,true,0
659,baseline,Stabilizer,220200,36800,600,true,0
660,baseline,,6600553400,553400,0,false,353400
660,baseline,Motor,207500,600,1600,true,0
660,baseline,Stabilizer,216800,200,900,true,0
660,baseline,Gripper,264300,300,1400,true,0
661,baseline,,6610345300,345300,100,false,145300
661,baseline,Gripper,112300,500,1000,true,0
661,baseline,Motor,120800,100,800,true,0
661,baseline,Stabilizer,126400,100,900,true,0
662,baseline,,6620177100,177100,100,true,0
662,baseline,Gripper,143500,500,800,true,0
662,baseline,Stabilizer,151600,100,700,true,0
662,baseline,Motor,222100,700,2700,true,0
663,baseline,,6630455200,455200,0,false,255200
663,baseline,Gripper,337500,600,1800,true,0
663,baseline,Motor,346700,200,700,true,0
663,baseline,Stabilizer,353300,200,1000,true,0
664,baseline,Gripper,45300,800,1800,true,0
664,baseline,,6640518600,518600,0,false,318600
664,baseline,Motor,70500,200,900,true,0
664,baseline,Stabilizer,74600,100,700,true,0
665,baseline,,6650183700,183700,100,true,0
665,baseline,Gripper,87400,400,1200,true,0
665,baseline,Stabilizer,97200,300,1500,true,0
665,baseline,Motor,198700,200,1600,true,0
666,baseline,,6660098300,98300,100,true,0
666,baseline,Gripper,190200,600,800,true,0
666,baseline,Stabilizer,199400,200,600,true,0
666,baseline,Motor,339300,300,1600,true,0
667,baseline,,6670463000,463000,100,false,263000
667,baseline,Gripper,175900,600,2200,true,0
667,baseline,Motor,184100,100,600,true,0
667,baseline,Stabilizer,189500,100,600,true,0
668,baseline,,6680667600,667600,0,false,467600
668,baseline,Motor,157600,600,1100,true,0
668,baseline,Stabilizer,165500,100,800,true,0
668,baseline,Gripper,197900,200,1300,true,0
669,baseline,,6690280500,280500,100,false,80500
669,baseline,Motor,671600,18900,400,true,0
669,baseline,Stabilizer,681700,11100,600,true,0
669,baseline,Gripper,752800,10800,1100,true,0
670,baseline,,6700250000,250000,100,false,50000
670,baseline,Gripper,149200,700,2000,true,0
670,baseline,Motor,154200,300,1300,true,0
670,baseline,Stabilizer,159700,100,1300,true,0
671,baseline,Stabilizer,71600,700,2500,true,0
671,baseline,Gripper,79200,300,1400,true,0
671,baseline,,6710387800,387800,0,false,187800
671,baseline,Motor,141900,200,1200,true,0
672,baseline,,6720250500,250500,0,false,50500
672,baseline,Gripper,381100,1400,3200,true,0
672,baseline,Motor,387500,400,1500,true,0
672,baseline,Stabilizer,397400,200,1100,true,0
673,baseline,,6730033400,33400,100,true,0
673,baseline,Stabilizer,42400,700,800,true,0
673,baseline,Gripper,84400,400,1300,true,0
673,baseline,Motor,178000,300,1300,true,0
674,baseline,Stabilizer,71500,700,2700,true,0
674,baseline,,6740266000,266000,200,false,66000
674,baseline,Motor,155800,400,1200,true,0
674,baseline,Gripper,169900,500,2100,true,0
675,baseline,,6750300400,300400,200,false,100400
675,baseline,Motor,130900,900,2900,true,0
675,baseline,Stabilizer,143400,700,2200,true,0
675,baseline,Gripper,176700,500,2300,true,0
676,baseline,,6760432000,432000,100,false,232000
676,baseline,Gripper,141800,800,2000,true,0
676,baseline,Motor,144800,500,2200,true,0
676,baseline,Stabilizer,153000,200,1200,true,0
677,baseline,,6770171500,171500,200,true,0
677,baseline,Gripper,161800,500,1200,true,0
677,baseline,Motor,169500,100,500,true,0
677,baseline,Stabilizer,171900,400,1400,true,0
678,baseline,,6780643500,643500,100,false,443500
678,baseline,Motor,70800,400,800,true,0
678,baseline,Stabilizer,80400,500,1700,true,0
678,baseline,Gripper,119500,300,1300,true,0
679,baseline,Gripper,112100,8400,600,true,0
679,baseline,Motor,179500,44600,300,true,0
679,baseline,Stabilizer,230600,68100,500,true,0
679,baseline,,6790541300,541300,100,false,341300
680,baseline,,6800348600,348600,0,false,148600
680,baseline,Gripper,108400,700,1100,true,0
680,baseline,Motor,111800,500,1800,true,0
680,baseline,Stabilizer,117700,100,600,true,0
681,baseline,,6810852500,852500,100,false,652500
681,baseline,Gripper,298100,600,1900,true,0
681,baseline,Motor,307200,300,1400,true,0
681,baseline,Stabilizer,313300,300,1000,true,0
682,baseline,,6820514900,514900,0,false,314900
682,baseline,Gripper,66700,400,1100,true,0
682,baseline,Motor,73000,100,700,true,0
682,baseline,Stabilizer,85700,200,8200,true,0
683,baseline,,6830686000,686000,200,false,486000
683,baseline,Gripper,155200,500,52800,true,0
683,baseline,Motor,179500,300,700,true,0
683,baseline,Stabilizer,185900,200,700,true,0
684,baseline,,6840392600,392600,0,false,192600
684,baseline,Gripper,79500,500,800,true,0
684,baseline,Motor,86500,100,500,true,0
684,baseline,Stabilizer,92500,100,800,true,0
685,baseline,,6850404300,404300,100,false,204300
685,baseline,Gripper,178200,700,1300,true,0
685,baseline,Stabilizer,187500,100,700,true,0
685,baseline,Motor,189600,500,1600,true,0
686,baseline,,6860726500,726500,100,false,526500
686,baseline,Gripper,73200,600,1800,true,0
686,baseline,Stabilizer,81700,200,700,true,0
686,baseline,Motor,81800,400,1000,true,0
687,baseline,,6870251900,251900,100,false,51900
687,baseline,Gripper,184100,800,3400,true,0
687,baseline,Motor,185400,800,2400,true,0
687,baseline,Stabilizer,199700,200,1100,true,0
688,baseline,,6880373100,373100,100,false,173100
688,baseline,Gripper,109800,700,1600,true,0
688,baseline,Motor,119200,100,700,true,0
688,baseline,Stabilizer,139500,400,1900,true,0
689,baseline,,6890614900,614900,200,false,414900
689,baseline,Gripper,262700,6000,8900,true,0
689,baseline,Motor,289000,10800,400,true,0
689,baseline,Stabilizer,300900,4000,200,true,0
690,baseline,,6900037600,37600,100,true,0
690,baseline,Gripper,174100,700,2100,true,0
690,baseline,Motor,187000,300,700,true,0
690,baseline,Stabilizer,195400,100,1100,true,0
691,baseline,,6911028200,1028200,0,false,828200
691,baseline,Motor,189900,800,1600,true,0
691,baseline,Stabilizer,200500,100,1000,true,0
691,baseline,Gripper,263900,300,1400,true,0
692,baseline,,6920146600,146600,100,true,0
692,baseline,Stabilizer,127600,1000,2000,true,0
692,baseline,Gripper,159900,400,1800,true,0
692,baseline,Motor,246400,400,1600,true,0
693,baseline,,6930272500,272500,100,false,72500
693,baseline,Gripper,117300,700,1000,true,0
693,baseline,Motor,139200,700,2400,true,0
693,baseline,Stabilizer,151700,100,1100,true,0
694,baseline,,6940398500,398500,100,false,198500
694,baseline,Gripper,78000,600,1000,true,0
694,baseline,Stabilizer,89400,100,800,true,0
694,baseline,Motor,89300,500,1100,true,0
695,baseline,,6950496600,496600,100,false,296600
695,baseline,Gripper,69100,500,900,true,0
695,baseline,Motor,76300,100,800,true,0
695,baseline,Stabilizer,81100,200,500,true,0
696,baseline,,6960323500,323500,100,false,123500
696,baseline,Gripper,76200,400,900,true,0
696,baseline,Motor,84000,400,1600,true,0
696,baseline,Stabilizer,93000,100,8800,true,0
697,baseline,Gripper,50100,700,3800,true,0
697,baseline,,6970385300,385300,0,false,185300
697,baseline,Motor,84600,300,1200,true,0
697,baseline,Stabilizer,108300,200,1300,true,0
698,baseline,,6980230400,230400,100,false,30400
698,baseline,Gripper,54200,600,1500,true,0
698,baseline,Stabilizer,64900,200,1000,true,0
698,baseline,Motor,65700,300,700,true,0
699,baseline,,6990591800,591800,100,false,391800
699,baseline,Gripper,260700,13100,400,true,0
699,baseline,Motor,286800,4700,100,true,0
699,baseline,Stabilizer,302800,4900,200,true,0
700,baseline,,7000096000,96000,100,true,0
700,baseline,Gripper,98700,600,600,true,0
700,baseline,Motor,118800,500,1900,true,0
700,baseline,Stabilizer,130300,200,900,true,0
701,baseline,,7010551200,551200,0,false,351200
701,baseline,Gripper,72400,400,900,true,0
701,baseline,Motor,78900,200,700,true,0
701,baseline,Stabilizer,84800,100,900,true,0
702,baseline,,7020529300,529300,0,false,329300
702,baseline,Gripper,80100,700,700,true,0
702,baseline,Motor,86700,100,800,true,0
702,baseline,Stabilizer,92200,100,700,true,0
703,baseline,,7030586200,586200,100,false,386200
703,baseline,Gripper,169600,500,1100,true,0
703,baseline,Motor,179600,200,900,true,0
703,baseline,Stabilizer,186500,500,2200,true,0
704,baseline,,7040626500,626500,100,false,426500
704,baseline,Gripper,126700,600,1400,true,0
704,baseline,Motor,136700,100,700,true,0
704,baseline,Stabilizer,142800,200,800,true,0
705,baseline,,7050366000,366000,100,false,166000
705,baseline,Motor,174900,700,1700,true,0
705,baseline,Stabilizer,187900,300,1100,true,0
705,baseline,Gripper,211900,600,2400,true,0
706,baseline,,7060689800,689800,0,false,489800
706,baseline,Gripper,110800,900,3000,true,0
706,baseline,Motor,127500,500,900,true,0
706,baseline,Stabilizer,136400,200,1200,true,0
707,baseline,,7070096400,96400,100,true,0
707,baseline,Gripper,77700,600,1200,true,0
707,baseline,Stabilizer,85500,100,700,true,0
707,baseline,Motor,85700,400,1400,true,0
708,baseline,,7080041600,41600,100,true,0
708,baseline,Gripper,70900,600,1500,true,0
708,baseline,Motor,78300,200,800,true,0
708,baseline,Stabilizer,83700,200,800,true,0
709,baseline,,7090037200,37200,100,true,0
709,baseline,Gripper,193100,31500,300,true,0
709,baseline,Motor,200700,6400,400,true,0
709,baseline,Stabilizer,211600,37100,300,true,0
710,baseline,,7100423200,423200,100,false,223200
710,baseline,Gripper,1722000,900,3100,true,0
710,baseline,Stabilizer,1741400,100,1100,true,0
710,baseline,Motor,1746300,600,1700,true,0
711,baseline,,7110573200,573200,100,false,373200
711,baseline,Gripper,270700,700,1800,true,0
711,baseline,Motor,282000,100,700,true,0
711,baseline,Stabilizer,288600,200,800,true,0
712,baseline,,7120439400,439400,200,false,239400
712,baseline,Gripper,124800,700,900,true,0
712,baseline,Stabilizer,137200,200,700,true,0
712,baseline,Motor,139900,600,2700,true,0
713,baseline,,7130209100,209100,100,false,9100
713,baseline,Gripper,111300,600,1800,true,0
713,baseline,Motor,120700,200,900,true,0
713,baseline,Stabilizer,127000,200,700,true,0
714,baseline,,7140536200,536200,200,false,336200
714,baseline,Gripper,46800,800,1400,true,0
714,baseline,Motor,61300,300,1300,true,0
714,baseline,Stabilizer,69500,100,800,true,0
715,baseline,,7150572900,572900,100,false,372900
715,baseline,Gripper,104800,900,1900,true,0
715,baseline,Motor,113700,200,900,true,0
715,baseline,Stabilizer,125100,200,800,true,0
716,baseline,,7160301000,301000,100,false,101000
716,baseline,Gripper,79000,400,1000,true,0
716,baseline,Motor,85700,200,600,true,0
716,baseline,Stabilizer,92100,100,700,true,0
717,baseline,Gripper,52700,1100,3400,true,0
717,baseline,,7170309300,309300,100,false,109300
717,baseline,Motor,91100,600,2600,true,0
717,baseline,Stabilizer,294600,200,1200,true,0
718,baseline,,7180656000,656000,100,false,456000
718,baseline,Gripper,114200,500,800,true,0
718,baseline,Stabilizer,124300,200,800,true,0
718,baseline,Motor,129000,600,2500,true,0
719,baseline,,7190320700,320700,100,false,120700
719,baseline,Gripper,193300,28600,400,true,0
719,baseline,Motor,197400,10600,300,true,0
719,baseline,Stabilizer,503400,45300,400,true,0
720,baseline,,7200517300,517300,100,false,317300
720,baseline,Motor,242000,700,1400,true,0
720,baseline,Stabilizer,251200,100,600,true,0
720,baseline,Gripper,313200,300,1500,true,0
721,baseline,,7210654700,654700,100,false,454700
721,baseline,Gripper,80200,500,900,true,0
721,baseline,Stabilizer,92200,300,1700,true,0
721,baseline,Motor,234400,200,1100,true,0
722,baseline,,7220359900,359900,0,false,159900
722,baseline,Gripper,89300,600,1000,true,0
722,baseline,Stabilizer,98900,200,1000,true,0
722,baseline,Motor,193400,500,2600,true,0
723,baseline,,7230081200,81200,200,true,0
723,baseline,Gripper,170900,500,1300,true,0
723,baseline,Motor,286100,700,2900,true,0
723,baseline,Stabilizer,311700,500,2400,true,0
724,baseline,,7240149800,149800,100,true,0
724,baseline,Gripper,270100,1200,3100,true,0
724,baseline,Motor,291300,300,1500,true,0
724,baseline,Stabilizer,305700,1000,1900,true,0
725,baseline,,7250343700,343700,100,false,143700
725,baseline,Gripper,188900,1000,3400,true,0
725,baseline,Motor,205800,800,2600,true,0
725,baseline,Stabilizer,212300,200,1000,true,0
726,baseline,,7260102800,102800,100,true,0
726,baseline,Gripper,90600,600,1700,true,0
726,baseline,Motor,100900,300,1000,true,0
726,baseline,Stabilizer,109300,300,1500,true,0
727,baseline,,7270645500,645500,100,false,445500
727,baseline,Motor,46600,800,1700,true,0
727,baseline,Stabilizer,54700,200,900,true,0
727,baseline,Gripper,157100,400,1300,true,0
728,baseline,,7280424500,424500,100,false,224500
728,baseline,Gripper,121300,600,1100,true,0
728,baseline,Motor,149700,500,2000,true,0
728,baseline,Stabilizer,157500,200,900,true,0
729,baseline,,7290220900,220900,100,false,20900
729,baseline,Gripper,231700,35500,400,true,0
729,baseline,Stabilizer,246900,44100,500,true,0
729,baseline,Motor,308400,27000,300,true,0
730,baseline,,7300183400,183400,100,true,0
730,baseline,Stabilizer,255100,800,2100,true,0
730,baseline,Gripper,314800,500,2300,true,0
730,baseline,Motor,366200,500,2100,true,0
731,baseline,,7310639400,639400,100,false,439400
731,baseline,Motor,90900,800,2300,true,0
731,baseline,Stabilizer,104600,500,1400,true,0
731,baseline,Gripper,187000,500,2000,true,0
732,baseline,,7320258600,258600,100,false,58600
732,baseline,Gripper,103000,600,1100,true,0
732,baseline,Motor,137200,800,3100,true,0
732,baseline,Stabilizer,152700,200,1000,true,0
733,baseline,,7330273900,273900,100,false,73900
733,baseline,Gripper,70800,700,1900,true,0
733,baseline,Motor,71500,300,2000,true,0
733,baseline,Stabilizer,81500,300,900,true,0
734,baseline,,7340458000,458000,100,false,258000
734,baseline,Gripper,161900,500,1100,true,0
734,baseline,Motor,167500,400,1300,true,0
734,baseline,Stabilizer,170400,100,700,true,0
735,baseline,,7350220500,220500,300,false,20500
735,baseline,Gripper,470600,1300,2600,true,0
735,baseline,Motor,484500,400,1600,true,0
735,baseline,Stabilizer,493800,300,1200,true,0
736,baseline,,7360117400,117400,100,true,0
736,baseline,Stabilizer,114600,900,2400,true,0
736,baseline,Gripper,149100,400,2000,true,0
736,baseline,Motor,169100,600,2300,true,0
737,baseline,,7370424800,424800,200,false,224800
737,baseline,Gripper,166600,700,1200,true,0
737,baseline,Stabilizer,182300,200,1000,true,0
737,baseline,Motor,195500,1000,3500,true,0
738,baseline,Gripper,80900,800,3100,true,0
738,baseline,Motor,93000,200,1000,true,0
738,baseline,,7380233600,233600,200,false,33600
738,baseline,Stabilizer,101300,100,1000,true,0
739,baseline,,7390325100,325100,100,false,125100
739,baseline,Gripper,175400,10400,500,true,0
739,baseline,Stabilizer,197200,39400,300,true,0
739,baseline,Motor,204300,16900,400,true,0
740,baseline,,7400287700,287700,100,false,87700
740,baseline,Gripper,116900,500,1200,true,0
740,baseline,Motor,124100,100,700,true,0
740,baseline,Stabilizer,129700,200,800,true,0
741,baseline,,7410447500,447500,100,false,247500
741,baseline,Gripper,219000,500,900,true,0
741,baseline,Stabilizer,228300,100,600,true,0
741,baseline,Motor,314300,1800,5900,true,0
742,baseline,,7420629000,629000,100,false,429000
742,baseline,Gripper,109500,700,1400,true,0
742,baseline,Motor,110200,900,2100,true,0
742,baseline,Stabilizer,113000,400,1600,true,0
743,baseline,,7430429000,429000,200,false,229000
743,baseline,Motor,141100,800,2600,true,0
743,baseline,Stabilizer,154400,200,1500,true,0
743,baseline,Gripper,168500,600,1500,true,0
744,baseline,,7441058900,1058900,200,false,858900
744,baseline,Gripper,937700,1100,2200,true,0
744,baseline,Motor,978100,600,2200,true,0
744,baseline,Stabilizer,991500,200,1500,true,0
745,baseline,,7450500200,500200,100,false,300200
745,baseline,Gripper,85400,600,1300,true,0
745,baseline,Motor,93900,100,800,true,0
745,baseline,Stabilizer,100900,100,900,true,0
746,baseline,,7460736800,736800,100,false,536800
746,baseline,Gripper,114800,600,1100,true,0
746,baseline,Motor,140800,200,800,true,0
746,baseline,Stabilizer,147600,100,900,true,0
747,baseline,,7470793200,793200,0,false,593200
747,baseline,Gripper,84800,500,900,true,0
747,baseline,Motor,92600,300,800,true,0
747,baseline,Stabilizer,98200,100,900,true,0
748,baseline,,7480515900,515900,100,false,315900
748,baseline,Gripper,100300,600,1200,true,0
748,baseline,Stabilizer,112800,100,900,true,0
748,baseline,Motor,114900,600,2300,true,0
749,baseline,,7490422700,422700,200,false,222700
749,baseline,Gripper,151100,16200,500,true,0
749,baseline,Motor,168500,35400,400,true,0
749,baseline,Stabilizer,188300,50800,300,true,0
750,baseline,,7500149500,149500,100,true,0
750,baseline,Motor,237700,1000,6600,true,0
750,baseline,Gripper,248700,1400,4800,true,0
750,baseline,Stabilizer,254500,100,1100,true,0
751,baseline,,7510478500,478500,100,false,278500
751,baseline,Gripper,59800,700,1500,true,0
751,baseline,Motor,73300,100,5600,true,0
751,baseline,Stabilizer,77200,300,800,true,0
752,baseline,,7520278600,278600,0,false,78600
752,baseline,Gripper,95800,400,900,true,0
752,baseline,Motor,102800,100,500,true,0
752,baseline,Stabilizer,108100,100,800,true,0
753,baseline,,7530096700,96700,100,true,0
753,baseline,Gripper,150000,500,1000,true,0
753,baseline,Motor,157200,100,700,true,0
753,baseline,Stabilizer,162900,200,700,true,0
754,baseline,,7540528300,528300,100,false,328300
754,baseline,Gripper,135900,600,2300,true,0
754,baseline,Stabilizer,148600,200,900,true,0
754,baseline,Motor,148600,600,1100,true,0
755,baseline,,7550476500,476500,300,false,276500
755,baseline,Gripper,1234000,900,3000,true,0
755,baseline,Motor,1306000,500,1800,true,0
755,baseline,Stabilizer,1315900,100,1200,true,0
756,baseline,,7560318400,318400,100,false,118400
756,baseline,Motor,156800,800,1900,true,0
756,baseline,Stabilizer,167700,100,900,true,0
756,baseline,Gripper,297600,400,1700,true,0
757,baseline,,7570124000,124000,100,true,0
757,baseline,Motor,102500,600,1200,true,0
757,baseline,Stabilizer,104100,500,2000,true,0
757,baseline,Gripper,115900,100,600,true,0
758,baseline,,7580257300,257300,100,false,57300
758,baseline,Gripper,215800,700,1800,true,0
758,baseline,Motor,224200,100,1100,true,0
758,baseline,Stabilizer,230400,200,1000,true,0
759,baseline,,7590308300,308300,100,false,108300
759,baseline,Gripper,130400,14700,400,true,0
759,baseline,Motor,155700,47300,300,true,0
759,baseline,Stabilizer,232700,117900,300,true,0
760,baseline,,7600414700,414700,100,false,214700
760,baseline,Gripper,165000,700,1400,true,0
760,baseline,Motor,175400,100,1200,true,0
760,baseline,Stabilizer,184400,200,1100,true,0
761,baseline,,7610082000,82000,100,true,0
761,baseline,Stabilizer,211400,800,2000,true,0
761,baseline,Gripper,262200,400,1800,true,0
761,baseline,Motor,343600,1300,4000,true,0
762,baseline,,7621038800,1038800,100,false,838800
762,baseline,Gripper,389600,900,2000,true,0
762,baseline,Motor,401500,200,1000,true,0
762,baseline,Stabilizer,425500,200,1400,true,0
763,baseline,,7630523000,523000,100,false,323000
763,baseline,Gripper,160500,700,1300,true,0
763,baseline,Motor,171900,300,800,true,0
763,baseline,Stabilizer,180100,100,800,true,0
764,baseline,,7640409500,409500,0,false,209500
764,baseline,Gripper,66300,500,600,true,0
764,baseline,Motor,71900,100,500,true,0
764,baseline,Stabilizer,77100,100,800,true,0
765,baseline,,7651346400,1346400,100,false,1146400
765,baseline,Gripper,504600,1100,3400,true,0
765,baseline,Motor,507400,600,1900,true,0
765,baseline,Stabilizer,517000,400,2000,true,0
766,baseline,,7660413900,413900,100,false,213900
766,baseline,Gripper,748900,1000,2800,true,0
766,baseline,Motor,763000,200,1300,true,0
766,baseline,Stabilizer,773300,400,2000,true,0
767,baseline,,7670391600,391600,100,false,191600
767,baseline,Gripper,84200,800,2400,true,0
767,baseline,Motor,93000,200,1000,true,0
767,baseline,Stabilizer,97500,200,1300,true,0
768,baseline,,7680536700,536700,100,false,336700
768,baseline,Motor,234400,700,1600,true,0
768,baseline,Stabilizer,241500,600,2000,true,0
768,baseline,Gripper,291500,300,1300,true,0
769,baseline,,7690449500,449500,400,false,249500
769,baseline,Gripper,130700,56100,800,true,0
769,baseline,Motor,166100,85300,400,true,0
769,baseline,Stabilizer,203400,103000,900,true,0
770,baseline,,7700307900,307900,100,false,107900
770,baseline,Gripper,152800,700,2100,true,0
770,baseline,Motor,155100,400,1400,true,0
770,baseline,Stabilizer,227200,500,1500,true,0
771,baseline,,7710098100,98100,200,true,0
771,baseline,Gripper,46700,800,2000,true,0
771,baseline,Motor,48700,400,1100,true,0
771,baseline,Stabilizer,53100,200,700,true,0
772,baseline,,7720290600,290600,100,false,90600
772,baseline,Motor,100900,500,1200,true,0
772,baseline,Gripper,149100,2500,3900,true,0
772,baseline,Stabilizer,238200,400,1800,true,0
773,baseline,,7730362700,362700,100,false,162700
773,baseline,Gripper,82500,1000,3400,true,0
773,baseline,Motor,155800,3000,10000,true,0
773,baseline,Stabilizer,195600,2200,8400,true,0
774,baseline,,7740290400,290400,100,false,90400
774,baseline,Gripper,131100,800,1800,true,0
774,baseline,Motor,149000,800,2000,true,0
774,baseline,Stabilizer,149300,800,2300,true,0
775,baseline,,7750618700,618700,100,false,418700
775,baseline,Motor,174300,800,1500,true,0
775,baseline,Gripper,291200,300,1500,true,0
775,baseline,Stabilizer,318600,400,1800,true,0
776,baseline,,7760367500,367500,100,false,167500
776,baseline,Stabilizer,101100,800,1600,true,0
776,baseline,Gripper,147900,400,1400,true,0
776,baseline,Motor,191500,200,1400,true,0
777,baseline,,7770738900,738900,100,false,538900
777,baseline,Gripper,153400,600,1400,true,0
777,baseline,Stabilizer,191700,200,1300,true,0
777,baseline,Motor,192500,300,1600,true,0
778,baseline,,7780716900,716900,300,false,516900
778,baseline,Gripper,259000,1300,3600,true,0
778,baseline,Motor,394800,300,1500,true,0
778,baseline,Stabilizer,400500,500,2000,true,0
779,baseline,,7790720700,720700,100,false,520700
779,baseline,Gripper,185200,22500,400,true,0
779,baseline,Motor,220400,30100,300,true,0
779,baseline,Stabilizer,316800,124200,400,true,0
780,baseline,,7800312200,312200,100,false,112200
780,baseline,Motor,276300,700,2600,true,0
780,baseline,Stabilizer,289700,600,2800,true,0
780,baseline,Gripper,316900,800,3200,true,0
781,baseline,,7810468300,468300,100,false,268300
781,baseline,Gripper,213900,600,1800,true,0
781,baseline,Motor,244300,400,1700,true,0
781,baseline,Stabilizer,306000,400,1500,true,0
782,baseline,,7820218000,218000,100,false,18000
782,baseline,Gripper,158500,600,2300,true,0
782,baseline,Stabilizer,183700,500,1600,true,0
782,baseline,Motor,183700,600,1600,true,0
783,baseline,,7830214300,214300,100,false,14300
783,baseline,Motor,216900,700,2000,true,0
783,baseline,Gripper,217800,700,2500,true,0
783,baseline,Stabilizer,228300,400,2000,true,0
784,baseline,,7840395300,395300,100,false,195300
784,baseline,Stabilizer,241800,900,2600,true,0
784,baseline,Gripper,243400,800,2900,true,0
784,baseline,Motor,243500,1000,3000,true,0
785,baseline,,7850435100,435100,200,false,235100
785,baseline,Gripper,81000,1000,2600,true,0
785,baseline,Stabilizer,82400,600,2300,true,0
785,baseline,Motor,192000,400,2200,true,0
786,baseline,,7860423100,423100,200,false,223100
786,baseline,Gripper,62200,1000,2500,true,0
786,baseline,Motor,85100,800,2200,true,0
786,baseline,Stabilizer,86600,500,1800,true,0
787,baseline,,7870388700,388700,100,false,188700
787,baseline,Motor,60100,800,2500,true,0
787,baseline,Gripper,64600,600,1400,true,0
787,baseline,Stabilizer,77700,300,1200,true,0
788,baseline,,7880435300,435300,100,false,235300
788,baseline,Gripper,79500,600,1200,true,0
788,baseline,Stabilizer,85600,300,1600,true,0
788,baseline,Motor,123000,200,1100,true,0
789,baseline,,7890187500,187500,100,true,0
789,baseline,Gripper,66800,26700,400,true,0
789,baseline,Stabilizer,84700,4800,100,true,0
789,baseline,Motor,110400,54900,200,true,0
790,baseline,,7900474300,474300,100,false,274300
790,baseline,Gripper,72100,500,1600,true,0
790,baseline,Motor,81500,300,1200,true,0
790,baseline,Stabilizer,83200,200,1000,true,0
791,baseline,,7910461200,461200,100,false,261200
791,baseline,Gripper,76700,600,900,true,0
791,baseline,Motor,80800,400,1300,true,0
791,baseline,Stabilizer,145100,300,1200,true,0
792,baseline,,7920145500,145500,100,true,0
792,baseline,Motor,40500,500,900,true,0
792,baseline,Stabilizer,45500,400,1600,true,0
792,baseline,Gripper,148200,200,1700,true,0
793,baseline,,7930300700,300700,100,false,100700
793,baseline,Gripper,110900,500,1000,true,0
793,baseline,Stabilizer,199500,400,1700,true,0
793,baseline,Motor,199600,300,1300,true,0
794,baseline,,7940792000,792000,100,false,592000
794,baseline,Motor,95400,900,1400,true,0
794,baseline,Stabilizer,99400,300,1400,true,0
794,baseline,Gripper,132000,200,1100,true,0
795,baseline,,7950850500,850500,0,false,650500
795,baseline,Gripper,71700,500,900,true,0
795,baseline,Motor,193400,300,1300,true,0
795,baseline,Stabilizer,223900,300,1300,true,0
796,baseline,,7960510400,510400,100,false,310400
796,baseline,Motor,99400,900,1300,true,0
796,baseline,Gripper,153300,500,2500,true,0
796,baseline,Stabilizer,223500,500,2100,true,0
797,baseline,,7970584700,584700,100,false,384700
797,baseline,Motor,177700,600,800,true,0
797,baseline,Gripper,216700,500,2200,true,0
797,baseline,Stabilizer,314500,500,1700,true,0
798,baseline,,7980214000,214000,100,false,14000
798,baseline,Motor,172000,900,1900,true,0
798,baseline,Stabilizer,208700,600,2500,true,0
798,baseline,Gripper,218700,400,2000,true,0
799,baseline,,7990310600,310600,100,false,110600
799,baseline,Gripper,199400,24800,400,true,0
799,baseline,Motor,297200,23600,500,true,0
799,baseline,Stabilizer,369100,43300,1000,true,0
800,baseline,,8000505000,505000,100,false,305000
800,baseline,Motor,296900,600,1900,true,0
800,baseline,Stabilizer,317300,200,800,true,0
800,baseline,Gripper,434700,300,1300,true,0
801,baseline,,8010711500,711500,100,false,511500
801,baseline,Gripper,161700,600,1400,true,0
801,baseline,Motor,168900,500,1500,true,0
801,baseline,Stabilizer,218400,300,1300,true,0
802,baseline,,8020494500,494500,100,false,294500
802,baseline,Gripper,69600,900,2600,true,0
802,baseline,Motor,182500,600,1800,true,0
802,baseline,Stabilizer,182600,500,1900,true,0
803,baseline,,8030439100,439100,1600,false,239100
803,baseline,Motor,428100,3000,9600,true,0
803,baseline,Gripper,442200,2300,6900,true,0
803,baseline,Stabilizer,478300,700,4000,true,0
804,baseline,,8040306800,306800,100,false,106800
804,baseline,Gripper,72400,900,6400,true,0
804,baseline,Motor,91100,600,2300,true,0
804,baseline,Stabilizer,98700,200,1200,true,0
805,baseline,,8050395200,395200,0,false,195200
805,baseline,Gripper,95000,900,1500,true,0
805,baseline,Motor,100500,400,2400,true,0
805,baseline,Stabilizer,106500,300,1400,true,0
806,baseline,,8060302300,302300,100,false,102300
806,baseline,Stabilizer,118000,500,1200,true,0
806,baseline,Gripper,158200,300,1400,true,0
806,baseline,Motor,199100,300,1200,true,0
807,baseline,Gripper,41400,700,2700,true,0
807,baseline,,8070235700,235700,0,false,35700
807,baseline,Stabilizer,236600,2700,8500,true,0
807,baseline,Motor,236700,2600,8700,true,0
808,baseline,,8080453300,453300,100,false,253300
808,baseline,Stabilizer,111900,900,1800,true,0
808,baseline,Gripper,163600,600,2200,true,0
808,baseline,Motor,192500,500,2000,true,0
809,baseline,,8090538800,538800,200,false,338800
809,baseline,Motor,292100,61200,600,true,0
809,baseline,Gripper,358100,126900,700,true,0
809,baseline,Stabilizer,398900,137500,300,true,0
810,baseline,,8100354700,354700,100,false,154700
810,baseline,Gripper,258200,1100,4200,true,0
810,baseline,Motor,383900,1100,3300,true,0
810,baseline,Stabilizer,401700,1000,3500,true,0
811,baseline,,8110474000,474000,100,false,274000
811,baseline,Gripper,127700,700,1300,true,0
811,baseline,Motor,195600,900,3100,true,0
811,baseline,Stabilizer,321500,1000,3600,true,0
812,baseline,,8120579300,579300,100,false,379300
812,baseline,Gripper,156800,800,2000,true,0
812,baseline,Motor,186600,300,1500,true,0
812,baseline,Stabilizer,211400,600,2200,true,0
813,baseline,,8130501600,501600,0,false,301600
813,baseline,Gripper,201000,600,1300,true,0
813,baseline,Stabilizer,329400,300,1300,true,0
813,baseline,Motor,330900,300,1300,true,0
814,baseline,,8140287300,287300,0,false,87300
814,baseline,Stabilizer,83900,700,1600,true,0
814,baseline,Gripper,128400,200,1700,true,0
814,baseline,Motor,154900,300,1400,true,0
815,baseline,,8150381800,381800,100,false,181800
815,baseline,Motor,171900,700,1900,true,0
815,baseline,Stabilizer,174200,600,2300,true,0
815,baseline,Gripper,273600,500,1900,true,0
816,baseline,,8160376900,376900,300,false,176900
816,baseline,Gripper,569300,900,3600,true,0
816,baseline,Motor,584100,200,1100,true,0
816,baseline,Stabilizer,592300,500,2100,true,0
817,baseline,,8170210500,210500,100,false,10500
817,baseline,Gripper,107100,500,1100,true,0
817,baseline,Motor,118300,100,800,true,0
817,baseline,Stabilizer,125900,100,800,true,0
818,baseline,,8180542800,542800,0,false,342800
818,baseline,Motor,101400,600,1400,true,0
818,baseline,Gripper,308400,200,1300,true,0
818,baseline,Stabilizer,320900,200,3500,true,0
819,baseline,,8190166800,166800,100,true,0
819,baseline,Gripper,173500,26800,200,true,0
819,baseline,Stabilizer,233500,18600,300,true,0
819,baseline,Motor,290800,16900,200,true,0
820,baseline,,8200527200,527200,0,false,327200
820,baseline,Motor,139300,600,900,true,0
820,baseline,Stabilizer,149100,500,1900,true,0
820,baseline,Gripper,189900,300,1400,true,0
821,baseline,,8210412100,412100,100,false,212100
821,baseline,Gripper,157500,1000,1600,true,0
821,baseline,Motor,165400,600,2000,true,0
821,baseline,Stabilizer,173100,500,1900,true,0
822,baseline,,8220269300,269300,100,false,69300
822,baseline,Gripper,188300,1000,2000,true,0
822,baseline,Stabilizer,207600,200,1100,true,0
822,baseline,Motor,228300,1000,2800,true,0
823,baseline,Gripper,114700,1300,3600,true,0
823,baseline,Motor,132700,300,1200,true,0
823,baseline,Stabilizer,145300,200,1400,true,0
823,baseline,,8230367500,367500,500,false,167500
824,baseline,,8240226200,226200,100,false,26200
824,baseline,Gripper,156400,700,1400,true,0
824,baseline,Motor,206200,600,1800,true,0
824,baseline,Stabilizer,209800,400,1000,true,0
825,baseline,,8250375200,375200,100,false,175200
825,baseline,Gripper,101100,800,2200,true,0
825,baseline,Motor,112200,100,1000,true,0
825,baseline,Stabilizer,425800,400,2100,true,0
826,baseline,,8260376100,376100,0,false,176100
826,baseline,Stabilizer,106100,500,1200,true,0
826,baseline,Gripper,154700,300,5200,true,0
826,baseline,Motor,259800,200,1100,true,0
827,baseline,,8270197300,197300,100,true,0
827,baseline,Gripper,227400,700,1900,true,0
827,baseline,Motor,281100,400,1500,true,0
827,baseline,Stabilizer,318100,300,1500,true,0
828,baseline,,8280239400,239400,100,false,39400
828,baseline,Gripper,158400,700,1100,true,0
828,baseline,Motor,274500,700,2700,true,0
828,baseline,Stabilizer,290200,500,2100,true,0
829,baseline,,8290353400,353400,100,false,153400
829,baseline,Gripper,222100,21700,700,true,0
829,baseline,Stabilizer,364600,61500,700,true,0
829,baseline,Motor,374900,42100,600,true,0
830,baseline,,8300301500,301500,100,false,101500
830,baseline,Gripper,125300,600,1100,true,0
830,baseline,Motor,138500,700,2200,true,0
830,baseline,Stabilizer,140200,200,1200,true,0
831,baseline,,8310161800,161800,100,true,0
831,baseline,Gripper,184200,600,1300,true,0
831,baseline,Stabilizer,288700,200,1300,true,0
831,baseline,Motor,290500,300,1400,true,0
832,baseline,,8320257700,257700,100,false,57700
832,baseline,Gripper,106200,500,1300,true,0
832,baseline,Motor,117900,200,1400,true,0
832,baseline,Stabilizer,126600,500,2400,true,0
833,baseline,,8330507700,507700,100,false,307700
833,baseline,Gripper,57600,600,1700,true,0
833,baseline,Stabilizer,68800,200,1700,true,0
833,baseline,Motor,182700,500,1500,true,0
834,baseline,,8340240000,240000,100,false,40000
834,baseline,Gripper,126200,700,1400,true,0
834,baseline,Motor,141100,100,900,true,0
834,baseline,Stabilizer,171300,700,1200,true,0
835,baseline,,8350216000,216000,100,false,16000
835,baseline,Stabilizer,142700,900,2300,true,0
835,baseline,Gripper,144900,800,2400,true,0
835,baseline,Motor,273500,600,2300,true,0
836,baseline,,8360267200,267200,100,false,67200
836,baseline,Motor,172900,700,2000,true,0
836,baseline,Stabilizer,185200,200,1200,true,0
836,baseline,Gripper,211600,600,1900,true,0
837,baseline,,8370347600,347600,200,false,147600
837,baseline,Motor,202300,900,1800,true,0
837,baseline,Gripper,219200,300,1100,true,0
837,baseline,Stabilizer,229600,200,800,true,0
838,baseline,,8380299300,299300,0,false,99300
838,baseline,Gripper,132700,400,1000,true,0
838,baseline,Motor,136700,400,1500,true,0
838,baseline,Stabilizer,142400,300,1300,true,0
839,baseline,,8390425500,425500,100,false,225500
839,baseline,Motor,220200,50200,400,true,0
839,baseline,Stabilizer,232200,20100,500,true,0
839,baseline,Gripper,281500,23800,500,true,0
840,baseline,,8400518700,518700,100,false,318700
840,baseline,Stabilizer,277000,1000,2600,true,0
840,baseline,Motor,324600,800,3000,true,0
840,baseline,Gripper,328100,600,2700,true,0
841,baseline,,8410609700,609700,600,false,409700
841,baseline,Gripper,227500,900,1800,true,0
841,baseline,Motor,247400,300,1000,true,0
841,baseline,Stabilizer,260700,200,1300,true,0
842,baseline,,8420588000,588000,200,false,388000
842,baseline,Gripper,153400,900,1700,true,0
842,baseline,Stabilizer,175900,1000,3700,true,0
842,baseline,Motor,263400,700,2500,true,0
843,baseline,,8430512200,512200,200,false,312200
843,baseline,Gripper,610100,700,1100,true,0
843,baseline,Motor,621000,200,1000,true,0
843,baseline,Stabilizer,630100,200,1000,true,0
844,baseline,,8440199800,199800,0,true,0
844,baseline,Gripper,139400,500,900,true,0
844,baseline,Stabilizer,148800,200,600,true,0
844,baseline,Motor,254700,300,1200,true,0
845,baseline,,8450571200,571200,100,false,371200
845,baseline,Motor,44900,600,1600,true,0
845,baseline,Stabilizer,57600,100,5600,true,0
845,baseline,Gripper,147200,400,1200,true,0
846,baseline,,8460689500,689500,0,false,489500
846,baseline,Motor,55900,900,1600,true,0
846,baseline,Stabilizer,68100,100,800,true,0
846,baseline,Gripper,147700,500,1700,true,0
847,baseline,,8470169000,169000,100,true,0
847,baseline,Gripper,92900,800,1700,true,0
847,baseline,Motor,190700,500,1800,true,0
847,baseline,Stabilizer,211100,700,2300,true,0
848,baseline,,8480388400,388400,200,false,188400
848,baseline,Gripper,120800,900,2700,true,0
848,baseline,Motor,131400,600,2200,true,0
848,baseline,Stabilizer,138100,200,1000,true,0
849,baseline,,8490475200,475200,100,false,275200
849,baseline,Motor,117900,21600,400,true,0
849,baseline,Stabilizer,122000,12700,200,true,0
849,baseline,Gripper,568900,138000,3000,true,0
850,baseline,,8500444900,444900,100,false,244900
850,baseline,Stabilizer,87100,500,1100,true,0
850,baseline,Motor,90200,300,1200,true,0
850,baseline,Gripper,194800,300,1300,true,0
851,baseline,,8510248400,248400,0,false,48400
851,baseline,Motor,110200,300,900,true,0
851,baseline,Gripper,110300,700,1700,true,0
851,baseline,Stabilizer,115400,200,1200,true,0
852,baseline,Gripper,75200,600,2600,true,0
852,baseline,Motor,87100,200,1000,true,0
852,baseline,Stabilizer,94600,200,800,true,0
852,baseline,,8520264200,264200,200,false,64200
853,baseline,,8530558200,558200,100,false,358200
853,baseline,Motor,174400,800,1600,true,0
853,baseline,Stabilizer,183400,800,2800,true,0
853,baseline,Gripper,217900,400,2100,true,0
854,baseline,,8540420100,420100,200,false,220100
854,baseline,Gripper,144200,800,1600,true,0
854,baseline,Motor,164300,200,1000,true,0
854,baseline,Stabilizer,176200,200,1000,true,0
855,baseline,,8550444900,444900,100,false,244900
855,baseline,Gripper,99600,700,2400,true,0
855,baseline,Motor,104300,500,1000,true,0
855,baseline,Stabilizer,112400,200,1000,true,0
856,baseline,,8560389700,389700,100,false,189700
856,baseline,Gripper,96000,400,1000,true,0
856,baseline,Motor,102400,200,700,true,0
856,baseline,Stabilizer,107500,100,800,true,0
857,baseline,,8570467900,467900,100,false,267900
857,baseline,Gripper,158500,400,1100,true,0
857,baseline,Motor,179700,400,1600,true,0
857,baseline,Stabilizer,193100,300,1300,true,0
858,baseline,,8580493000,493000,200,false,293000
858,baseline,Motor,190800,900,1600,true,0
858,baseline,Stabilizer,203000,700,2700,true,0
858,baseline,Gripper,259100,700,2700,true,0
859,baseline,,8590653600,653600,100,false,453600
859,baseline,Motor,88500,10400,400,true,0
859,baseline,Stabilizer,103500,8700,500,true,0
859,baseline,Gripper,179100,21700,300,true,0
860,baseline,,8600259100,259100,100,false,59100
860,baseline,Gripper,221900,1100,2900,true,0
860,baseline,Stabilizer,241000,600,2400,true,0
860,baseline,Motor,253200,500,1300,true,0
861,baseline,,8610459200,459200,400,false,259200
861,baseline,Gripper,1411900,1600,3100,true,0
861,baseline,Motor,1429200,300,1100,true,0
861,baseline,Stabilizer,1441300,300,1700,true,0
862,baseline,,8620489600,489600,100,false,289600
862,baseline,Motor,88600,700,32400,true,0
862,baseline,Gripper,96800,600,2200,true,0
862,baseline,Stabilizer,104000,300,1000,true,0
863,baseline,,8630519100,519100,0,false,319100
863,baseline,Motor,94400,700,1500,true,0
863,baseline,Stabilizer,103800,200,1200,true,0
863,baseline,Gripper,146500,200,1200,true,0
864,baseline,,8640217400,217400,100,false,17400
864,baseline,Gripper,106900,600,1500,true,0
864,baseline,Stabilizer,119700,100,700,true,0
864,baseline,Motor,211500,400,1500,true,0
865,baseline,,8650407900,407900,200,false,207900
865,baseline,Gripper,165800,1000,1600,true,0
865,baseline,Stabilizer,188100,800,3100,true,0
865,baseline,Motor,283900,700,2500,true,0
866,baseline,,8660536800,536800,100,false,336800
866,baseline,Motor,55400,800,2100,true,0
866,baseline,Stabilizer,67000,500,1000,true,0
866,baseline,Gripper,149900,300,1800,true,0
867,baseline,,8670518900,518900,200,false,318900
867,baseline,Stabilizer,88000,900,2200,true,0
867,baseline,Gripper,87500,1300,4300,true,0
867,baseline,Motor,107000,200,1200,true,0
868,baseline,,8680457300,457300,0,false,257300
868,baseline,Motor,73300,600,1200,true,0
868,baseline,Stabilizer,99700,13600,1200,true,0
868,baseline,Gripper,184700,300,2000,true,0
869,baseline,,8690626500,626500,100,false,426500
869,baseline,Motor,114200,25300,200,true,0
869,baseline,Stabilizer,127200,25900,300,true,0
869,baseline,Gripper,149300,12700,200,true,0
870,baseline,,8700290400,290400,0,false,90400
870,baseline,Gripper,466800,1700,3500,true,0
870,baseline,Motor,471300,400,1800,true,0
870,baseline,Stabilizer,473800,400,1900,true,0
871,baseline,,8710420600,420600,200,false,220600
871,baseline,Gripper,185400,1000,2800,true,0
871,baseline,Stabilizer,204200,700,2300,true,0
871,baseline,Motor,208000,900,2100,true,0
872,baseline,,8720107500,107500,100,true,0
872,baseline,Gripper,150000,700,1700,true,0
872,baseline,Stabilizer,163700,100,700,true,0
872,baseline,Motor,181400,600,22100,true,0
873,baseline,,8730104900,104900,200,true,0
873,baseline,Motor,177400,600,1100,true,0
873,baseline,Stabilizer,186500,100,1000,true,0
873,baseline,Gripper,214500,300,1200,true,0
874,baseline,,8740175000,175000,0,true,0
874,baseline,Gripper,384000,700,1100,true,0
874,baseline,Motor,391200,100,500,true,0
874,baseline,Stabilizer,396900,200,900,true,0
875,baseline,,8750443100,443100,0,false,243100
875,baseline,Gripper,81100,600,1100,true,0
875,baseline,Motor,89400,100,800,true,0
875,baseline,Stabilizer,94800,100,700,true,0
876,baseline,,8760425200,425200,0,false,225200
876,baseline,Gripper,74600,600,800,true,0
876,baseline,Motor,82400,100,600,true,0
876,baseline,Stabilizer,87700,100,700,true,0
877,baseline,,8770618900,618900,0,false,418900
877,baseline,Gripper,567900,1000,2500,true,0
877,baseline,Motor,576900,200,1000,true,0
877,baseline,Stabilizer,583000,200,800,true,0
878,baseline,,8780580900,580900,100,false,380900
878,baseline,Gripper,88500,500,900,true,0
878,baseline,Motor,95000,100,500,true,0
878,baseline,Stabilizer,100300,200,900,true,0
879,baseline,,8790631400,631400,100,false,431400
879,baseline,Gripper,797100,15300,300,true,0
879,baseline,Motor,816200,4900,300,true,0
879,baseline,Stabilizer,831300,4700,100,true,0
880,baseline,,8800598100,598100,100,false,398100
880,baseline,Gripper,121700,700,1500,true,0
880,baseline,Motor,130300,100,700,true,0
880,baseline,Stabilizer,136200,100,900,true,0
881,baseline,,8811349600,1349600,0,false,1149600
881,baseline,Gripper,225000,600,2100,true,0
881,baseline,Stabilizer,235500,200,1400,true,0
881,baseline,Motor,235400,500,2400,true,0
882,baseline,,8820433800,433800,100,false,233800
882,baseline,Gripper,229900,600,1300,true,0
882,baseline,Motor,236600,200,600,true,0
882,baseline,Stabilizer,241600,200,700,true,0
883,baseline,,8830105800,105800,100,true,0
883,baseline,Gripper,73200,600,1600,true,0
883,baseline,Motor,90000,300,800,true,0
883,baseline,Stabilizer,110400,200,900,true,0
884,baseline,,8840548200,548200,0,false,348200
884,baseline,Gripper,99800,500,1200,true,0
884,baseline,Stabilizer,108600,100,800,true,0
884,baseline,Motor,206700,300,1200,true,0
885,baseline,,8850886700,886700,100,false,686700
885,baseline,Gripper,79800,500,1000,true,0
885,baseline,Stabilizer,88600,200,700,true,0
885,baseline,Motor,189100,400,1700,true,0
886,baseline,,8860408800,408800,400,false,208800
886,baseline,Gripper,127000,700,1400,true,0
886,baseline,Motor,136400,200,800,true,0
886,baseline,Stabilizer,144300,300,900,true,0
887,baseline,,8870204500,204500,100,false,4500
887,baseline,Motor,54800,700,1800,true,0
887,baseline,Stabilizer,68900,300,800,true,0
887,baseline,Gripper,153700,300,1800,true,0
888,baseline,,8880113700,113700,0,true,0
888,baseline,Gripper,115300,500,1100,true,0
888,baseline,Motor,123000,100,800,true,0
888,baseline,Stabilizer,129000,200,800,true,0
889,baseline,,8890605900,605900,700,false,405900
889,baseline,Gripper,157200,17800,400,true,0
889,baseline,Stabilizer,176500,36100,300,true,0
889,baseline,Motor,184300,61000,200,true,0
890,baseline,,8900462700,462700,0,false,262700
890,baseline,Stabilizer,143600,700,2200,true,0
890,baseline,Gripper,172000,400,1700,true,0
890,baseline,Motor,257800,300,5400,true,0
891,baseline,,8910701200,701200,100,false,501200
891,baseline,Motor,154000,500,1000,true,0
891,baseline,Gripper,154300,600,2300,true,0
891,baseline,Stabilizer,165100,400,1500,true,0
892,baseline,,8920324100,324100,200,false,124100
892,baseline,Gripper,99400,500,1100,true,0
892,baseline,Stabilizer,113000,200,900,true,0
892,baseline,Motor,209100,700,2500,true,0
893,baseline,,8930577900,577900,100,false,377900
893,baseline,Gripper,99200,600,1200,true,0
893,baseline,Motor,114100,500,1800,true,0
893,baseline,Stabilizer,121200,300,1800,true,0
894,baseline,,8940030300,30300,100,true,0
894,baseline,Motor,40400,600,900,true,0
894,baseline,Stabilizer,49400,200,1000,true,0
894,baseline,Gripper,87200,500,1500,true,0
895,baseline,,8950880300,880300,0,false,680300
895,baseline,Gripper,309000,700,1900,true,0
895,baseline,Motor,317500,100,900,true,0
895,baseline,Stabilizer,333600,500,1300,true,0
896,baseline,,8960246600,246600,0,false,46600
896,baseline,Gripper,113600,500,800,true,0
896,baseline,Stabilizer,121900,100,600,true,0
896,baseline,Motor,234700,400,1500,true,0
897,baseline,,8970340400,340400,100,false,140400
897,baseline,Gripper,165700,600,1800,true,0
897,baseline,Motor,174000,100,600,true,0
897,baseline,Stabilizer,180500,200,900,true,0
898,baseline,,8980368900,368900,100,false,168900
898,baseline,Motor,77900,800,2200,true,0
898,baseline,Stabilizer,99100,500,1300,true,0
898,baseline,Gripper,171900,500,2000,true,0
899,baseline,,8990488900,488900,200,false,288900
899,baseline,Stabilizer,297500,47000,700,true,0
899,baseline,Motor,443700,143800,500,true,0
899,baseline,Gripper,478000,19500,400,true,0
900,baseline,,9000245600,245600,100,false,45600
900,baseline,Stabilizer,220800,800,2000,true,0
900,baseline,Motor,233000,600,2300,true,0
900,baseline,Gripper,269500,500,2000,true,0
901,baseline,,9010567300,567300,100,false,367300
901,baseline,Gripper,145600,400,1100,true,0
901,baseline,Stabilizer,157800,400,1700,true,0
901,baseline,Motor,255600,200,1500,true,0
902,baseline,,9020469600,469600,100,false,269600
902,baseline,Gripper,115700,500,1300,true,0
902,baseline,Stabilizer,126200,100,800,true,0
902,baseline,Motor,127200,400,1400,true,0
903,baseline,,9030567900,567900,300,false,367900
903,baseline,Motor,108500,1200,4200,true,0
903,baseline,Stabilizer,127000,200,1200,true,0
903,baseline,Gripper,189000,900,2800,true,0
904,baseline,,9040277700,277700,100,false,77700
904,baseline,Gripper,156700,900,2500,true,0
904,baseline,Motor,173100,100,1000,true,0
904,baseline,Stabilizer,188100,200,5800,true,0
905,baseline,,9050476800,476800,100,false,276800
905,baseline,Motor,122400,600,1300,true,0
905,baseline,Stabilizer,134100,200,1100,true,0
905,baseline,Gripper,135600,900,3500,true,0
906,baseline,,9060411800,411800,200,false,211800
906,baseline,Gripper,198200,800,22900,true,0
906,baseline,Motor,213300,200,1100,true,0
906,baseline,Stabilizer,224800,200,1600,true,0
907,baseline,,9070615800,615800,100,false,415800
907,baseline,Gripper,95400,500,1800,true,0
907,baseline,Motor,103800,100,600,true,0
907,baseline,Stabilizer,110200,200,800,true,0
908,baseline,,9080196200,196200,200,true,0
908,baseline,Motor,208200,1100,3000,true,0
908,baseline,Stabilizer,222700,100,1300,true,0
908,baseline,Gripper,243200,800,2900,true,0
909,baseline,,9090412300,412300,100,false,212300
909,baseline,Gripper,220500,13800,300,true,0
909,baseline,Motor,257000,24600,200,true,0
909,baseline,Stabilizer,275000,30100,200,true,0
910,baseline,,9100556500,556500,200,false,356500
910,baseline,Gripper,197500,700,1100,true,0
910,baseline,Motor,209400,200,800,true,0
910,baseline,Stabilizer,211700,500,1600,true,0
911,baseline,,9110124400,124400,100,true,0
911,baseline,Motor,118700,800,2000,true,0
911,baseline,Stabilizer,133200,200,900,true,0
911,baseline,Gripper,153700,600,2900,true,0
912,baseline,,9120428100,428100,200,false,228100
912,baseline,Gripper,115400,600,1000,true,0
912,baseline,Stabilizer,130900,300,1100,true,0
912,baseline,Motor,133400,700,2500,true,0
913,baseline,,9130662700,662700,100,false,462700
913,baseline,Gripper,514400,1400,2000,true,0
913,baseline,Motor,516800,500,1600,true,0
913,baseline,Stabilizer,526000,200,1000,true,0
914,baseline,,9140344500,344500,100,false,144500
914,baseline,Gripper,497700,1100,1300,true,0
914,baseline,Motor,507000,100,700,true,0
914,baseline,Stabilizer,512500,100,800,true,0
915,baseline,,9150382500,382500,100,false,182500
915,baseline,Gripper,74800,1200,2500,true,0
915,baseline,Motor,82100,500,1500,true,0
915,baseline,Stabilizer,84800,400,1700,true,0
916,baseline,,9160422700,422700,200,false,222700
916,baseline,Gripper,144400,600,700,true,0
916,baseline,Motor,150800,200,600,true,0
916,baseline,Stabilizer,156600,200,700,true,0
917,baseline,,9170229900,229900,100,false,29900
917,baseline,Gripper,114300,600,1100,true,0
917,baseline,Motor,230000,400,1700,true,0
917,baseline,Stabilizer,267200,400,1600,true,0
918,baseline,,9180240100,240100,100,false,40100
918,baseline,Gripper,124700,500,900,true,0
918,baseline,Motor,243300,500,1900,true,0
918,baseline,Stabilizer,280400,400,1600,true,0
919,baseline,,9190541100,541100,200,false,341100
919,baseline,Stabilizer,113000,13600,400,true,0
919,baseline,Gripper,302400,138300,600,true,0
919,baseline,Motor,385700,165700,3300,true,0
920,baseline,,9200202900,202900,0,false,2900
920,baseline,Gripper,157700,4500,2000,true,0
920,baseline,Motor,160600,300,1000,true,0
920,baseline,Stabilizer,268400,400,1700,true,0
921,baseline,,9210205100,205100,0,false,5100
921,baseline,Gripper,93400,400,900,true,0
921,baseline,Motor,206300,400,1500,true,0
921,baseline,Stabilizer,232800,300,1300,true,0
922,baseline,,9220475900,475900,100,false,275900
922,baseline,Gripper,75900,700,2800,true,0
922,baseline,Motor,89900,400,800,true,0
922,baseline,Stabilizer,97900,500,1400,true,0
923,baseline,,9230373200,373200,100,false,173200
923,baseline,Motor,164500,500,1200,true,0
923,baseline,Gripper,251100,800,2800,true,0
923,baseline,Stabilizer,278500,500,2000,true,0
924,baseline,,9240131300,131300,300,true,0
924,baseline,Motor,279400,1300,2000,true,0
924,baseline,Stabilizer,292900,1100,3300,true,0
924,baseline,Gripper,326400,800,3000,true,0
925,baseline,,9250274900,274900,100,false,74900
925,baseline,Motor,93900,500,1200,true,0
925,baseline,Gripper,95100,700,2900,true,0
925,baseline,Stabilizer,109000,500,2200,true,0
926,baseline,,9260415100,415100,0,false,215100
926,baseline,Gripper,139800,500,900,true,0
926,baseline,Motor,192100,400,1400,true,0
926,baseline,Stabilizer,251200,300,1400,true,0
927,baseline,,9270123300,123300,100,true,0
927,baseline,Gripper,112300,400,1200,true,0
927,baseline,Stabilizer,262600,300,1600,true,0
927,baseline,Motor,262600,300,1600,true,0
928,baseline,,9280416300,416300,100,false,216300
928,baseline,Gripper,159200,600,1000,true,0
928,baseline,Motor,270200,600,2200,true,0
928,baseline,Stabilizer,283300,400,1700,true,0
929,baseline,,9290331100,331100,100,false,131100
929,baseline,Stabilizer,251200,25000,500,true,0
929,baseline,Motor,272300,57700,700,true,0
929,baseline,Gripper,391000,144300,500,true,0
930,baseline,,9300644500,644500,200,false,444500
930,baseline,Stabilizer,321700,1300,3600,true,0
930,baseline,Motor,329500,2200,6100,true,0
930,baseline,Gripper,360600,900,3400,true,0
931,baseline,,9310396600,396600,800,false,196600
931,baseline,Motor,162800,1300,4400,true,0
931,baseline,Stabilizer,182700,1200,2900,true,0
931,baseline,Gripper,201700,200,1900,true,0
932,baseline,,9320319600,319600,100,false,119600
932,baseline,Gripper,126600,600,1100,true,0
932,baseline,Motor,137700,100,900,true,0
932,baseline,Stabilizer,145300,200,1000,true,0
933,baseline,,9330267000,267000,100,false,67000
933,baseline,Gripper,71200,7800,1900,true,0
933,baseline,Motor,85500,200,700,true,0
933,baseline,Stabilizer,94600,200,1100,true,0
934,baseline,,9340384900,384900,100,false,184900
934,baseline,Motor,188400,600,1500,true,0
934,baseline,Stabilizer,197500,200,600,true,0
934,baseline,Gripper,233800,300,1200,true,0
935,baseline,,9350449000,449000,100,false,249000
935,baseline,Stabilizer,159500,600,1800,true,0
935,baseline,Gripper,217200,400,1400,true,0
935,baseline,Motor,271400,400,1600,true,0
936,baseline,,9360665900,665900,100,false,465900
936,baseline,Stabilizer,106100,700,2000,true,0
936,baseline,Gripper,185900,600,2000,true,0
936,baseline,Motor,211600,500,2000,true,0
937,baseline,,9370281900,281900,100,false,81900
937,baseline,Motor,113800,800,1700,true,0
937,baseline,Gripper,209300,1000,3400,true,0
937,baseline,Stabilizer,233600,700,2500,true,0
938,baseline,,9380588700,588700,0,false,388700
938,baseline,Gripper,151500,800,2000,true,0
938,baseline,Stabilizer,158300,400,1400,true,0
938,baseline,Motor,250800,300,1200,true,0
939,baseline,,9390166100,166100,200,true,0
939,baseline,Gripper,201000,36500,500,true,0
939,baseline,Stabilizer,320300,24600,300,true,0
939,baseline,Motor,331000,37000,200,true,0
940,baseline,,9400444200,444200,0,false,244200
940,baseline,Gripper,149600,500,1300,true,0
940,baseline,Motor,160100,400,1200,true,0
940,baseline,Stabilizer,166400,400,1300,true,0
941,baseline,,9410517400,517400,100,false,317400
941,baseline,Gripper,50200,600,1400,true,0
941,baseline,Motor,227800,300,1400,true,0
941,baseline,Stabilizer,227800,200,1300,true,0
942,baseline,,9420474600,474600,100,false,274600
942,baseline,Gripper,188800,700,2300,true,0
942,baseline,Motor,230800,1600,4000,true,0
942,baseline,Stabilizer,243800,200,14300,true,0
943,baseline,,9430289700,289700,100,false,89700
943,baseline,Stabilizer,187500,800,2100,true,0
943,baseline,Gripper,217000,400,2000,true,0
943,baseline,Motor,292000,500,1900,true,0
944,baseline,,9440370200,370200,200,false,170200
944,baseline,Gripper,243800,900,2800,true,0
944,baseline,Stabilizer,261400,2700,8800,true,0
944,baseline,Motor,293500,500,2500,true,0
945,baseline,,9450509200,509200,100,false,309200
945,baseline,Gripper,142500,800,2200,true,0
945,baseline,Motor,146700,500,1200,true,0
945,baseline,Stabilizer,156300,300,900,true,0
946,baseline,,9460129100,129100,100,true,0
946,baseline,Stabilizer,155100,700,1600,true,0
946,baseline,Motor,196500,300,1400,true,0
946,baseline,Gripper,269300,300,1600,true,0
947,baseline,,9470677700,677700,100,false,477700
947,baseline,Motor,89700,600,1200,true,0
947,baseline,Stabilizer,109600,600,15200,true,0
947,baseline,Gripper,199500,400,1900,true,0
948,baseline,,9480553900,553900,100,false,353900
948,baseline,Motor,95600,800,1200,true,0
948,baseline,Stabilizer,99700,900,2900,true,0
948,baseline,Gripper,189100,600,2500,true,0
949,baseline,,9490671000,671000,400,false,471000
949,baseline,Gripper,254200,10500,500,true,0
949,baseline,Motor,283300,8000,400,true,0
949,baseline,Stabilizer,305400,6500,400,true,0
950,baseline,,9500349100,349100,100,false,149100
950,baseline,Motor,266900,1100,3000,true,0
950,baseline,Stabilizer,276900,1100,3700,true,0
950,baseline,Gripper,318000,800,3000,true,0
951,baseline,,9510377400,377400,200,false,177400
951,baseline,Gripper,245500,900,2800,true,0
951,baseline,Motor,257800,300,1000,true,0
951,baseline,Stabilizer,267300,200,1000,true,0
952,baseline,,9520526700,526700,100,false,326700
952,baseline,Gripper,145800,500,1100,true,0
952,baseline,Motor,156400,100,900,true,0
952,baseline,Stabilizer,159000,400,1700,true,0
953,baseline,,9530540600,540600,100,false,340600
953,baseline,Gripper,86900,500,900,true,0
953,baseline,Stabilizer,98200,100,900,true,0
953,baseline,Motor,193400,600,1900,true,0
954,baseline,,9540299900,299900,100,false,99900
954,baseline,Motor,166500,800,2100,true,0
954,baseline,Stabilizer,183400,200,1000,true,0
954,baseline,Gripper,261300,500,1800,true,0
955,baseline,,9550442900,442900,200,false,242900
955,baseline,Gripper,127400,900,1400,true,0
955,baseline,Stabilizer,144000,200,1100,true,0
955,baseline,Motor,249100,1000,3500,true,0
956,baseline,,9560254300,254300,100,false,54300
956,baseline,Gripper,84200,800,2300,true,0
956,baseline,Motor,90000,400,1100,true,0
956,baseline,Stabilizer,97900,400,1000,true,0
957,baseline,,9570314100,314100,100,false,114100
957,baseline,Gripper,85200,500,1000,true,0
957,baseline,Motor,121400,300,1600,true,0
957,baseline,Stabilizer,123900,300,1600,true,0
958,baseline,,9580371300,371300,100,false,171300
958,baseline,Gripper,85200,300,2000,true,0
958,baseline,Motor,85100,800,2100,true,0
958,baseline,Stabilizer,105100,500,1500,true,0
959,baseline,,9590607400,607400,100,false,407400
959,baseline,Gripper,215400,34400,300,true,0
959,baseline,Stabilizer,230600,36900,300,true,0
959,baseline,Motor,267900,34800,200,true,0
960,baseline,,9600540500,540500,100,false,340500
960,baseline,Gripper,685700,900,2400,true,0
960,baseline,Motor,688600,400,1100,true,0
960,baseline,Stabilizer,691900,200,1000,true,0
961,baseline,,9610185900,185900,100,true,0
961,baseline,Motor,179300,600,1700,true,0
961,baseline,Gripper,239800,400,1600,true,0
961,baseline,Stabilizer,272600,400,1500,true,0
962,baseline,,9620327700,327700,200,false,127700
962,baseline,Stabilizer,176900,800,2300,true,0
962,baseline,Gripper,217200,500,2200,true,0
962,baseline,Motor,275900,600,2000,true,0
963,baseline,,9630238300,238300,0,false,38300
963,baseline,Gripper,85600,600,1600,true,0
963,baseline,Motor,93400,100,800,true,0
963,baseline,Stabilizer,102600,200,3300,true,0
964,baseline,,9640536200,536200,0,false,336200
964,baseline,Gripper,94400,600,500,true,0
964,baseline,Motor,230100,300,2000,true,0
964,baseline,Stabilizer,239300,300,1500,true,0
965,baseline,,9650139400,139400,100,true,0
965,baseline,Gripper,89100,500,1200,true,0
965,baseline,Motor,206000,400,1600,true,0
965,baseline,Stabilizer,217800,300,1500,true,0
966,baseline,,9660227500,227500,100,false,27500
966,baseline,Gripper,204900,800,4300,true,0
966,baseline,Motor,218600,600,2000,true,0
966,baseline,Stabilizer,224000,100,1000,true,0
967,baseline,,9670517500,517500,100,false,317500
967,baseline,Stabilizer,153300,700,1500,true,0
967,baseline,Motor,163700,200,1000,true,0
967,baseline,Gripper,197200,300,1600,true,0
968,baseline,,9680394900,394900,0,false,194900
968,baseline,Motor,179900,500,1000,true,0
968,baseline,Stabilizer,188700,400,1500,true,0
968,baseline,Gripper,246200,200,1300,true,0
969,baseline,,9690630400,630400,100,false,430400
969,baseline,Gripper,510100,23600,500,true,0
969,baseline,Motor,532900,6100,300,true,0
969,baseline,Stabilizer,575700,7000,300,true,0
970,baseline,,9700253000,253000,100,false,53000
970,baseline,Gripper,110700,500,900,true,0
970,baseline,Motor,117100,100,600,true,0
970,baseline,Stabilizer,122400,200,800,true,0
971,baseline,,9710205500,205500,100,false,5500
971,baseline,Stabilizer,202400,600,14600,true,0
971,baseline,Gripper,223900,300,1500,true,0
971,baseline,Motor,242300,400,1300,true,0
972,baseline,,9720371500,371500,0,false,171500
972,baseline,Gripper,104100,800,1600,true,0
972,baseline,Motor,117500,100,800,true,0
972,baseline,Stabilizer,131200,100,800,true,0
973,baseline,,9730201400,201400,100,false,1400
973,baseline,Gripper,171000,700,1300,true,0
973,baseline,Stabilizer,181100,300,1400,true,0
973,baseline,Motor,287200,700,2500,true,0
974,baseline,,9740485000,485000,100,false,285000
974,baseline,Motor,68900,500,800,true,0
974,baseline,Stabilizer,75000,400,1000,true,0
974,baseline,Gripper,152900,300,2100,true,0
975,baseline,,9750261300,261300,0,false,61300
975,baseline,Gripper,90800,600,1600,true,0
975,baseline,Motor,93100,400,1100,true,0
975,baseline,Stabilizer,98700,400,1200,true,0
976,baseline,Motor,93500,700,3300,true,0
976,baseline,Gripper,94000,600,3800,true,0
976,baseline,Stabilizer,157900,300,2100,true,0
976,baseline,,9760319600,319600,100,false,119600
977,baseline,,9770348600,348600,200,false,148600
977,baseline,Gripper,131400,900,1400,true,0
977,baseline,Motor,143200,500,1500,true,0
977,baseline,Stabilizer,153000,800,3100,true,0
978,baseline,Motor,73100,900,2300,true,0
978,baseline,Gripper,73700,500,2300,true,0
978,baseline,Stabilizer,84900,200,600,true,0
978,baseline,,9780505600,505600,200,false,305600
979,baseline,,9790354300,354300,100,false,154300
979,baseline,Stabilizer,234600,34300,600,true,0
979,baseline,Gripper,305500,18900,400,true,0
979,baseline,Motor,368800,19100,300,true,0
980,baseline,,9800464700,464700,100,false,264700
980,baseline,Gripper,172600,1100,1900,true,0
980,baseline,Stabilizer,174400,300,1600,true,0
980,baseline,Motor,184800,900,2800,true,0
981,baseline,,9810380300,380300,100,false,180300
981,baseline,Gripper,106600,700,1500,true,0
981,baseline,Motor,154900,700,2500,true,0
981,baseline,Stabilizer,156700,400,1600,true,0
982,baseline,,9820131900,131900,100,true,0
982,baseline,Gripper,39200,600,900,true,0
982,baseline,Motor,55100,500,2100,true,0
982,baseline,Stabilizer,65700,400,1700,true,0
983,baseline,Gripper,65000,900,3200,true,0
983,baseline,Motor,66600,500,2100,true,0
983,baseline,,9830462500,462500,200,false,262500
983,baseline,Stabilizer,75100,500,1900,true,0
984,baseline,Gripper,61600,800,2700,true,0
984,baseline,Motor,64600,300,1900,true,0
984,baseline,Stabilizer,68100,300,1700,true,0
984,baseline,,9840212300,212300,100,false,12300
985,baseline,Stabilizer,75300,1200,3600,true,0
985,baseline,Motor,75200,1200,3500,true,0
985,baseline,,9850422500,422500,100,false,222500
985,baseline,Gripper,77200,700,3700,true,0
986,baseline,,9860238600,238600,100,false,38600
986,baseline,Motor,149500,900,2300,true,0
986,baseline,Stabilizer,154400,600,1800,true,0
986,baseline,Gripper,284900,400,1500,true,0
987,baseline,,9870477300,477300,0,false,277300
987,baseline,Gripper,171100,600,2200,true,0
987,baseline,Motor,272500,400,1700,true,0
987,baseline,Stabilizer,272600,300,1600,true,0
988,baseline,,9880407500,407500,100,false,207500
988,baseline,Gripper,109800,500,1200,true,0
988,baseline,Stabilizer,159400,400,1200,true,0
988,baseline,Motor,244600,300,1400,true,0
989,baseline,,9890079400,79400,0,true,0
989,baseline,Gripper,123100,40600,300,true,0
989,baseline,Motor,235100,22600,300,true,0
989,baseline,Stabilizer,262900,16500,200,true,0
990,baseline,,9900533200,533200,100,false,333200
990,baseline,Gripper,136200,600,1800,true,0
990,baseline,Motor,184500,400,1100,true,0
990,baseline,Stabilizer,247500,300,1100,true,0
991,baseline,,9910384600,384600,100,false,184600
991,baseline,Gripper,80300,800,1100,true,0
991,baseline,Stabilizer,129000,400,1700,true,0
991,baseline,Motor,198600,400,1500,true,0
992,baseline,,9920273800,273800,100,false,73800
992,baseline,Gripper,145900,800,1600,true,0
992,baseline,Motor,152100,600,2400,true,0
992,baseline,Stabilizer,158400,200,800,true,0
993,baseline,,9930168700,168700,200,true,0
993,baseline,Gripper,104600,1000,1800,true,0
993,baseline,Motor,174600,700,2700,true,0
993,baseline,Stabilizer,228400,600,2300,true,0
994,baseline,,9940680500,680500,100,false,480500
994,baseline,Gripper,198500,1200,1800,true,0
994,baseline,Motor,219100,300,5000,true,0
994,baseline,Stabilizer,230600,300,1400,true,0
995,baseline,,9950530200,530200,100,false,330200
995,baseline,Gripper,192100,700,1900,true,0
995,baseline,Stabilizer,205000,100,1000,true,0
995,baseline,Motor,206200,600,2400,true,0
996,baseline,,9960299000,299000,200,false,99000
996,baseline,Gripper,768000,1100,2800,true,0
996,baseline,Motor,779100,200,900,true,0
996,baseline,Stabilizer,786400,200,1100,true,0
997,baseline,,9970294600,294600,0,false,94600
997,baseline,Gripper,117900,500,900,true,0
997,baseline,Stabilizer,127900,300,1300,true,0
997,baseline,Motor,150800,200,1200,true,0
998,baseline,,9980110500,110500,100,true,0
998,baseline,Motor,76600,500,1000,true,0
998,baseline,Gripper,177000,500,1900,true,0
998,baseline,Stabilizer,207400,300,1300,true,0
999,baseline,,9990132400,132400,100,true,0
999,baseline,Motor,237200,58300,400,true,0
999,baseline,Gripper,270600,78800,500,true,0
999,baseline,Stabilizer,286800,90300,300,true,0
1000,baseline,,10000416100,416100,100,false,216100
1000,baseline,Gripper,247000,900,2400,true,0
1000,baseline,Stabilizer,398800,600,1600,true,0
1000,baseline,Motor,414200,200,1300,true,0
